[
  {
    "address": "Q02",
    "area_no": "",
    "device": {
      "id": "8f7afe1a-c778-42d6-a83e-fc7afdf47ae0",
      "created_at": "2023-04-23T12:14:05.49267+08:00",
      "updated_at": "2023-08-12T10:50:33.110842+08:00",
      "online": true,
      "fictitious": 1,
      "mac": "e4:08:e7:0d:34:71",
      "name": "t22232454540",
      "type": 1,
      "server": "broker1",
      "version": "0.0.73",
      "online_at": "2023-08-12T10:50:33.103584+08:00",
      "disconnect_at": "2023-08-10T01:17:47.592362+08:00",
      "is_slave": true,
      "main": true,
      "node_id": "010f6859-e2fa-401c-a37e-da5b35a4daab",
      "node": null
    },
    "id": "b5ba92bd-053d-487e-bddd-188f6d00bd9b",
    "manager_order": null,
    "name": "t11991947403",
    "pay_rule": {
      "deposit": 20000,
      "low_money": 0,
      "per_money": 3000,
      "per_time": 60,
      "prepaid": 2000,
      "time": "00:00-12:00",
      "unit": 1
    },
    "pay_rules": [
      {
        "deposit": 20000,
        "low_money": 0,
        "per_money": 3000,
        "per_time": 60,
        "prepaid": 2000,
        "time": "00:00-12:00",
        "unit": 1
      },
      {
        "deposit": 20000,
        "low_money": 0,
        "per_money": 4000,
        "per_time": 60,
        "prepaid": 2000,
        "time": "12:00-24:00",
        "unit": 1
      }
    ],
    "queue_order": null,
    "reserve_order": null,
    "slave": {
      "id": "00000000-0000-0000-0000-000000000000",
      "created_at": "0001-01-01T00:00:00Z",
      "updated_at": "0001-01-01T00:00:00Z",
      "online": false,
      "fictitious": 0,
      "mac": "",
      "name": "",
      "type": 0,
      "server": "",
      "version": "",
      "online_at": "0001-01-01T00:00:00Z",
      "disconnect_at": "0001-01-01T00:00:00Z",
      "is_slave": false,
      "main": false,
      "node_id": "",
      "node": null
    },
    "status": 1,
    "sub_type": "",
    "table_order": null,
    "type": 3,
    "node_name": "深圳新锦安店",
    "address_name": "宝安区新安街道新锦安雅园三期D栋D4栋二层57"
  },
  {
    "address": "Q01",
    "area_no": "",
    "device": {
      "id": "8f7afe1a-c778-42d6-a83e-fc7afdf47ae0",
      "created_at": "2023-04-23T12:14:05.49267+08:00",
      "updated_at": "2023-08-12T10:50:33.110842+08:00",
      "online": true,
      "fictitious": 1,
      "mac": "e4:08:e7:0d:34:71",
      "name": "t22232454540",
      "type": 1,
      "server": "broker1",
      "version": "0.0.73",
      "online_at": "2023-08-12T10:50:33.103584+08:00",
      "disconnect_at": "2023-08-10T01:17:47.592362+08:00",
      "is_slave": true,
      "main": true,
      "node_id": "010f6859-e2fa-401c-a37e-da5b35a4daab",
      "node": null
    },
    "id": "3b783431-705b-459b-b72c-febdc01e7d8e",
    "manager_order": null,
    "name": "t11991711660",
    "pay_rule": {
      "deposit": 20000,
      "low_money": 0,
      "per_money": 3000,
      "per_time": 60,
      "prepaid": 2000,
      "time": "00:00-12:00",
      "unit": 1
    },
    "pay_rules": [
      {
        "deposit": 20000,
        "low_money": 0,
        "per_money": 3000,
        "per_time": 60,
        "prepaid": 2000,
        "time": "00:00-12:00",
        "unit": 1
      },
      {
        "deposit": 20000,
        "low_money": 0,
        "per_money": 4000,
        "per_time": 60,
        "prepaid": 2000,
        "time": "12:00-24:00",
        "unit": 1
      }
    ],
    "queue_order": null,
    "reserve_order": null,
    "slave": {
      "id": "00000000-0000-0000-0000-000000000000",
      "created_at": "0001-01-01T00:00:00Z",
      "updated_at": "0001-01-01T00:00:00Z",
      "online": false,
      "fictitious": 0,
      "mac": "",
      "name": "",
      "type": 0,
      "server": "",
      "version": "",
      "online_at": "0001-01-01T00:00:00Z",
      "disconnect_at": "0001-01-01T00:00:00Z",
      "is_slave": false,
      "main": false,
      "node_id": "",
      "node": null
    },
    "status": 2,
    "sub_type": "",
    "table_order": {
      "id": "b05b324a-be07-4114-9ad2-efcf30ae7c6b",
      "created_at": "2023-08-13T22:24:59.661906+08:00",
      "updated_at": "2023-08-13T22:24:59.671364+08:00",
      "display_id": "23081366996686676768",
      "info": {
        "site_name": "深圳新锦安店",
        "site_phone": "19147755022",
        "table_name": "t11991711660",
        "table_type": 3,
        "table_address": "Q01",
        "user_nickname": "这么大岁数",
        "balance_deposit": 0,
        "user_avatar_url": "https://table-file.xironiot.com/avatar/1686395220503122869_tmp_5bec823d1a846c7be91caa72f384f282.jpg"
      },
      "status": 1,
      "start_at": "2023-08-13T22:24:59.497348+08:00",
      "end_at": "2023-08-14T08:04:59.497348+08:00",
      "pay_way": "wechat",
      "phone": "18374739375",
      "node_id": "010f6859-e2fa-401c-a37e-da5b35a4daab",
      "node": null,
      "member_id": "09f9513d-90ec-47ad-84c3-406bb02f3d57",
      "member": null,
      "social_user_id": "37b0d4de-1349-4d13-9290-56e833c9f6a3",
      "social_user": {
        "id": "37b0d4de-1349-4d13-9290-56e833c9f6a3",
        "created_at": "2023-06-09T18:06:34.998553+08:00",
        "updated_at": "2023-08-13T22:10:12.123974+08:00",
        "follow": true,
        "avatar_url": "https://table-file.xironiot.com/avatar/1686395220503122869_tmp_5bec823d1a846c7be91caa72f384f282.jpg",
        "nickname": "这么大岁数",
        "phone": "18374739375",
        "balance": 0,
        "coupon_count": 0,
        "forbid": false
      },
      "type": 2,
      "used_time": 100,
      "money": 0,
      "old_money": 0,
      "payed": 20000,
      "deposit": 20000,
      "behalf_pay": false,
      "coupon_money": 0,
      "balance_money": 0,
      "refund_balance": 0,
      "recharge_money": 0,
      "refund_money": 20000,
      "return_money": 0,
      "regular_time": null,
      "pay_rules": [
        {
          "id": "45899ea1-3b92-493b-9f81-2ff46399739d",
          "node": null,
          "time": "00:00-12:00",
          "unit": 1,
          "deposit": 20000,
          "node_id": "010f6859-e2fa-401c-a37e-da5b35a4daab",
          "prepaid": 2000,
          "per_time": 60,
          "low_money": 0,
          "per_money": 3000,
          "created_at": "2023-06-17T17:59:57.377014+08:00",
          "updated_at": "2023-06-17T18:16:30.999184+08:00"
        },
        {
          "id": "3a9f3a3f-a49f-4e7d-959f-cb6fa72cef1d",
          "node": null,
          "time": "12:00-24:00",
          "unit": 1,
          "deposit": 20000,
          "node_id": "010f6859-e2fa-401c-a37e-da5b35a4daab",
          "prepaid": 2000,
          "per_time": 60,
          "low_money": 0,
          "per_money": 4000,
          "created_at": "2023-06-17T18:01:09.302953+08:00",
          "updated_at": "2023-06-17T18:01:30.196218+08:00"
        }
      ],
      "table_type": 3,
      "table_id": "3b783431-705b-459b-b72c-febdc01e7d8e",
      "table": null,
      "reserve_order_id": null,
      "reserver_order": null,
      "coupon_id": "126f01c9-8137-4d15-a614-a2396dedb571",
      "coupon": {
        "id": "126f01c9-8137-4d15-a614-a2396dedb571",
        "created_at": "2023-08-13T22:24:43.315404+08:00",
        "updated_at": "2023-08-13T22:24:59.658286+08:00",
        "name": "866319593",
        "status": 3,
        "type": 1,
        "sub_types": [],
        "use_type": 4,
        "money": 0,
        "sale_money": 0,
        "time": 180,
        "deposit": true,
        "deduction_deposit": true,
        "valid_day": 30,
        "expired_at": "2023-09-12T22:24:43.19863+08:00",
        "start_at": "2023-07-31T00:00:00+08:00",
        "end_at": "2024-01-01T00:00:00+08:00",
        "remark": "",
        "exchange_id": "866319593",
        "exchange_type": "美团",
        "use_time": "",
        "way": 1,
        "use_at": "2023-08-13T22:24:59.497348+08:00",
        "use_site_name": "深圳新锦安店",
        "suit_site": "新锦安店",
        "coupon_package_id": "9b5bef27-ac3c-4f98-a6e5-10ac5715dbd9",
        "coupon_order_id": "7154b968-f388-4eb8-86fe-06555af2fe50"
      },
      "queue_order_id": null,
      "queue_order": null,
      "behalfer_id": null,
      "behalfer": null,
      "balances": null,
      "pay_rule": {
        "deposit": 20000,
        "low_money": 0,
        "per_money": 3000,
        "per_time": 60,
        "prepaid": 2000,
        "time": "00:00-12:00",
        "unit": 1
      }
    },
    "type": 3,
    "node_name": "深圳新锦安店",
    "address_name": "宝安区新安街道新锦安雅园三期D栋D4栋二层57"
  },
  {
    "address": "A03",
    "area_no": "",
    "device": {
      "id": "8f7afe1a-c778-42d6-a83e-fc7afdf47ae0",
      "created_at": "2023-04-23T12:14:05.49267+08:00",
      "updated_at": "2023-08-12T10:50:33.110842+08:00",
      "online": true,
      "fictitious": 1,
      "mac": "e4:08:e7:0d:34:71",
      "name": "t22232454540",
      "type": 1,
      "server": "broker1",
      "version": "0.0.73",
      "online_at": "2023-08-12T10:50:33.103584+08:00",
      "disconnect_at": "2023-08-10T01:17:47.592362+08:00",
      "is_slave": true,
      "main": true,
      "node_id": "010f6859-e2fa-401c-a37e-da5b35a4daab",
      "node": null
    },
    "id": "7ad32dd2-0e51-440c-b62b-4238ba091fcb",
    "manager_order": null,
    "name": "t11990927122",
    "pay_rule": {
      "deposit": 15000,
      "low_money": 0,
      "per_money": 3500,
      "per_time": 60,
      "prepaid": 2000,
      "time": "00:00-12:00",
      "unit": 1
    },
    "pay_rules": [
      {
        "deposit": 15000,
        "low_money": 0,
        "per_money": 3500,
        "per_time": 60,
        "prepaid": 2000,
        "time": "00:00-12:00",
        "unit": 1
      },
      {
        "deposit": 15000,
        "low_money": 0,
        "per_money": 4500,
        "per_time": 60,
        "prepaid": 2000,
        "time": "12:00-24:00",
        "unit": 1
      }
    ],
    "queue_order": null,
    "reserve_order": null,
    "slave": {
      "id": "00000000-0000-0000-0000-000000000000",
      "created_at": "0001-01-01T00:00:00Z",
      "updated_at": "0001-01-01T00:00:00Z",
      "online": false,
      "fictitious": 0,
      "mac": "",
      "name": "",
      "type": 0,
      "server": "",
      "version": "",
      "online_at": "0001-01-01T00:00:00Z",
      "disconnect_at": "0001-01-01T00:00:00Z",
      "is_slave": false,
      "main": false,
      "node_id": "",
      "node": null
    },
    "status": 1,
    "sub_type": "",
    "table_order": null,
    "type": 1,
    "node_name": "深圳新锦安店",
    "address_name": "宝安区新安街道新锦安雅园三期D栋D4栋二层57"
  },
  {
    "address": "A05",
    "area_no": "",
    "device": {
      "id": "8f7afe1a-c778-42d6-a83e-fc7afdf47ae0",
      "created_at": "2023-04-23T12:14:05.49267+08:00",
      "updated_at": "2023-08-12T10:50:33.110842+08:00",
      "online": true,
      "fictitious": 1,
      "mac": "e4:08:e7:0d:34:71",
      "name": "t22232454540",
      "type": 1,
      "server": "broker1",
      "version": "0.0.73",
      "online_at": "2023-08-12T10:50:33.103584+08:00",
      "disconnect_at": "2023-08-10T01:17:47.592362+08:00",
      "is_slave": true,
      "main": true,
      "node_id": "010f6859-e2fa-401c-a37e-da5b35a4daab",
      "node": null
    },
    "id": "395f81ed-be29-426e-b08b-648f664dcc16",
    "manager_order": null,
    "name": "t11991491752",
    "pay_rule": {
      "deposit": 15000,
      "low_money": 0,
      "per_money": 3500,
      "per_time": 60,
      "prepaid": 2000,
      "time": "00:00-12:00",
      "unit": 1
    },
    "pay_rules": [
      {
        "deposit": 15000,
        "low_money": 0,
        "per_money": 3500,
        "per_time": 60,
        "prepaid": 2000,
        "time": "00:00-12:00",
        "unit": 1
      },
      {
        "deposit": 15000,
        "low_money": 0,
        "per_money": 4500,
        "per_time": 60,
        "prepaid": 2000,
        "time": "12:00-24:00",
        "unit": 1
      }
    ],
    "queue_order": null,
    "reserve_order": null,
    "slave": {
      "id": "00000000-0000-0000-0000-000000000000",
      "created_at": "0001-01-01T00:00:00Z",
      "updated_at": "0001-01-01T00:00:00Z",
      "online": false,
      "fictitious": 0,
      "mac": "",
      "name": "",
      "type": 0,
      "server": "",
      "version": "",
      "online_at": "0001-01-01T00:00:00Z",
      "disconnect_at": "0001-01-01T00:00:00Z",
      "is_slave": false,
      "main": false,
      "node_id": "",
      "node": null
    },
    "status": 2,
    "sub_type": "",
    "table_order": {
      "id": "556ae3fa-3386-4853-ad6e-a5b6563d17f7",
      "created_at": "2023-08-13T23:28:29.910352+08:00",
      "updated_at": "2023-08-13T23:28:29.914638+08:00",
      "display_id": "23081305099192435759",
      "info": {
        "site_name": "深圳新锦安店",
        "site_phone": "19147755022",
        "table_name": "t11991491752",
        "table_type": 1,
        "table_address": "A05",
        "user_nickname": "（             ",
        "balance_deposit": 0,
        "user_avatar_url": "https://table-file.xironiot.com/avatar/1690639980075071737_tmp_4be646a4645c0e78ac1e1b5ab0e06d41c5d94203b26b205c.jpg"
      },
      "status": 1,
      "start_at": "2023-08-13T23:28:29.768382+08:00",
      "end_at": "2023-08-14T04:45:29.768382+08:00",
      "pay_way": "wechat",
      "phone": "13510062162",
      "node_id": "010f6859-e2fa-401c-a37e-da5b35a4daab",
      "node": null,
      "member_id": "9b7daecd-f9bc-4a69-acb0-57d730e26438",
      "member": null,
      "social_user_id": "1382f275-3971-4c91-9942-4f738c919f1b",
      "social_user": {
        "id": "1382f275-3971-4c91-9942-4f738c919f1b",
        "created_at": "2023-07-29T19:53:19.449672+08:00",
        "updated_at": "2023-08-13T23:05:41.828575+08:00",
        "follow": true,
        "avatar_url": "https://table-file.xironiot.com/avatar/1690639980075071737_tmp_4be646a4645c0e78ac1e1b5ab0e06d41c5d94203b26b205c.jpg",
        "nickname": "（             ",
        "phone": "13510062162",
        "balance": 0,
        "coupon_count": 0,
        "forbid": false
      },
      "type": 1,
      "used_time": 36,
      "money": 0,
      "old_money": 0,
      "payed": 15000,
      "deposit": 15000,
      "behalf_pay": false,
      "coupon_money": 0,
      "balance_money": 0,
      "refund_balance": 0,
      "recharge_money": 0,
      "refund_money": 15000,
      "return_money": 0,
      "regular_time": null,
      "pay_rules": [
        {
          "id": "7fc9a7fb-cb4f-4753-aaf4-458a51f90b33",
          "node": null,
          "time": "00:00-12:00",
          "unit": 1,
          "deposit": 15000,
          "node_id": "010f6859-e2fa-401c-a37e-da5b35a4daab",
          "prepaid": 2000,
          "per_time": 60,
          "low_money": 0,
          "per_money": 3500,
          "created_at": "2023-06-17T18:20:07.95836+08:00",
          "updated_at": "2023-06-17T18:23:15.925754+08:00"
        },
        {
          "id": "388354dc-a6a6-4b35-8dc3-8105e46d657b",
          "node": null,
          "time": "12:00-24:00",
          "unit": 1,
          "deposit": 15000,
          "node_id": "010f6859-e2fa-401c-a37e-da5b35a4daab",
          "prepaid": 2000,
          "per_time": 60,
          "low_money": 0,
          "per_money": 4500,
          "created_at": "2023-06-17T18:20:42.949047+08:00",
          "updated_at": "2023-06-17T18:23:08.210646+08:00"
        }
      ],
      "table_type": 1,
      "table_id": "395f81ed-be29-426e-b08b-648f664dcc16",
      "table": null,
      "reserve_order_id": null,
      "reserver_order": null,
      "coupon_id": "cfd4ee44-e275-48ca-b05a-e08dbd3c8014",
      "coupon": {
        "id": "cfd4ee44-e275-48ca-b05a-e08dbd3c8014",
        "created_at": "2023-08-13T23:28:00.684884+08:00",
        "updated_at": "2023-08-13T23:28:29.907698+08:00",
        "name": "866587935",
        "status": 3,
        "type": 1,
        "sub_types": [],
        "use_type": 2,
        "money": 0,
        "sale_money": 0,
        "time": 60,
        "deposit": true,
        "deduction_deposit": true,
        "valid_day": 30,
        "expired_at": "2023-09-12T23:28:00.563551+08:00",
        "start_at": "2023-07-31T00:00:00+08:00",
        "end_at": "2024-01-01T00:00:00+08:00",
        "remark": "",
        "exchange_id": "866587935",
        "exchange_type": "美团",
        "use_time": "",
        "way": 1,
        "use_at": "2023-08-13T23:28:29.768382+08:00",
        "use_site_name": "深圳新锦安店",
        "suit_site": "新锦安店",
        "coupon_package_id": "74c336b2-c261-493b-8b65-3a9c2a0abfbc",
        "coupon_order_id": "7facbc18-f4b0-472e-a256-c5b7379d4d43"
      },
      "queue_order_id": null,
      "queue_order": null,
      "behalfer_id": null,
      "behalfer": null,
      "balances": null,
      "pay_rule": {
        "deposit": 15000,
        "low_money": 0,
        "per_money": 3500,
        "per_time": 60,
        "prepaid": 2000,
        "time": "00:00-12:00",
        "unit": 1
      }
    },
    "type": 1,
    "node_name": "深圳新锦安店",
    "address_name": "宝安区新安街道新锦安雅园三期D栋D4栋二层57"
  },
  {
    "address": "A02",
    "area_no": "",
    "device": {
      "id": "8f7afe1a-c778-42d6-a83e-fc7afdf47ae0",
      "created_at": "2023-04-23T12:14:05.49267+08:00",
      "updated_at": "2023-08-12T10:50:33.110842+08:00",
      "online": true,
      "fictitious": 1,
      "mac": "e4:08:e7:0d:34:71",
      "name": "t22232454540",
      "type": 1,
      "server": "broker1",
      "version": "0.0.73",
      "online_at": "2023-08-12T10:50:33.103584+08:00",
      "disconnect_at": "2023-08-10T01:17:47.592362+08:00",
      "is_slave": true,
      "main": true,
      "node_id": "010f6859-e2fa-401c-a37e-da5b35a4daab",
      "node": null
    },
    "id": "2fb3e5e0-5cb6-4704-a205-f737b963f016",
    "manager_order": null,
    "name": "t11990784254",
    "pay_rule": {
      "deposit": 15000,
      "low_money": 0,
      "per_money": 3500,
      "per_time": 60,
      "prepaid": 2000,
      "time": "00:00-12:00",
      "unit": 1
    },
    "pay_rules": [
      {
        "deposit": 15000,
        "low_money": 0,
        "per_money": 3500,
        "per_time": 60,
        "prepaid": 2000,
        "time": "00:00-12:00",
        "unit": 1
      },
      {
        "deposit": 15000,
        "low_money": 0,
        "per_money": 4500,
        "per_time": 60,
        "prepaid": 2000,
        "time": "12:00-24:00",
        "unit": 1
      }
    ],
    "queue_order": null,
    "reserve_order": null,
    "slave": {
      "id": "00000000-0000-0000-0000-000000000000",
      "created_at": "0001-01-01T00:00:00Z",
      "updated_at": "0001-01-01T00:00:00Z",
      "online": false,
      "fictitious": 0,
      "mac": "",
      "name": "",
      "type": 0,
      "server": "",
      "version": "",
      "online_at": "0001-01-01T00:00:00Z",
      "disconnect_at": "0001-01-01T00:00:00Z",
      "is_slave": false,
      "main": false,
      "node_id": "",
      "node": null
    },
    "status": 1,
    "sub_type": "",
    "table_order": null,
    "type": 1,
    "node_name": "深圳新锦安店",
    "address_name": "宝安区新安街道新锦安雅园三期D栋D4栋二层57"
  },
  {
    "address": "A01",
    "area_no": "",
    "device": {
      "id": "8f7afe1a-c778-42d6-a83e-fc7afdf47ae0",
      "created_at": "2023-04-23T12:14:05.49267+08:00",
      "updated_at": "2023-08-12T10:50:33.110842+08:00",
      "online": true,
      "fictitious": 1,
      "mac": "e4:08:e7:0d:34:71",
      "name": "t22232454540",
      "type": 1,
      "server": "broker1",
      "version": "0.0.73",
      "online_at": "2023-08-12T10:50:33.103584+08:00",
      "disconnect_at": "2023-08-10T01:17:47.592362+08:00",
      "is_slave": true,
      "main": true,
      "node_id": "010f6859-e2fa-401c-a37e-da5b35a4daab",
      "node": null
    },
    "id": "f127289c-a787-4f6e-80ff-a78087111755",
    "manager_order": null,
    "name": "t11990215588",
    "pay_rule": {
      "deposit": 15000,
      "low_money": 0,
      "per_money": 3500,
      "per_time": 60,
      "prepaid": 2000,
      "time": "00:00-12:00",
      "unit": 1
    },
    "pay_rules": [
      {
        "deposit": 15000,
        "low_money": 0,
        "per_money": 3500,
        "per_time": 60,
        "prepaid": 2000,
        "time": "00:00-12:00",
        "unit": 1
      },
      {
        "deposit": 15000,
        "low_money": 0,
        "per_money": 4500,
        "per_time": 60,
        "prepaid": 2000,
        "time": "12:00-24:00",
        "unit": 1
      }
    ],
    "queue_order": null,
    "reserve_order": null,
    "slave": {
      "id": "00000000-0000-0000-0000-000000000000",
      "created_at": "0001-01-01T00:00:00Z",
      "updated_at": "0001-01-01T00:00:00Z",
      "online": false,
      "fictitious": 0,
      "mac": "",
      "name": "",
      "type": 0,
      "server": "",
      "version": "",
      "online_at": "0001-01-01T00:00:00Z",
      "disconnect_at": "0001-01-01T00:00:00Z",
      "is_slave": false,
      "main": false,
      "node_id": "",
      "node": null
    },
    "status": 2,
    "sub_type": "",
    "table_order": {
      "id": "78c3659f-04bb-4c45-bb16-817b8454c440",
      "created_at": "2023-08-13T22:51:45.709659+08:00",
      "updated_at": "2023-08-13T22:51:45.714216+08:00",
      "display_id": "23081383057024978727",
      "info": {
        "site_name": "深圳新锦安店",
        "site_phone": "19147755022",
        "table_name": "t11990215588",
        "table_type": 1,
        "table_address": "A01",
        "user_nickname": "月公子",
        "balance_deposit": 0,
        "user_avatar_url": "https://table-file.xironiot.com/avatar/1689518420043791710_tmp_16eb0738982129bd542137ac050f59ea.jpg"
      },
      "status": 1,
      "start_at": "2023-08-13T22:51:45.5654+08:00",
      "end_at": "2023-08-14T05:08:45.5654+08:00",
      "pay_way": "wechat",
      "phone": "15766335208",
      "node_id": "010f6859-e2fa-401c-a37e-da5b35a4daab",
      "node": null,
      "member_id": "cf121ef1-8930-42f9-9241-9d6838340d5a",
      "member": null,
      "social_user_id": "8f71a261-8e77-4a21-8b30-78543ed07f0f",
      "social_user": {
        "id": "8f71a261-8e77-4a21-8b30-78543ed07f0f",
        "created_at": "2023-07-13T20:18:54.679893+08:00",
        "updated_at": "2023-08-13T23:30:22.540655+08:00",
        "follow": true,
        "avatar_url": "https://table-file.xironiot.com/avatar/1689518420043791710_tmp_16eb0738982129bd542137ac050f59ea.jpg",
        "nickname": "月公子",
        "phone": "15766335208",
        "balance": 0,
        "coupon_count": 0,
        "forbid": false
      },
      "type": 1,
      "used_time": 73,
      "money": 0,
      "old_money": 0,
      "payed": 15000,
      "deposit": 15000,
      "behalf_pay": false,
      "coupon_money": 0,
      "balance_money": 0,
      "refund_balance": 0,
      "recharge_money": 0,
      "refund_money": 15000,
      "return_money": 0,
      "regular_time": null,
      "pay_rules": [
        {
          "id": "7fc9a7fb-cb4f-4753-aaf4-458a51f90b33",
          "node": null,
          "time": "00:00-12:00",
          "unit": 1,
          "deposit": 15000,
          "node_id": "010f6859-e2fa-401c-a37e-da5b35a4daab",
          "prepaid": 2000,
          "per_time": 60,
          "low_money": 0,
          "per_money": 3500,
          "created_at": "2023-06-17T18:20:07.95836+08:00",
          "updated_at": "2023-06-17T18:23:15.925754+08:00"
        },
        {
          "id": "388354dc-a6a6-4b35-8dc3-8105e46d657b",
          "node": null,
          "time": "12:00-24:00",
          "unit": 1,
          "deposit": 15000,
          "node_id": "010f6859-e2fa-401c-a37e-da5b35a4daab",
          "prepaid": 2000,
          "per_time": 60,
          "low_money": 0,
          "per_money": 4500,
          "created_at": "2023-06-17T18:20:42.949047+08:00",
          "updated_at": "2023-06-17T18:23:08.210646+08:00"
        }
      ],
      "table_type": 1,
      "table_id": "f127289c-a787-4f6e-80ff-a78087111755",
      "table": null,
      "reserve_order_id": null,
      "reserver_order": null,
      "coupon_id": "6f2dca08-63f8-4c65-856f-63bdccb9f9c6",
      "coupon": {
        "id": "6f2dca08-63f8-4c65-856f-63bdccb9f9c6",
        "created_at": "2023-08-13T22:46:27.129317+08:00",
        "updated_at": "2023-08-13T22:51:45.706811+08:00",
        "name": "866317557",
        "status": 3,
        "type": 1,
        "sub_types": [],
        "use_type": 2,
        "money": 0,
        "sale_money": 0,
        "time": 120,
        "deposit": true,
        "deduction_deposit": true,
        "valid_day": 30,
        "expired_at": "2023-09-12T22:46:27.001394+08:00",
        "start_at": "2023-07-31T00:00:00+08:00",
        "end_at": "2024-01-01T00:00:00+08:00",
        "remark": "",
        "exchange_id": "866317557",
        "exchange_type": "美团",
        "use_time": "",
        "way": 1,
        "use_at": "2023-08-13T22:51:45.5654+08:00",
        "use_site_name": "深圳新锦安店",
        "suit_site": "新锦安店",
        "coupon_package_id": "b0445e34-259b-42a8-880e-122f3f7b6ca5",
        "coupon_order_id": "023f3c59-e5fc-448e-b3e2-43250ebeb461"
      },
      "queue_order_id": null,
      "queue_order": null,
      "behalfer_id": null,
      "behalfer": null,
      "balances": null,
      "pay_rule": {
        "deposit": 15000,
        "low_money": 0,
        "per_money": 3500,
        "per_time": 60,
        "prepaid": 2000,
        "time": "00:00-12:00",
        "unit": 1
      }
    },
    "type": 1,
    "node_name": "深圳新锦安店",
    "address_name": "宝安区新安街道新锦安雅园三期D栋D4栋二层57"
  },
  {
    "address": "A04",
    "area_no": "",
    "device": {
      "id": "8f7afe1a-c778-42d6-a83e-fc7afdf47ae0",
      "created_at": "2023-04-23T12:14:05.49267+08:00",
      "updated_at": "2023-08-12T10:50:33.110842+08:00",
      "online": true,
      "fictitious": 1,
      "mac": "e4:08:e7:0d:34:71",
      "name": "t22232454540",
      "type": 1,
      "server": "broker1",
      "version": "0.0.73",
      "online_at": "2023-08-12T10:50:33.103584+08:00",
      "disconnect_at": "2023-08-10T01:17:47.592362+08:00",
      "is_slave": true,
      "main": true,
      "node_id": "010f6859-e2fa-401c-a37e-da5b35a4daab",
      "node": null
    },
    "id": "7a5e21c1-5914-434b-a9e9-cc376eed032d",
    "manager_order": null,
    "name": "t11991024972",
    "pay_rule": {
      "deposit": 15000,
      "low_money": 0,
      "per_money": 3500,
      "per_time": 60,
      "prepaid": 2000,
      "time": "00:00-12:00",
      "unit": 1
    },
    "pay_rules": [
      {
        "deposit": 15000,
        "low_money": 0,
        "per_money": 3500,
        "per_time": 60,
        "prepaid": 2000,
        "time": "00:00-12:00",
        "unit": 1
      },
      {
        "deposit": 15000,
        "low_money": 0,
        "per_money": 4500,
        "per_time": 60,
        "prepaid": 2000,
        "time": "12:00-24:00",
        "unit": 1
      }
    ],
    "queue_order": null,
    "reserve_order": null,
    "slave": {
      "id": "00000000-0000-0000-0000-000000000000",
      "created_at": "0001-01-01T00:00:00Z",
      "updated_at": "0001-01-01T00:00:00Z",
      "online": false,
      "fictitious": 0,
      "mac": "",
      "name": "",
      "type": 0,
      "server": "",
      "version": "",
      "online_at": "0001-01-01T00:00:00Z",
      "disconnect_at": "0001-01-01T00:00:00Z",
      "is_slave": false,
      "main": false,
      "node_id": "",
      "node": null
    },
    "status": 2,
    "sub_type": "",
    "table_order": {
      "id": "3ca61794-206e-4129-a0b0-56d3e6daff81",
      "created_at": "2023-08-13T23:24:48.95152+08:00",
      "updated_at": "2023-08-13T23:24:48.95599+08:00",
      "display_id": "23081302889544647099",
      "info": {
        "site_name": "深圳新锦安店",
        "site_phone": "19147755022",
        "table_name": "t11991024972",
        "table_type": 1,
        "table_address": "A04",
        "user_nickname": "",
        "balance_deposit": 0,
        "user_avatar_url": ""
      },
      "status": 1,
      "start_at": "2023-08-13T23:24:48.805602+08:00",
      "end_at": "2023-08-14T04:41:48.805602+08:00",
      "pay_way": "wechat",
      "phone": "15018481453",
      "node_id": "010f6859-e2fa-401c-a37e-da5b35a4daab",
      "node": null,
      "member_id": "f2ebe18f-5c0d-48f3-8347-24f4f119faf8",
      "member": null,
      "social_user_id": "f5eaf24f-50f7-4a5f-a72f-a14fa8bab8bd",
      "social_user": {
        "id": "f5eaf24f-50f7-4a5f-a72f-a14fa8bab8bd",
        "created_at": "2023-08-13T23:12:51.923035+08:00",
        "updated_at": "2023-08-13T23:23:03.712559+08:00",
        "follow": true,
        "avatar_url": "",
        "nickname": "",
        "phone": "15018481453",
        "balance": 0,
        "coupon_count": 0,
        "forbid": false
      },
      "type": 1,
      "used_time": 40,
      "money": 0,
      "old_money": 0,
      "payed": 15000,
      "deposit": 15000,
      "behalf_pay": false,
      "coupon_money": 0,
      "balance_money": 0,
      "refund_balance": 0,
      "recharge_money": 0,
      "refund_money": 15000,
      "return_money": 0,
      "regular_time": null,
      "pay_rules": [
        {
          "id": "7fc9a7fb-cb4f-4753-aaf4-458a51f90b33",
          "node": null,
          "time": "00:00-12:00",
          "unit": 1,
          "deposit": 15000,
          "node_id": "010f6859-e2fa-401c-a37e-da5b35a4daab",
          "prepaid": 2000,
          "per_time": 60,
          "low_money": 0,
          "per_money": 3500,
          "created_at": "2023-06-17T18:20:07.95836+08:00",
          "updated_at": "2023-06-17T18:23:15.925754+08:00"
        },
        {
          "id": "388354dc-a6a6-4b35-8dc3-8105e46d657b",
          "node": null,
          "time": "12:00-24:00",
          "unit": 1,
          "deposit": 15000,
          "node_id": "010f6859-e2fa-401c-a37e-da5b35a4daab",
          "prepaid": 2000,
          "per_time": 60,
          "low_money": 0,
          "per_money": 4500,
          "created_at": "2023-06-17T18:20:42.949047+08:00",
          "updated_at": "2023-06-17T18:23:08.210646+08:00"
        }
      ],
      "table_type": 1,
      "table_id": "7a5e21c1-5914-434b-a9e9-cc376eed032d",
      "table": null,
      "reserve_order_id": null,
      "reserver_order": null,
      "coupon_id": "b143ab96-6625-4eac-8009-655f808d1813",
      "coupon": {
        "id": "b143ab96-6625-4eac-8009-655f808d1813",
        "created_at": "2023-08-13T23:22:38.158383+08:00",
        "updated_at": "2023-08-13T23:24:48.948707+08:00",
        "name": "【小铁台球】14.9元一小时体验券",
        "status": 3,
        "type": 1,
        "sub_types": [],
        "use_type": 2,
        "money": 0,
        "sale_money": 0,
        "time": 60,
        "deposit": true,
        "deduction_deposit": true,
        "valid_day": 30,
        "expired_at": "2023-09-12T23:22:38.042901+08:00",
        "start_at": "2023-07-31T00:00:00+08:00",
        "end_at": "2024-01-01T00:00:00+08:00",
        "remark": "",
        "exchange_id": "1764230170712067",
        "exchange_type": "抖音",
        "use_time": "",
        "way": 1,
        "use_at": "2023-08-13T23:24:48.805602+08:00",
        "use_site_name": "深圳新锦安店",
        "suit_site": "新锦安店",
        "coupon_package_id": "07931e12-720a-4655-bdb0-3f60a7be5dab",
        "coupon_order_id": "f82c24e1-5e2a-4723-8b76-accdd407b818"
      },
      "queue_order_id": null,
      "queue_order": null,
      "behalfer_id": null,
      "behalfer": null,
      "balances": null,
      "pay_rule": {
        "deposit": 15000,
        "low_money": 0,
        "per_money": 3500,
        "per_time": 60,
        "prepaid": 2000,
        "time": "00:00-12:00",
        "unit": 1
      }
    },
    "type": 1,
    "node_name": "深圳新锦安店",
    "address_name": "宝安区新安街道新锦安雅园三期D栋D4栋二层57"
  },
  {
    "address": "V01",
    "area_no": "",
    "device": {
      "id": "8f7afe1a-c778-42d6-a83e-fc7afdf47ae0",
      "created_at": "2023-04-23T12:14:05.49267+08:00",
      "updated_at": "2023-08-12T10:50:33.110842+08:00",
      "online": true,
      "fictitious": 1,
      "mac": "e4:08:e7:0d:34:71",
      "name": "t22232454540",
      "type": 1,
      "server": "broker1",
      "version": "0.0.73",
      "online_at": "2023-08-12T10:50:33.103584+08:00",
      "disconnect_at": "2023-08-10T01:17:47.592362+08:00",
      "is_slave": true,
      "main": true,
      "node_id": "010f6859-e2fa-401c-a37e-da5b35a4daab",
      "node": null
    },
    "id": "14d02c0a-8f95-4b23-998d-e145d5082bef",
    "manager_order": null,
    "name": "t11992941021",
    "pay_rule": {
      "deposit": 20000,
      "low_money": 0,
      "per_money": 5000,
      "per_time": 60,
      "prepaid": 2000,
      "time": "00:00-12:00",
      "unit": 1
    },
    "pay_rules": [
      {
        "deposit": 20000,
        "low_money": 0,
        "per_money": 5000,
        "per_time": 60,
        "prepaid": 2000,
        "time": "00:00-12:00",
        "unit": 1
      },
      {
        "deposit": 20000,
        "low_money": 0,
        "per_money": 6800,
        "per_time": 60,
        "prepaid": 2000,
        "time": "12:00-24:00",
        "unit": 1
      }
    ],
    "queue_order": null,
    "reserve_order": null,
    "slave": {
      "id": "00000000-0000-0000-0000-000000000000",
      "created_at": "0001-01-01T00:00:00Z",
      "updated_at": "0001-01-01T00:00:00Z",
      "online": false,
      "fictitious": 0,
      "mac": "",
      "name": "",
      "type": 0,
      "server": "",
      "version": "",
      "online_at": "0001-01-01T00:00:00Z",
      "disconnect_at": "0001-01-01T00:00:00Z",
      "is_slave": false,
      "main": false,
      "node_id": "",
      "node": null
    },
    "status": 1,
    "sub_type": "",
    "table_order": null,
    "type": 4,
    "node_name": "深圳新锦安店",
    "address_name": "宝安区新安街道新锦安雅园三期D栋D4栋二层57"
  },
  {
    "address": "A06",
    "area_no": "",
    "device": {
      "id": "8f7afe1a-c778-42d6-a83e-fc7afdf47ae0",
      "created_at": "2023-04-23T12:14:05.49267+08:00",
      "updated_at": "2023-08-12T10:50:33.110842+08:00",
      "online": true,
      "fictitious": 1,
      "mac": "e4:08:e7:0d:34:71",
      "name": "t22232454540",
      "type": 1,
      "server": "broker1",
      "version": "0.0.73",
      "online_at": "2023-08-12T10:50:33.103584+08:00",
      "disconnect_at": "2023-08-10T01:17:47.592362+08:00",
      "is_slave": true,
      "main": true,
      "node_id": "010f6859-e2fa-401c-a37e-da5b35a4daab",
      "node": null
    },
    "id": "8f1e8be0-c59f-4e32-9958-57c8aaed79fe",
    "manager_order": null,
    "name": "t11991606977",
    "pay_rule": {
      "deposit": 15000,
      "low_money": 0,
      "per_money": 3500,
      "per_time": 60,
      "prepaid": 2000,
      "time": "00:00-12:00",
      "unit": 1
    },
    "pay_rules": [
      {
        "deposit": 15000,
        "low_money": 0,
        "per_money": 3500,
        "per_time": 60,
        "prepaid": 2000,
        "time": "00:00-12:00",
        "unit": 1
      },
      {
        "deposit": 15000,
        "low_money": 0,
        "per_money": 4500,
        "per_time": 60,
        "prepaid": 2000,
        "time": "12:00-24:00",
        "unit": 1
      }
    ],
    "queue_order": null,
    "reserve_order": null,
    "slave": {
      "id": "00000000-0000-0000-0000-000000000000",
      "created_at": "0001-01-01T00:00:00Z",
      "updated_at": "0001-01-01T00:00:00Z",
      "online": false,
      "fictitious": 0,
      "mac": "",
      "name": "",
      "type": 0,
      "server": "",
      "version": "",
      "online_at": "0001-01-01T00:00:00Z",
      "disconnect_at": "0001-01-01T00:00:00Z",
      "is_slave": false,
      "main": false,
      "node_id": "",
      "node": null
    },
    "status": 1,
    "sub_type": "",
    "table_order": null,
    "type": 1,
    "node_name": "深圳新锦安店",
    "address_name": "宝安区新安街道新锦安雅园三期D栋D4栋二层57"
  },
  {
    "address": "Q03",
    "area_no": "",
    "device": {
      "id": "8f7afe1a-c778-42d6-a83e-fc7afdf47ae0",
      "created_at": "2023-04-23T12:14:05.49267+08:00",
      "updated_at": "2023-08-12T10:50:33.110842+08:00",
      "online": true,
      "fictitious": 1,
      "mac": "e4:08:e7:0d:34:71",
      "name": "t22232454540",
      "type": 1,
      "server": "broker1",
      "version": "0.0.73",
      "online_at": "2023-08-12T10:50:33.103584+08:00",
      "disconnect_at": "2023-08-10T01:17:47.592362+08:00",
      "is_slave": true,
      "main": true,
      "node_id": "010f6859-e2fa-401c-a37e-da5b35a4daab",
      "node": null
    },
    "id": "e7a32e74-8693-4b88-b408-4831013f6c50",
    "manager_order": null,
    "name": "t11992821672",
    "pay_rule": {
      "deposit": 20000,
      "low_money": 0,
      "per_money": 3000,
      "per_time": 60,
      "prepaid": 2000,
      "time": "00:00-12:00",
      "unit": 1
    },
    "pay_rules": [
      {
        "deposit": 20000,
        "low_money": 0,
        "per_money": 3000,
        "per_time": 60,
        "prepaid": 2000,
        "time": "00:00-12:00",
        "unit": 1
      },
      {
        "deposit": 20000,
        "low_money": 0,
        "per_money": 4000,
        "per_time": 60,
        "prepaid": 2000,
        "time": "12:00-24:00",
        "unit": 1
      }
    ],
    "queue_order": null,
    "reserve_order": null,
    "slave": {
      "id": "00000000-0000-0000-0000-000000000000",
      "created_at": "0001-01-01T00:00:00Z",
      "updated_at": "0001-01-01T00:00:00Z",
      "online": false,
      "fictitious": 0,
      "mac": "",
      "name": "",
      "type": 0,
      "server": "",
      "version": "",
      "online_at": "0001-01-01T00:00:00Z",
      "disconnect_at": "0001-01-01T00:00:00Z",
      "is_slave": false,
      "main": false,
      "node_id": "",
      "node": null
    },
    "status": 1,
    "sub_type": "",
    "table_order": null,
    "type": 3,
    "node_name": "深圳新锦安店",
    "address_name": "宝安区新安街道新锦安雅园三期D栋D4栋二层57"
  },
  {
    "address": "A07",
    "area_no": "",
    "device": {
      "id": "8f7afe1a-c778-42d6-a83e-fc7afdf47ae0",
      "created_at": "2023-04-23T12:14:05.49267+08:00",
      "updated_at": "2023-08-12T10:50:33.110842+08:00",
      "online": true,
      "fictitious": 1,
      "mac": "e4:08:e7:0d:34:71",
      "name": "t22232454540",
      "type": 1,
      "server": "broker1",
      "version": "0.0.73",
      "online_at": "2023-08-12T10:50:33.103584+08:00",
      "disconnect_at": "2023-08-10T01:17:47.592362+08:00",
      "is_slave": true,
      "main": true,
      "node_id": "010f6859-e2fa-401c-a37e-da5b35a4daab",
      "node": null
    },
    "id": "98219859-6c58-48d2-8c5d-bc0f7c8b7874",
    "manager_order": null,
    "name": "t16959567345",
    "pay_rule": {
      "deposit": 15000,
      "low_money": 0,
      "per_money": 3500,
      "per_time": 60,
      "prepaid": 2000,
      "time": "00:00-12:00",
      "unit": 1
    },
    "pay_rules": [
      {
        "deposit": 15000,
        "low_money": 0,
        "per_money": 3500,
        "per_time": 60,
        "prepaid": 2000,
        "time": "00:00-12:00",
        "unit": 1
      },
      {
        "deposit": 15000,
        "low_money": 0,
        "per_money": 4500,
        "per_time": 60,
        "prepaid": 2000,
        "time": "12:00-24:00",
        "unit": 1
      }
    ],
    "queue_order": null,
    "reserve_order": null,
    "slave": {
      "id": "00000000-0000-0000-0000-000000000000",
      "created_at": "0001-01-01T00:00:00Z",
      "updated_at": "0001-01-01T00:00:00Z",
      "online": false,
      "fictitious": 0,
      "mac": "",
      "name": "",
      "type": 0,
      "server": "",
      "version": "",
      "online_at": "0001-01-01T00:00:00Z",
      "disconnect_at": "0001-01-01T00:00:00Z",
      "is_slave": false,
      "main": false,
      "node_id": "",
      "node": null
    },
    "status": 1,
    "sub_type": "",
    "table_order": null,
    "type": 1,
    "node_name": "深圳新锦安店",
    "address_name": "宝安区新安街道新锦安雅园三期D栋D4栋二层57"
  }
]