[
  {
    "about_table": null,
    "address": "V01",
    "area_no": "",
    "device": {
      "id": "8f7afe1a-c778-42d6-a83e-fc7afdf47ae0",
      "created_at": "2023-04-23T12:14:05.49267+08:00",
      "updated_at": "2023-08-22T11:07:58.318889+08:00",
      "online": true,
      "fictitious": 1,
      "mac": "e4:08:e7:0d:34:71",
      "name": "t22232454540",
      "type": 1,
      "server": "broker1",
      "version": "0.0.73",
      "online_at": "2023-08-22T11:07:43.732264+08:00",
      "disconnect_at": "2023-08-22T08:53:57.108558+08:00",
      "is_slave": true,
      "main": true,
      "node_id": "010f6859-e2fa-401c-a37e-da5b35a4daab",
      "node": null
    },
    "id": "14d02c0a-8f95-4b23-998d-e145d5082bef",
    "manager_order": null,
    "name": "t11992941021",
    "pay_rule": {
      "deposit": 20000,
      "low_money": 0,
      "per_money": 5000,
      "per_time": 60,
      "prepaid": 2000,
      "time": "00:00-12:00",
      "unit": 1
    },
    "pay_rules": [
      {
        "deposit": 20000,
        "low_money": 0,
        "per_money": 5000,
        "per_time": 60,
        "prepaid": 2000,
        "time": "00:00-12:00",
        "unit": 1
      },
      {
        "deposit": 20000,
        "low_money": 0,
        "per_money": 6800,
        "per_time": 60,
        "prepaid": 2000,
        "time": "12:00-24:00",
        "unit": 1
      }
    ],
    "queue_order": null,
    "reserve_order": null,
    "slave": {
      "id": "00000000-0000-0000-0000-000000000000",
      "created_at": "0001-01-01T00:00:00Z",
      "updated_at": "0001-01-01T00:00:00Z",
      "online": false,
      "fictitious": 0,
      "mac": "",
      "name": "",
      "type": 0,
      "server": "",
      "version": "",
      "online_at": "0001-01-01T00:00:00Z",
      "disconnect_at": "0001-01-01T00:00:00Z",
      "is_slave": false,
      "main": false,
      "node_id": "",
      "node": null
    },
    "status": 1,
    "sub_type": "",
    "table_order": null,
    "type": 4,
    "node_name": "深圳新锦安店",
    "address_name": "宝安区新安街道新锦安雅园三期D栋D4栋二层57"
  },
  {
    "about_table": null,
    "address": "A04",
    "area_no": "",
    "device": {
      "id": "8f7afe1a-c778-42d6-a83e-fc7afdf47ae0",
      "created_at": "2023-04-23T12:14:05.49267+08:00",
      "updated_at": "2023-08-22T11:07:58.318889+08:00",
      "online": true,
      "fictitious": 1,
      "mac": "e4:08:e7:0d:34:71",
      "name": "t22232454540",
      "type": 1,
      "server": "broker1",
      "version": "0.0.73",
      "online_at": "2023-08-22T11:07:43.732264+08:00",
      "disconnect_at": "2023-08-22T08:53:57.108558+08:00",
      "is_slave": true,
      "main": true,
      "node_id": "010f6859-e2fa-401c-a37e-da5b35a4daab",
      "node": null
    },
    "id": "7a5e21c1-5914-434b-a9e9-cc376eed032d",
    "manager_order": null,
    "name": "t11991024972",
    "pay_rule": {
      "deposit": 15000,
      "low_money": 0,
      "per_money": 3500,
      "per_time": 60,
      "prepaid": 2000,
      "time": "00:00-12:00",
      "unit": 1
    },
    "pay_rules": [
      {
        "deposit": 15000,
        "low_money": 0,
        "per_money": 3500,
        "per_time": 60,
        "prepaid": 2000,
        "time": "00:00-12:00",
        "unit": 1
      },
      {
        "deposit": 15000,
        "low_money": 0,
        "per_money": 4500,
        "per_time": 60,
        "prepaid": 2000,
        "time": "12:00-24:00",
        "unit": 1
      }
    ],
    "queue_order": null,
    "reserve_order": null,
    "slave": {
      "id": "00000000-0000-0000-0000-000000000000",
      "created_at": "0001-01-01T00:00:00Z",
      "updated_at": "0001-01-01T00:00:00Z",
      "online": false,
      "fictitious": 0,
      "mac": "",
      "name": "",
      "type": 0,
      "server": "",
      "version": "",
      "online_at": "0001-01-01T00:00:00Z",
      "disconnect_at": "0001-01-01T00:00:00Z",
      "is_slave": false,
      "main": false,
      "node_id": "",
      "node": null
    },
    "status": 1,
    "sub_type": "",
    "table_order": null,
    "type": 1,
    "node_name": "深圳新锦安店",
    "address_name": "宝安区新安街道新锦安雅园三期D栋D4栋二层57"
  },
  {
    "about_table": null,
    "address": "A06",
    "area_no": "",
    "device": {
      "id": "8f7afe1a-c778-42d6-a83e-fc7afdf47ae0",
      "created_at": "2023-04-23T12:14:05.49267+08:00",
      "updated_at": "2023-08-22T11:07:58.318889+08:00",
      "online": true,
      "fictitious": 1,
      "mac": "e4:08:e7:0d:34:71",
      "name": "t22232454540",
      "type": 1,
      "server": "broker1",
      "version": "0.0.73",
      "online_at": "2023-08-22T11:07:43.732264+08:00",
      "disconnect_at": "2023-08-22T08:53:57.108558+08:00",
      "is_slave": true,
      "main": true,
      "node_id": "010f6859-e2fa-401c-a37e-da5b35a4daab",
      "node": null
    },
    "id": "8f1e8be0-c59f-4e32-9958-57c8aaed79fe",
    "manager_order": null,
    "name": "t11991606977",
    "pay_rule": {
      "deposit": 15000,
      "low_money": 0,
      "per_money": 3500,
      "per_time": 60,
      "prepaid": 2000,
      "time": "00:00-12:00",
      "unit": 1
    },
    "pay_rules": [
      {
        "deposit": 15000,
        "low_money": 0,
        "per_money": 3500,
        "per_time": 60,
        "prepaid": 2000,
        "time": "00:00-12:00",
        "unit": 1
      },
      {
        "deposit": 15000,
        "low_money": 0,
        "per_money": 4500,
        "per_time": 60,
        "prepaid": 2000,
        "time": "12:00-24:00",
        "unit": 1
      }
    ],
    "queue_order": null,
    "reserve_order": null,
    "slave": {
      "id": "00000000-0000-0000-0000-000000000000",
      "created_at": "0001-01-01T00:00:00Z",
      "updated_at": "0001-01-01T00:00:00Z",
      "online": false,
      "fictitious": 0,
      "mac": "",
      "name": "",
      "type": 0,
      "server": "",
      "version": "",
      "online_at": "0001-01-01T00:00:00Z",
      "disconnect_at": "0001-01-01T00:00:00Z",
      "is_slave": false,
      "main": false,
      "node_id": "",
      "node": null
    },
    "status": 1,
    "sub_type": "",
    "table_order": null,
    "type": 1,
    "node_name": "深圳新锦安店",
    "address_name": "宝安区新安街道新锦安雅园三期D栋D4栋二层57"
  },
  {
    "about_table": null,
    "address": "Q03",
    "area_no": "",
    "device": {
      "id": "8f7afe1a-c778-42d6-a83e-fc7afdf47ae0",
      "created_at": "2023-04-23T12:14:05.49267+08:00",
      "updated_at": "2023-08-22T11:07:58.318889+08:00",
      "online": true,
      "fictitious": 1,
      "mac": "e4:08:e7:0d:34:71",
      "name": "t22232454540",
      "type": 1,
      "server": "broker1",
      "version": "0.0.73",
      "online_at": "2023-08-22T11:07:43.732264+08:00",
      "disconnect_at": "2023-08-22T08:53:57.108558+08:00",
      "is_slave": true,
      "main": true,
      "node_id": "010f6859-e2fa-401c-a37e-da5b35a4daab",
      "node": null
    },
    "id": "e7a32e74-8693-4b88-b408-4831013f6c50",
    "manager_order": null,
    "name": "t11992821672",
    "pay_rule": {
      "deposit": 20000,
      "low_money": 0,
      "per_money": 3000,
      "per_time": 60,
      "prepaid": 2000,
      "time": "00:00-12:00",
      "unit": 1
    },
    "pay_rules": [
      {
        "deposit": 20000,
        "low_money": 0,
        "per_money": 3000,
        "per_time": 60,
        "prepaid": 2000,
        "time": "00:00-12:00",
        "unit": 1
      },
      {
        "deposit": 20000,
        "low_money": 0,
        "per_money": 4000,
        "per_time": 60,
        "prepaid": 2000,
        "time": "12:00-24:00",
        "unit": 1
      }
    ],
    "queue_order": null,
    "reserve_order": null,
    "slave": {
      "id": "00000000-0000-0000-0000-000000000000",
      "created_at": "0001-01-01T00:00:00Z",
      "updated_at": "0001-01-01T00:00:00Z",
      "online": false,
      "fictitious": 0,
      "mac": "",
      "name": "",
      "type": 0,
      "server": "",
      "version": "",
      "online_at": "0001-01-01T00:00:00Z",
      "disconnect_at": "0001-01-01T00:00:00Z",
      "is_slave": false,
      "main": false,
      "node_id": "",
      "node": null
    },
    "status": 1,
    "sub_type": "",
    "table_order": null,
    "type": 3,
    "node_name": "深圳新锦安店",
    "address_name": "宝安区新安街道新锦安雅园三期D栋D4栋二层57"
  },
  {
    "about_table": null,
    "address": "A01",
    "area_no": "",
    "device": {
      "id": "8f7afe1a-c778-42d6-a83e-fc7afdf47ae0",
      "created_at": "2023-04-23T12:14:05.49267+08:00",
      "updated_at": "2023-08-22T11:07:58.318889+08:00",
      "online": true,
      "fictitious": 1,
      "mac": "e4:08:e7:0d:34:71",
      "name": "t22232454540",
      "type": 1,
      "server": "broker1",
      "version": "0.0.73",
      "online_at": "2023-08-22T11:07:43.732264+08:00",
      "disconnect_at": "2023-08-22T08:53:57.108558+08:00",
      "is_slave": true,
      "main": true,
      "node_id": "010f6859-e2fa-401c-a37e-da5b35a4daab",
      "node": null
    },
    "id": "f127289c-a787-4f6e-80ff-a78087111755",
    "manager_order": null,
    "name": "t11990215588",
    "pay_rule": {
      "deposit": 15000,
      "low_money": 0,
      "per_money": 3500,
      "per_time": 60,
      "prepaid": 2000,
      "time": "00:00-12:00",
      "unit": 1
    },
    "pay_rules": [
      {
        "deposit": 15000,
        "low_money": 0,
        "per_money": 3500,
        "per_time": 60,
        "prepaid": 2000,
        "time": "00:00-12:00",
        "unit": 1
      },
      {
        "deposit": 15000,
        "low_money": 0,
        "per_money": 4500,
        "per_time": 60,
        "prepaid": 2000,
        "time": "12:00-24:00",
        "unit": 1
      }
    ],
    "queue_order": null,
    "reserve_order": null,
    "slave": {
      "id": "00000000-0000-0000-0000-000000000000",
      "created_at": "0001-01-01T00:00:00Z",
      "updated_at": "0001-01-01T00:00:00Z",
      "online": false,
      "fictitious": 0,
      "mac": "",
      "name": "",
      "type": 0,
      "server": "",
      "version": "",
      "online_at": "0001-01-01T00:00:00Z",
      "disconnect_at": "0001-01-01T00:00:00Z",
      "is_slave": false,
      "main": false,
      "node_id": "",
      "node": null
    },
    "status": 2,
    "sub_type": "",
    "table_order": {
      "id": "7a106da6-6fd1-4a7c-9775-03e0a0ba3228",
      "created_at": "2023-08-24T10:31:09.700623+08:00",
      "updated_at": "2023-08-24T10:31:09.705718+08:00",
      "display_id": "23082442697002836576",
      "info": {
        "joins": null,
        "site_name": "深圳新锦安店",
        "site_phone": "19147755022",
        "table_name": "t11990215588",
        "table_type": 1,
        "table_address": "A01",
        "user_nickname": "真ikun",
        "balance_deposit": 0,
        "user_avatar_url": "https://table-file.xironiot.com/avatar/1686128552377626936_tmp_47e33624d263b83223ab37840c5d40c2c73e3a62c1b98484.jpg"
      },
      "status": 1,
      "start_at": "2023-08-24T10:31:09.546914+08:00",
      "end_at": "2023-08-24T11:31:09.546914+08:00",
      "pay_way": "wechat",
      "phone": "13544237988",
      "node_id": "010f6859-e2fa-401c-a37e-da5b35a4daab",
      "node": null,
      "member_id": "6a8f28a1-4578-457d-83d4-83432b0c7ac9",
      "member": null,
      "social_user_id": "f2b44be9-aa90-4abc-9dd8-cd5c2cdab8cb",
      "social_user": {
        "id": "f2b44be9-aa90-4abc-9dd8-cd5c2cdab8cb",
        "created_at": "2023-06-07T09:37:53.217569+08:00",
        "updated_at": "2023-08-24T10:29:51.392438+08:00",
        "follow": true,
        "avatar_url": "https://table-file.xironiot.com/avatar/1686128552377626936_tmp_47e33624d263b83223ab37840c5d40c2c73e3a62c1b98484.jpg",
        "nickname": "真ikun",
        "phone": "13544237988",
        "about_done_count": 0,
        "about_cancel_count": 0,
        "balance": 0,
        "coupon_count": 0,
        "forbid": false
      },
      "type": 1,
      "play_type": 1,
      "used_time": 46,
      "money": 0,
      "old_money": 0,
      "payed": 15000,
      "deposit": 15000,
      "behalf_pay": false,
      "coupon_money": 0,
      "balance_money": 0,
      "refund_balance": 0,
      "recharge_money": 0,
      "refund_money": 15000,
      "return_money": 0,
      "regular_time": null,
      "pay_rules": [
        {
          "id": "7fc9a7fb-cb4f-4753-aaf4-458a51f90b33",
          "node": null,
          "time": "00:00-12:00",
          "unit": 1,
          "deposit": 15000,
          "node_id": "010f6859-e2fa-401c-a37e-da5b35a4daab",
          "prepaid": 2000,
          "per_time": 60,
          "low_money": 0,
          "per_money": 3500,
          "created_at": "2023-06-17T18:20:07.95836+08:00",
          "updated_at": "2023-06-17T18:23:15.925754+08:00"
        },
        {
          "id": "388354dc-a6a6-4b35-8dc3-8105e46d657b",
          "node": null,
          "time": "12:00-24:00",
          "unit": 1,
          "deposit": 15000,
          "node_id": "010f6859-e2fa-401c-a37e-da5b35a4daab",
          "prepaid": 2000,
          "per_time": 60,
          "low_money": 0,
          "per_money": 4500,
          "created_at": "2023-06-17T18:20:42.949047+08:00",
          "updated_at": "2023-06-17T18:23:08.210646+08:00"
        }
      ],
      "about_table": "",
      "table_type": 1,
      "table_id": "f127289c-a787-4f6e-80ff-a78087111755",
      "table": null,
      "reserve_order_id": null,
      "reserver_order": null,
      "coupon_id": "bab435ec-9350-49ea-97ad-57150192cbd2",
      "coupon": {
        "id": "bab435ec-9350-49ea-97ad-57150192cbd2",
        "created_at": "2023-08-16T22:27:15.342971+08:00",
        "updated_at": "2023-08-24T10:31:09.697132+08:00",
        "name": "9.9元一小时闲时券",
        "status": 3,
        "type": 1,
        "sub_types": [],
        "use_type": 2,
        "money": 0,
        "sale_money": 999,
        "time": 60,
        "deposit": true,
        "deduction_deposit": false,
        "valid_day": 30,
        "expired_at": "2023-09-15T22:27:15.215944+08:00",
        "start_at": "2023-07-06T00:00:00+08:00",
        "end_at": "2026-01-01T00:00:00+08:00",
        "remark": "",
        "exchange_id": "",
        "exchange_type": "小铁",
        "use_time": "120-720",
        "way": 1,
        "use_at": "2023-08-24T10:31:09.546914+08:00",
        "use_site_name": "深圳新锦安店",
        "suit_site": "新锦安店",
        "coupon_package_id": "28c22462-461f-4de9-a570-f6f9c17cf603",
        "coupon_order_id": "180f240e-caaa-4575-bf5b-f065a1d6ad52",
        "coupon_order": null
      },
      "queue_order_id": null,
      "queue_order": null,
      "behalfer_id": null,
      "behalfer": null,
      "balances": null,
      "pay_rule": {
        "deposit": 15000,
        "low_money": 0,
        "per_money": 3500,
        "per_time": 60,
        "prepaid": 2000,
        "time": "00:00-12:00",
        "unit": 1
      }
    },
    "type": 1,
    "node_name": "深圳新锦安店",
    "address_name": "宝安区新安街道新锦安雅园三期D栋D4栋二层57"
  },
  {
    "about_table": null,
    "address": "A02",
    "area_no": "",
    "device": {
      "id": "8f7afe1a-c778-42d6-a83e-fc7afdf47ae0",
      "created_at": "2023-04-23T12:14:05.49267+08:00",
      "updated_at": "2023-08-22T11:07:58.318889+08:00",
      "online": true,
      "fictitious": 1,
      "mac": "e4:08:e7:0d:34:71",
      "name": "t22232454540",
      "type": 1,
      "server": "broker1",
      "version": "0.0.73",
      "online_at": "2023-08-22T11:07:43.732264+08:00",
      "disconnect_at": "2023-08-22T08:53:57.108558+08:00",
      "is_slave": true,
      "main": true,
      "node_id": "010f6859-e2fa-401c-a37e-da5b35a4daab",
      "node": null
    },
    "id": "2fb3e5e0-5cb6-4704-a205-f737b963f016",
    "manager_order": null,
    "name": "t11990784254",
    "pay_rule": {
      "deposit": 15000,
      "low_money": 0,
      "per_money": 3500,
      "per_time": 60,
      "prepaid": 2000,
      "time": "00:00-12:00",
      "unit": 1
    },
    "pay_rules": [
      {
        "deposit": 15000,
        "low_money": 0,
        "per_money": 3500,
        "per_time": 60,
        "prepaid": 2000,
        "time": "00:00-12:00",
        "unit": 1
      },
      {
        "deposit": 15000,
        "low_money": 0,
        "per_money": 4500,
        "per_time": 60,
        "prepaid": 2000,
        "time": "12:00-24:00",
        "unit": 1
      }
    ],
    "queue_order": null,
    "reserve_order": null,
    "slave": {
      "id": "00000000-0000-0000-0000-000000000000",
      "created_at": "0001-01-01T00:00:00Z",
      "updated_at": "0001-01-01T00:00:00Z",
      "online": false,
      "fictitious": 0,
      "mac": "",
      "name": "",
      "type": 0,
      "server": "",
      "version": "",
      "online_at": "0001-01-01T00:00:00Z",
      "disconnect_at": "0001-01-01T00:00:00Z",
      "is_slave": false,
      "main": false,
      "node_id": "",
      "node": null
    },
    "status": 1,
    "sub_type": "",
    "table_order": null,
    "type": 1,
    "node_name": "深圳新锦安店",
    "address_name": "宝安区新安街道新锦安雅园三期D栋D4栋二层57"
  },
  {
    "about_table": null,
    "address": "Q02",
    "area_no": "",
    "device": {
      "id": "8f7afe1a-c778-42d6-a83e-fc7afdf47ae0",
      "created_at": "2023-04-23T12:14:05.49267+08:00",
      "updated_at": "2023-08-22T11:07:58.318889+08:00",
      "online": true,
      "fictitious": 1,
      "mac": "e4:08:e7:0d:34:71",
      "name": "t22232454540",
      "type": 1,
      "server": "broker1",
      "version": "0.0.73",
      "online_at": "2023-08-22T11:07:43.732264+08:00",
      "disconnect_at": "2023-08-22T08:53:57.108558+08:00",
      "is_slave": true,
      "main": true,
      "node_id": "010f6859-e2fa-401c-a37e-da5b35a4daab",
      "node": null
    },
    "id": "b5ba92bd-053d-487e-bddd-188f6d00bd9b",
    "manager_order": null,
    "name": "t11991947403",
    "pay_rule": {
      "deposit": 20000,
      "low_money": 0,
      "per_money": 3000,
      "per_time": 60,
      "prepaid": 2000,
      "time": "00:00-12:00",
      "unit": 1
    },
    "pay_rules": [
      {
        "deposit": 20000,
        "low_money": 0,
        "per_money": 3000,
        "per_time": 60,
        "prepaid": 2000,
        "time": "00:00-12:00",
        "unit": 1
      },
      {
        "deposit": 20000,
        "low_money": 0,
        "per_money": 4000,
        "per_time": 60,
        "prepaid": 2000,
        "time": "12:00-24:00",
        "unit": 1
      }
    ],
    "queue_order": null,
    "reserve_order": null,
    "slave": {
      "id": "00000000-0000-0000-0000-000000000000",
      "created_at": "0001-01-01T00:00:00Z",
      "updated_at": "0001-01-01T00:00:00Z",
      "online": false,
      "fictitious": 0,
      "mac": "",
      "name": "",
      "type": 0,
      "server": "",
      "version": "",
      "online_at": "0001-01-01T00:00:00Z",
      "disconnect_at": "0001-01-01T00:00:00Z",
      "is_slave": false,
      "main": false,
      "node_id": "",
      "node": null
    },
    "status": 2,
    "sub_type": "",
    "table_order": {
      "id": "f95236b6-6390-4f7b-ab41-5a0b86ec4232",
      "created_at": "2023-08-24T10:33:36.122999+08:00",
      "updated_at": "2023-08-24T10:33:36.127852+08:00",
      "display_id": "23082444161223648080",
      "info": {
        "joins": null,
        "site_name": "深圳新锦安店",
        "site_phone": "19147755022",
        "table_name": "t11991947403",
        "table_type": 3,
        "table_address": "Q02",
        "user_nickname": "yyy",
        "balance_deposit": 0,
        "user_avatar_url": "https://table-file.xironiot.com/avatar/1691206451923006933_tmp_4266589a67c3444a1f71449c39ebaafb.jpg"
      },
      "status": 1,
      "start_at": "2023-08-24T10:33:36.036428+08:00",
      "end_at": "2023-08-24T15:54:36.036428+08:00",
      "pay_way": "wechat",
      "phone": "15622259233",
      "node_id": "010f6859-e2fa-401c-a37e-da5b35a4daab",
      "node": null,
      "member_id": "ab045a74-b2ad-4bc3-b678-3a29b1be3e55",
      "member": null,
      "social_user_id": "d5dc1f13-8be7-4309-84b5-783551117ce1",
      "social_user": {
        "id": "d5dc1f13-8be7-4309-84b5-783551117ce1",
        "created_at": "2023-07-18T12:33:09.774029+08:00",
        "updated_at": "2023-08-24T10:25:43.87267+08:00",
        "follow": true,
        "avatar_url": "https://table-file.xironiot.com/avatar/1691206451923006933_tmp_4266589a67c3444a1f71449c39ebaafb.jpg",
        "nickname": "yyy",
        "phone": "15622259233",
        "about_done_count": 0,
        "about_cancel_count": 0,
        "balance": 0,
        "coupon_count": 0,
        "forbid": false
      },
      "type": 2,
      "play_type": 1,
      "used_time": 43,
      "money": 2150,
      "old_money": 2150,
      "payed": 20000,
      "deposit": 20000,
      "behalf_pay": false,
      "coupon_money": 0,
      "balance_money": 0,
      "refund_balance": 0,
      "recharge_money": 0,
      "refund_money": 17850,
      "return_money": 0,
      "regular_time": null,
      "pay_rules": [
        {
          "id": "45899ea1-3b92-493b-9f81-2ff46399739d",
          "node": null,
          "time": "00:00-12:00",
          "unit": 1,
          "deposit": 20000,
          "node_id": "010f6859-e2fa-401c-a37e-da5b35a4daab",
          "prepaid": 2000,
          "per_time": 60,
          "low_money": 0,
          "per_money": 3000,
          "created_at": "2023-06-17T17:59:57.377014+08:00",
          "updated_at": "2023-06-17T18:16:30.999184+08:00"
        },
        {
          "id": "3a9f3a3f-a49f-4e7d-959f-cb6fa72cef1d",
          "node": null,
          "time": "12:00-24:00",
          "unit": 1,
          "deposit": 20000,
          "node_id": "010f6859-e2fa-401c-a37e-da5b35a4daab",
          "prepaid": 2000,
          "per_time": 60,
          "low_money": 0,
          "per_money": 4000,
          "created_at": "2023-06-17T18:01:09.302953+08:00",
          "updated_at": "2023-06-17T18:01:30.196218+08:00"
        }
      ],
      "about_table": "",
      "table_type": 3,
      "table_id": "b5ba92bd-053d-487e-bddd-188f6d00bd9b",
      "table": null,
      "reserve_order_id": null,
      "reserver_order": null,
      "coupon_id": null,
      "coupon": null,
      "queue_order_id": null,
      "queue_order": null,
      "behalfer_id": null,
      "behalfer": null,
      "balances": null,
      "pay_rule": {
        "deposit": 20000,
        "low_money": 0,
        "per_money": 3000,
        "per_time": 60,
        "prepaid": 2000,
        "time": "00:00-12:00",
        "unit": 1
      }
    },
    "type": 3,
    "node_name": "深圳新锦安店",
    "address_name": "宝安区新安街道新锦安雅园三期D栋D4栋二层57"
  },
  {
    "about_table": null,
    "address": "Q01",
    "area_no": "",
    "device": {
      "id": "8f7afe1a-c778-42d6-a83e-fc7afdf47ae0",
      "created_at": "2023-04-23T12:14:05.49267+08:00",
      "updated_at": "2023-08-22T11:07:58.318889+08:00",
      "online": true,
      "fictitious": 1,
      "mac": "e4:08:e7:0d:34:71",
      "name": "t22232454540",
      "type": 1,
      "server": "broker1",
      "version": "0.0.73",
      "online_at": "2023-08-22T11:07:43.732264+08:00",
      "disconnect_at": "2023-08-22T08:53:57.108558+08:00",
      "is_slave": true,
      "main": true,
      "node_id": "010f6859-e2fa-401c-a37e-da5b35a4daab",
      "node": null
    },
    "id": "3b783431-705b-459b-b72c-febdc01e7d8e",
    "manager_order": null,
    "name": "t11991711660",
    "pay_rule": {
      "deposit": 20000,
      "low_money": 0,
      "per_money": 3000,
      "per_time": 60,
      "prepaid": 2000,
      "time": "00:00-12:00",
      "unit": 1
    },
    "pay_rules": [
      {
        "deposit": 20000,
        "low_money": 0,
        "per_money": 3000,
        "per_time": 60,
        "prepaid": 2000,
        "time": "00:00-12:00",
        "unit": 1
      },
      {
        "deposit": 20000,
        "low_money": 0,
        "per_money": 4000,
        "per_time": 60,
        "prepaid": 2000,
        "time": "12:00-24:00",
        "unit": 1
      }
    ],
    "queue_order": null,
    "reserve_order": null,
    "slave": {
      "id": "00000000-0000-0000-0000-000000000000",
      "created_at": "0001-01-01T00:00:00Z",
      "updated_at": "0001-01-01T00:00:00Z",
      "online": false,
      "fictitious": 0,
      "mac": "",
      "name": "",
      "type": 0,
      "server": "",
      "version": "",
      "online_at": "0001-01-01T00:00:00Z",
      "disconnect_at": "0001-01-01T00:00:00Z",
      "is_slave": false,
      "main": false,
      "node_id": "",
      "node": null
    },
    "status": 1,
    "sub_type": "",
    "table_order": null,
    "type": 3,
    "node_name": "深圳新锦安店",
    "address_name": "宝安区新安街道新锦安雅园三期D栋D4栋二层57"
  },
  {
    "about_table": null,
    "address": "A03",
    "area_no": "",
    "device": {
      "id": "8f7afe1a-c778-42d6-a83e-fc7afdf47ae0",
      "created_at": "2023-04-23T12:14:05.49267+08:00",
      "updated_at": "2023-08-22T11:07:58.318889+08:00",
      "online": true,
      "fictitious": 1,
      "mac": "e4:08:e7:0d:34:71",
      "name": "t22232454540",
      "type": 1,
      "server": "broker1",
      "version": "0.0.73",
      "online_at": "2023-08-22T11:07:43.732264+08:00",
      "disconnect_at": "2023-08-22T08:53:57.108558+08:00",
      "is_slave": true,
      "main": true,
      "node_id": "010f6859-e2fa-401c-a37e-da5b35a4daab",
      "node": null
    },
    "id": "7ad32dd2-0e51-440c-b62b-4238ba091fcb",
    "manager_order": null,
    "name": "t11990927122",
    "pay_rule": {
      "deposit": 15000,
      "low_money": 0,
      "per_money": 3500,
      "per_time": 60,
      "prepaid": 2000,
      "time": "00:00-12:00",
      "unit": 1
    },
    "pay_rules": [
      {
        "deposit": 15000,
        "low_money": 0,
        "per_money": 3500,
        "per_time": 60,
        "prepaid": 2000,
        "time": "00:00-12:00",
        "unit": 1
      },
      {
        "deposit": 15000,
        "low_money": 0,
        "per_money": 4500,
        "per_time": 60,
        "prepaid": 2000,
        "time": "12:00-24:00",
        "unit": 1
      }
    ],
    "queue_order": null,
    "reserve_order": null,
    "slave": {
      "id": "00000000-0000-0000-0000-000000000000",
      "created_at": "0001-01-01T00:00:00Z",
      "updated_at": "0001-01-01T00:00:00Z",
      "online": false,
      "fictitious": 0,
      "mac": "",
      "name": "",
      "type": 0,
      "server": "",
      "version": "",
      "online_at": "0001-01-01T00:00:00Z",
      "disconnect_at": "0001-01-01T00:00:00Z",
      "is_slave": false,
      "main": false,
      "node_id": "",
      "node": null
    },
    "status": 1,
    "sub_type": "",
    "table_order": null,
    "type": 1,
    "node_name": "深圳新锦安店",
    "address_name": "宝安区新安街道新锦安雅园三期D栋D4栋二层57"
  },
  {
    "about_table": null,
    "address": "A07",
    "area_no": "",
    "device": {
      "id": "8f7afe1a-c778-42d6-a83e-fc7afdf47ae0",
      "created_at": "2023-04-23T12:14:05.49267+08:00",
      "updated_at": "2023-08-22T11:07:58.318889+08:00",
      "online": true,
      "fictitious": 1,
      "mac": "e4:08:e7:0d:34:71",
      "name": "t22232454540",
      "type": 1,
      "server": "broker1",
      "version": "0.0.73",
      "online_at": "2023-08-22T11:07:43.732264+08:00",
      "disconnect_at": "2023-08-22T08:53:57.108558+08:00",
      "is_slave": true,
      "main": true,
      "node_id": "010f6859-e2fa-401c-a37e-da5b35a4daab",
      "node": null
    },
    "id": "98219859-6c58-48d2-8c5d-bc0f7c8b7874",
    "manager_order": null,
    "name": "t16959567345",
    "pay_rule": {
      "deposit": 15000,
      "low_money": 0,
      "per_money": 3500,
      "per_time": 60,
      "prepaid": 2000,
      "time": "00:00-12:00",
      "unit": 1
    },
    "pay_rules": [
      {
        "deposit": 15000,
        "low_money": 0,
        "per_money": 3500,
        "per_time": 60,
        "prepaid": 2000,
        "time": "00:00-12:00",
        "unit": 1
      },
      {
        "deposit": 15000,
        "low_money": 0,
        "per_money": 4500,
        "per_time": 60,
        "prepaid": 2000,
        "time": "12:00-24:00",
        "unit": 1
      }
    ],
    "queue_order": null,
    "reserve_order": null,
    "slave": {
      "id": "00000000-0000-0000-0000-000000000000",
      "created_at": "0001-01-01T00:00:00Z",
      "updated_at": "0001-01-01T00:00:00Z",
      "online": false,
      "fictitious": 0,
      "mac": "",
      "name": "",
      "type": 0,
      "server": "",
      "version": "",
      "online_at": "0001-01-01T00:00:00Z",
      "disconnect_at": "0001-01-01T00:00:00Z",
      "is_slave": false,
      "main": false,
      "node_id": "",
      "node": null
    },
    "status": 2,
    "sub_type": "",
    "table_order": {
      "id": "1fefb20c-4972-4f33-8b11-64a271e5e4d2",
      "created_at": "2023-08-24T10:28:48.40063+08:00",
      "updated_at": "2023-08-24T10:28:48.405702+08:00",
      "display_id": "23082441284001771640",
      "info": {
        "joins": null,
        "site_name": "深圳新锦安店",
        "site_phone": "19147755022",
        "table_name": "t16959567345",
        "table_type": 1,
        "table_address": "A07",
        "user_nickname": "#10",
        "balance_deposit": 0,
        "user_avatar_url": "https://table-file.xironiot.com/avatar/1690367239266897719_tmp_9d8c71f7b4c5dc2414a3bbc7d902b7bd3e50f6c71644e459.jpg"
      },
      "status": 1,
      "start_at": "2023-08-24T10:28:48.248178+08:00",
      "end_at": "2023-08-24T14:55:48.248178+08:00",
      "pay_way": "wechat",
      "phone": "18318393496",
      "node_id": "010f6859-e2fa-401c-a37e-da5b35a4daab",
      "node": null,
      "member_id": "2f0ba82a-a218-4755-b79e-2f24c1bc1acb",
      "member": null,
      "social_user_id": "9257a191-b6de-4b68-b96f-34af70114ccb",
      "social_user": {
        "id": "9257a191-b6de-4b68-b96f-34af70114ccb",
        "created_at": "2023-07-26T17:27:42.759691+08:00",
        "updated_at": "2023-08-24T10:27:59.759891+08:00",
        "follow": true,
        "avatar_url": "https://table-file.xironiot.com/avatar/1690367239266897719_tmp_9d8c71f7b4c5dc2414a3bbc7d902b7bd3e50f6c71644e459.jpg",
        "nickname": "#10",
        "phone": "18318393496",
        "about_done_count": 0,
        "about_cancel_count": 0,
        "balance": 0,
        "coupon_count": 0,
        "forbid": false
      },
      "type": 1,
      "play_type": 1,
      "used_time": 48,
      "money": 0,
      "old_money": 0,
      "payed": 15000,
      "deposit": 15000,
      "behalf_pay": false,
      "coupon_money": 0,
      "balance_money": 0,
      "refund_balance": 0,
      "recharge_money": 0,
      "refund_money": 15000,
      "return_money": 0,
      "regular_time": null,
      "pay_rules": [
        {
          "id": "7fc9a7fb-cb4f-4753-aaf4-458a51f90b33",
          "node": null,
          "time": "00:00-12:00",
          "unit": 1,
          "deposit": 15000,
          "node_id": "010f6859-e2fa-401c-a37e-da5b35a4daab",
          "prepaid": 2000,
          "per_time": 60,
          "low_money": 0,
          "per_money": 3500,
          "created_at": "2023-06-17T18:20:07.95836+08:00",
          "updated_at": "2023-06-17T18:23:15.925754+08:00"
        },
        {
          "id": "388354dc-a6a6-4b35-8dc3-8105e46d657b",
          "node": null,
          "time": "12:00-24:00",
          "unit": 1,
          "deposit": 15000,
          "node_id": "010f6859-e2fa-401c-a37e-da5b35a4daab",
          "prepaid": 2000,
          "per_time": 60,
          "low_money": 0,
          "per_money": 4500,
          "created_at": "2023-06-17T18:20:42.949047+08:00",
          "updated_at": "2023-06-17T18:23:08.210646+08:00"
        }
      ],
      "about_table": "",
      "table_type": 1,
      "table_id": "98219859-6c58-48d2-8c5d-bc0f7c8b7874",
      "table": null,
      "reserve_order_id": null,
      "reserver_order": null,
      "coupon_id": "e3c19354-9225-47a8-8d77-d0878c81d395",
      "coupon": {
        "id": "e3c19354-9225-47a8-8d77-d0878c81d395",
        "created_at": "2023-08-24T10:28:19.271805+08:00",
        "updated_at": "2023-08-24T10:28:48.397545+08:00",
        "name": "【新客体验】14.9元一小时体验券",
        "status": 3,
        "type": 1,
        "sub_types": [],
        "use_type": 2,
        "money": 0,
        "sale_money": 0,
        "time": 60,
        "deposit": true,
        "deduction_deposit": true,
        "valid_day": 30,
        "expired_at": "2023-09-23T10:28:19.142718+08:00",
        "start_at": "2023-08-01T00:00:00+08:00",
        "end_at": "2028-08-01T00:00:00+08:00",
        "remark": "",
        "exchange_id": "1764230170712067",
        "exchange_type": "抖音",
        "use_time": "0-1440",
        "way": 1,
        "use_at": "2023-08-24T10:28:48.248178+08:00",
        "use_site_name": "深圳新锦安店",
        "suit_site": "深圳新锦安店",
        "coupon_package_id": "1c14b401-9e38-494e-8fa7-91fb7498d608",
        "coupon_order_id": "ac2f6ea9-24bd-4d07-9008-d46681fbab7d",
        "coupon_order": null
      },
      "queue_order_id": null,
      "queue_order": null,
      "behalfer_id": null,
      "behalfer": null,
      "balances": null,
      "pay_rule": {
        "deposit": 15000,
        "low_money": 0,
        "per_money": 3500,
        "per_time": 60,
        "prepaid": 2000,
        "time": "00:00-12:00",
        "unit": 1
      }
    },
    "type": 1,
    "node_name": "深圳新锦安店",
    "address_name": "宝安区新安街道新锦安雅园三期D栋D4栋二层57"
  },
  {
    "about_table": null,
    "address": "A05",
    "area_no": "",
    "device": {
      "id": "8f7afe1a-c778-42d6-a83e-fc7afdf47ae0",
      "created_at": "2023-04-23T12:14:05.49267+08:00",
      "updated_at": "2023-08-22T11:07:58.318889+08:00",
      "online": true,
      "fictitious": 1,
      "mac": "e4:08:e7:0d:34:71",
      "name": "t22232454540",
      "type": 1,
      "server": "broker1",
      "version": "0.0.73",
      "online_at": "2023-08-22T11:07:43.732264+08:00",
      "disconnect_at": "2023-08-22T08:53:57.108558+08:00",
      "is_slave": true,
      "main": true,
      "node_id": "010f6859-e2fa-401c-a37e-da5b35a4daab",
      "node": null
    },
    "id": "395f81ed-be29-426e-b08b-648f664dcc16",
    "manager_order": null,
    "name": "t11991491752",
    "pay_rule": {
      "deposit": 15000,
      "low_money": 0,
      "per_money": 3500,
      "per_time": 60,
      "prepaid": 2000,
      "time": "00:00-12:00",
      "unit": 1
    },
    "pay_rules": [
      {
        "deposit": 15000,
        "low_money": 0,
        "per_money": 3500,
        "per_time": 60,
        "prepaid": 2000,
        "time": "00:00-12:00",
        "unit": 1
      },
      {
        "deposit": 15000,
        "low_money": 0,
        "per_money": 4500,
        "per_time": 60,
        "prepaid": 2000,
        "time": "12:00-24:00",
        "unit": 1
      }
    ],
    "queue_order": null,
    "reserve_order": null,
    "slave": {
      "id": "00000000-0000-0000-0000-000000000000",
      "created_at": "0001-01-01T00:00:00Z",
      "updated_at": "0001-01-01T00:00:00Z",
      "online": false,
      "fictitious": 0,
      "mac": "",
      "name": "",
      "type": 0,
      "server": "",
      "version": "",
      "online_at": "0001-01-01T00:00:00Z",
      "disconnect_at": "0001-01-01T00:00:00Z",
      "is_slave": false,
      "main": false,
      "node_id": "",
      "node": null
    },
    "status": 1,
    "sub_type": "",
    "table_order": null,
    "type": 1,
    "node_name": "深圳新锦安店",
    "address_name": "宝安区新安街道新锦安雅园三期D栋D4栋二层57"
  }
]