[
  {
    "about_table": null,
    "address": "Q02",
    "area_no": "",
    "device": {
      "id": "8f7afe1a-c778-42d6-a83e-fc7afdf47ae0",
      "created_at": "2023-04-23T12:14:05.49267+08:00",
      "updated_at": "2023-08-12T10:50:33.110842+08:00",
      "online": true,
      "fictitious": 1,
      "mac": "e4:08:e7:0d:34:71",
      "name": "t22232454540",
      "type": 1,
      "server": "broker1",
      "version": "0.0.73",
      "online_at": "2023-08-12T10:50:33.103584+08:00",
      "disconnect_at": "2023-08-10T01:17:47.592362+08:00",
      "is_slave": true,
      "main": true,
      "node_id": "010f6859-e2fa-401c-a37e-da5b35a4daab",
      "node": null
    },
    "id": "b5ba92bd-053d-487e-bddd-188f6d00bd9b",
    "manager_order": null,
    "name": "t11991947403",
    "pay_rule": {
      "deposit": 20000,
      "low_money": 0,
      "per_money": 4000,
      "per_time": 60,
      "prepaid": 2000,
      "time": "12:00-24:00",
      "unit": 1
    },
    "pay_rules": [
      {
        "deposit": 20000,
        "low_money": 0,
        "per_money": 3000,
        "per_time": 60,
        "prepaid": 2000,
        "time": "00:00-12:00",
        "unit": 1
      },
      {
        "deposit": 20000,
        "low_money": 0,
        "per_money": 4000,
        "per_time": 60,
        "prepaid": 2000,
        "time": "12:00-24:00",
        "unit": 1
      }
    ],
    "queue_order": null,
    "reserve_order": null,
    "slave": {
      "id": "00000000-0000-0000-0000-000000000000",
      "created_at": "0001-01-01T00:00:00Z",
      "updated_at": "0001-01-01T00:00:00Z",
      "online": false,
      "fictitious": 0,
      "mac": "",
      "name": "",
      "type": 0,
      "server": "",
      "version": "",
      "online_at": "0001-01-01T00:00:00Z",
      "disconnect_at": "0001-01-01T00:00:00Z",
      "is_slave": false,
      "main": false,
      "node_id": "",
      "node": null
    },
    "status": 1,
    "sub_type": "",
    "table_order": null,
    "type": 3,
    "node_name": "深圳新锦安店",
    "address_name": "宝安区新安街道新锦安雅园三期D栋D4栋二层57"
  },
  {
    "about_table": null,
    "address": "A03",
    "area_no": "",
    "device": {
      "id": "8f7afe1a-c778-42d6-a83e-fc7afdf47ae0",
      "created_at": "2023-04-23T12:14:05.49267+08:00",
      "updated_at": "2023-08-12T10:50:33.110842+08:00",
      "online": true,
      "fictitious": 1,
      "mac": "e4:08:e7:0d:34:71",
      "name": "t22232454540",
      "type": 1,
      "server": "broker1",
      "version": "0.0.73",
      "online_at": "2023-08-12T10:50:33.103584+08:00",
      "disconnect_at": "2023-08-10T01:17:47.592362+08:00",
      "is_slave": true,
      "main": true,
      "node_id": "010f6859-e2fa-401c-a37e-da5b35a4daab",
      "node": null
    },
    "id": "7ad32dd2-0e51-440c-b62b-4238ba091fcb",
    "manager_order": null,
    "name": "t11990927122",
    "pay_rule": {
      "deposit": 15000,
      "low_money": 0,
      "per_money": 4500,
      "per_time": 60,
      "prepaid": 2000,
      "time": "12:00-24:00",
      "unit": 1
    },
    "pay_rules": [
      {
        "deposit": 15000,
        "low_money": 0,
        "per_money": 3500,
        "per_time": 60,
        "prepaid": 2000,
        "time": "00:00-12:00",
        "unit": 1
      },
      {
        "deposit": 15000,
        "low_money": 0,
        "per_money": 4500,
        "per_time": 60,
        "prepaid": 2000,
        "time": "12:00-24:00",
        "unit": 1
      }
    ],
    "queue_order": null,
    "reserve_order": null,
    "slave": {
      "id": "00000000-0000-0000-0000-000000000000",
      "created_at": "0001-01-01T00:00:00Z",
      "updated_at": "0001-01-01T00:00:00Z",
      "online": false,
      "fictitious": 0,
      "mac": "",
      "name": "",
      "type": 0,
      "server": "",
      "version": "",
      "online_at": "0001-01-01T00:00:00Z",
      "disconnect_at": "0001-01-01T00:00:00Z",
      "is_slave": false,
      "main": false,
      "node_id": "",
      "node": null
    },
    "status": 1,
    "sub_type": "",
    "table_order": null,
    "type": 1,
    "node_name": "深圳新锦安店",
    "address_name": "宝安区新安街道新锦安雅园三期D栋D4栋二层57"
  },
  {
    "about_table": null,
    "address": "A06",
    "area_no": "",
    "device": {
      "id": "8f7afe1a-c778-42d6-a83e-fc7afdf47ae0",
      "created_at": "2023-04-23T12:14:05.49267+08:00",
      "updated_at": "2023-08-12T10:50:33.110842+08:00",
      "online": true,
      "fictitious": 1,
      "mac": "e4:08:e7:0d:34:71",
      "name": "t22232454540",
      "type": 1,
      "server": "broker1",
      "version": "0.0.73",
      "online_at": "2023-08-12T10:50:33.103584+08:00",
      "disconnect_at": "2023-08-10T01:17:47.592362+08:00",
      "is_slave": true,
      "main": true,
      "node_id": "010f6859-e2fa-401c-a37e-da5b35a4daab",
      "node": null
    },
    "id": "8f1e8be0-c59f-4e32-9958-57c8aaed79fe",
    "manager_order": null,
    "name": "t11991606977",
    "pay_rule": {
      "deposit": 15000,
      "low_money": 0,
      "per_money": 4500,
      "per_time": 60,
      "prepaid": 2000,
      "time": "12:00-24:00",
      "unit": 1
    },
    "pay_rules": [
      {
        "deposit": 15000,
        "low_money": 0,
        "per_money": 3500,
        "per_time": 60,
        "prepaid": 2000,
        "time": "00:00-12:00",
        "unit": 1
      },
      {
        "deposit": 15000,
        "low_money": 0,
        "per_money": 4500,
        "per_time": 60,
        "prepaid": 2000,
        "time": "12:00-24:00",
        "unit": 1
      }
    ],
    "queue_order": null,
    "reserve_order": null,
    "slave": {
      "id": "00000000-0000-0000-0000-000000000000",
      "created_at": "0001-01-01T00:00:00Z",
      "updated_at": "0001-01-01T00:00:00Z",
      "online": false,
      "fictitious": 0,
      "mac": "",
      "name": "",
      "type": 0,
      "server": "",
      "version": "",
      "online_at": "0001-01-01T00:00:00Z",
      "disconnect_at": "0001-01-01T00:00:00Z",
      "is_slave": false,
      "main": false,
      "node_id": "",
      "node": null
    },
    "status": 2,
    "sub_type": "",
    "table_order": {
      "id": "20261592-1cd7-41de-ac76-86410b5fa277",
      "created_at": "2023-08-16T17:50:30.769485+08:00",
      "updated_at": "2023-08-16T17:50:30.773892+08:00",
      "display_id": "23081694307675529844",
      "info": {
        "joins": null,
        "site_name": "深圳新锦安店",
        "site_phone": "19147755022",
        "table_name": "t11991606977",
        "table_type": 1,
        "table_address": "A06",
        "user_nickname": "",
        "balance_deposit": 0,
        "user_avatar_url": ""
      },
      "status": 1,
      "start_at": "2023-08-16T17:50:30.637335+08:00",
      "end_at": "2023-08-16T23:10:30.637335+08:00",
      "pay_way": "wechat",
      "phone": "18073595978",
      "node_id": "010f6859-e2fa-401c-a37e-da5b35a4daab",
      "node": null,
      "member_id": "d02616b2-721b-4818-9d2d-de3b81fde860",
      "member": null,
      "social_user_id": "4a64d3c1-3ed0-48d6-b68f-4e9c97990798",
      "social_user": {
        "id": "4a64d3c1-3ed0-48d6-b68f-4e9c97990798",
        "created_at": "2023-08-16T17:48:59.203435+08:00",
        "updated_at": "2023-08-16T17:50:24.304791+08:00",
        "follow": true,
        "avatar_url": "",
        "nickname": "",
        "phone": "18073595978",
        "about_done_count": 0,
        "about_cancel_count": 0,
        "balance": 0,
        "coupon_count": 0,
        "forbid": false
      },
      "type": 1,
      "play_type": 1,
      "used_time": 48,
      "money": 0,
      "old_money": 0,
      "payed": 15000,
      "deposit": 15000,
      "behalf_pay": false,
      "coupon_money": 0,
      "balance_money": 0,
      "refund_balance": 0,
      "recharge_money": 0,
      "refund_money": 15000,
      "return_money": 0,
      "regular_time": null,
      "pay_rules": [
        {
          "id": "7fc9a7fb-cb4f-4753-aaf4-458a51f90b33",
          "node": null,
          "time": "00:00-12:00",
          "unit": 1,
          "deposit": 15000,
          "node_id": "010f6859-e2fa-401c-a37e-da5b35a4daab",
          "prepaid": 2000,
          "per_time": 60,
          "low_money": 0,
          "per_money": 3500,
          "created_at": "2023-06-17T18:20:07.95836+08:00",
          "updated_at": "2023-06-17T18:23:15.925754+08:00"
        },
        {
          "id": "388354dc-a6a6-4b35-8dc3-8105e46d657b",
          "node": null,
          "time": "12:00-24:00",
          "unit": 1,
          "deposit": 15000,
          "node_id": "010f6859-e2fa-401c-a37e-da5b35a4daab",
          "prepaid": 2000,
          "per_time": 60,
          "low_money": 0,
          "per_money": 4500,
          "created_at": "2023-06-17T18:20:42.949047+08:00",
          "updated_at": "2023-06-17T18:23:08.210646+08:00"
        }
      ],
      "about_table": "",
      "table_type": 1,
      "table_id": "8f1e8be0-c59f-4e32-9958-57c8aaed79fe",
      "table": null,
      "reserve_order_id": null,
      "reserver_order": null,
      "coupon_id": "53c2abb9-2bbd-4800-ad0c-3e2ae1038e2e",
      "coupon": {
        "id": "53c2abb9-2bbd-4800-ad0c-3e2ae1038e2e",
        "created_at": "2023-08-16T17:49:57.304511+08:00",
        "updated_at": "2023-08-16T17:50:30.766914+08:00",
        "name": "【小铁台球】39.9元两小时体验券",
        "status": 3,
        "type": 1,
        "sub_types": [],
        "use_type": 2,
        "money": 0,
        "sale_money": 0,
        "time": 120,
        "deposit": true,
        "deduction_deposit": true,
        "valid_day": 15,
        "expired_at": "2023-08-31T17:49:57.190284+08:00",
        "start_at": "2023-08-01T00:00:00+08:00",
        "end_at": "2028-08-01T00:00:00+08:00",
        "remark": "",
        "exchange_id": "1764231034974223",
        "exchange_type": "抖音",
        "use_time": "0-1440",
        "way": 1,
        "use_at": "2023-08-16T17:50:30.637335+08:00",
        "use_site_name": "深圳新锦安店",
        "suit_site": "深圳新锦安店",
        "coupon_package_id": "abf95593-ae61-4146-8338-8e68ef2bea83",
        "coupon_order_id": "0c5c795a-ae52-4ccb-8def-6dd500a547e9"
      },
      "queue_order_id": null,
      "queue_order": null,
      "behalfer_id": null,
      "behalfer": null,
      "balances": null,
      "pay_rule": {
        "deposit": 15000,
        "low_money": 0,
        "per_money": 4500,
        "per_time": 60,
        "prepaid": 2000,
        "time": "12:00-24:00",
        "unit": 1
      }
    },
    "type": 1,
    "node_name": "深圳新锦安店",
    "address_name": "宝安区新安街道新锦安雅园三期D栋D4栋二层57"
  },
  {
    "about_table": null,
    "address": "A02",
    "area_no": "",
    "device": {
      "id": "8f7afe1a-c778-42d6-a83e-fc7afdf47ae0",
      "created_at": "2023-04-23T12:14:05.49267+08:00",
      "updated_at": "2023-08-12T10:50:33.110842+08:00",
      "online": true,
      "fictitious": 1,
      "mac": "e4:08:e7:0d:34:71",
      "name": "t22232454540",
      "type": 1,
      "server": "broker1",
      "version": "0.0.73",
      "online_at": "2023-08-12T10:50:33.103584+08:00",
      "disconnect_at": "2023-08-10T01:17:47.592362+08:00",
      "is_slave": true,
      "main": true,
      "node_id": "010f6859-e2fa-401c-a37e-da5b35a4daab",
      "node": null
    },
    "id": "2fb3e5e0-5cb6-4704-a205-f737b963f016",
    "manager_order": null,
    "name": "t11990784254",
    "pay_rule": {
      "deposit": 15000,
      "low_money": 0,
      "per_money": 4500,
      "per_time": 60,
      "prepaid": 2000,
      "time": "12:00-24:00",
      "unit": 1
    },
    "pay_rules": [
      {
        "deposit": 15000,
        "low_money": 0,
        "per_money": 3500,
        "per_time": 60,
        "prepaid": 2000,
        "time": "00:00-12:00",
        "unit": 1
      },
      {
        "deposit": 15000,
        "low_money": 0,
        "per_money": 4500,
        "per_time": 60,
        "prepaid": 2000,
        "time": "12:00-24:00",
        "unit": 1
      }
    ],
    "queue_order": null,
    "reserve_order": null,
    "slave": {
      "id": "00000000-0000-0000-0000-000000000000",
      "created_at": "0001-01-01T00:00:00Z",
      "updated_at": "0001-01-01T00:00:00Z",
      "online": false,
      "fictitious": 0,
      "mac": "",
      "name": "",
      "type": 0,
      "server": "",
      "version": "",
      "online_at": "0001-01-01T00:00:00Z",
      "disconnect_at": "0001-01-01T00:00:00Z",
      "is_slave": false,
      "main": false,
      "node_id": "",
      "node": null
    },
    "status": 2,
    "sub_type": "",
    "table_order": {
      "id": "978c1afd-a5a5-4a42-a62a-fb6db27e11dc",
      "created_at": "2023-08-16T18:30:15.039165+08:00",
      "updated_at": "2023-08-16T18:30:15.043719+08:00",
      "display_id": "23081618150316078540",
      "info": {
        "joins": null,
        "site_name": "深圳新锦安店",
        "site_phone": "19147755022",
        "table_name": "t11990784254",
        "table_type": 1,
        "table_address": "A02",
        "user_nickname": "",
        "balance_deposit": 0,
        "user_avatar_url": ""
      },
      "status": 1,
      "start_at": "2023-08-16T18:30:14.901056+08:00",
      "end_at": "2023-08-16T22:50:14.901056+08:00",
      "pay_way": "wechat",
      "phone": "18025466344",
      "node_id": "010f6859-e2fa-401c-a37e-da5b35a4daab",
      "node": null,
      "member_id": "ff2b5062-57d8-4d28-a740-04b6364a5a8d",
      "member": null,
      "social_user_id": "6ce85018-07d8-4cd4-a914-ab3dc3d874be",
      "social_user": {
        "id": "6ce85018-07d8-4cd4-a914-ab3dc3d874be",
        "created_at": "2023-08-16T18:26:39.495902+08:00",
        "updated_at": "2023-08-16T18:28:12.410163+08:00",
        "follow": true,
        "avatar_url": "",
        "nickname": "",
        "phone": "18025466344",
        "about_done_count": 0,
        "about_cancel_count": 0,
        "balance": 0,
        "coupon_count": 0,
        "forbid": false
      },
      "type": 1,
      "play_type": 1,
      "used_time": 8,
      "money": 0,
      "old_money": 0,
      "payed": 15000,
      "deposit": 15000,
      "behalf_pay": false,
      "coupon_money": 0,
      "balance_money": 0,
      "refund_balance": 0,
      "recharge_money": 0,
      "refund_money": 15000,
      "return_money": 0,
      "regular_time": null,
      "pay_rules": [
        {
          "id": "7fc9a7fb-cb4f-4753-aaf4-458a51f90b33",
          "node": null,
          "time": "00:00-12:00",
          "unit": 1,
          "deposit": 15000,
          "node_id": "010f6859-e2fa-401c-a37e-da5b35a4daab",
          "prepaid": 2000,
          "per_time": 60,
          "low_money": 0,
          "per_money": 3500,
          "created_at": "2023-06-17T18:20:07.95836+08:00",
          "updated_at": "2023-06-17T18:23:15.925754+08:00"
        },
        {
          "id": "388354dc-a6a6-4b35-8dc3-8105e46d657b",
          "node": null,
          "time": "12:00-24:00",
          "unit": 1,
          "deposit": 15000,
          "node_id": "010f6859-e2fa-401c-a37e-da5b35a4daab",
          "prepaid": 2000,
          "per_time": 60,
          "low_money": 0,
          "per_money": 4500,
          "created_at": "2023-06-17T18:20:42.949047+08:00",
          "updated_at": "2023-06-17T18:23:08.210646+08:00"
        }
      ],
      "about_table": "",
      "table_type": 1,
      "table_id": "2fb3e5e0-5cb6-4704-a205-f737b963f016",
      "table": null,
      "reserve_order_id": null,
      "reserver_order": null,
      "coupon_id": "6248601c-a58f-4d2f-8d67-35dec179e303",
      "coupon": {
        "id": "6248601c-a58f-4d2f-8d67-35dec179e303",
        "created_at": "2023-08-16T18:29:33.783266+08:00",
        "updated_at": "2023-08-16T18:30:15.036535+08:00",
        "name": "【小铁台球】14.9一小时体验券",
        "status": 3,
        "type": 1,
        "sub_types": [],
        "use_type": 2,
        "money": 0,
        "sale_money": 0,
        "time": 60,
        "deposit": true,
        "deduction_deposit": true,
        "valid_day": 30,
        "expired_at": "2023-09-15T18:29:33.661939+08:00",
        "start_at": "2023-08-01T00:00:00+08:00",
        "end_at": "2028-08-01T00:00:00+08:00",
        "remark": "",
        "exchange_id": "866587935",
        "exchange_type": "美团",
        "use_time": "0-1440",
        "way": 1,
        "use_at": "2023-08-16T18:30:14.901056+08:00",
        "use_site_name": "深圳新锦安店",
        "suit_site": "深圳新锦安店",
        "coupon_package_id": "41da7aa9-bc56-4e22-b84f-a8a4cc96d8ef",
        "coupon_order_id": "a4372a88-db46-4361-baa6-5f00d10b6d96"
      },
      "queue_order_id": null,
      "queue_order": null,
      "behalfer_id": null,
      "behalfer": null,
      "balances": null,
      "pay_rule": {
        "deposit": 15000,
        "low_money": 0,
        "per_money": 4500,
        "per_time": 60,
        "prepaid": 2000,
        "time": "12:00-24:00",
        "unit": 1
      }
    },
    "type": 1,
    "node_name": "深圳新锦安店",
    "address_name": "宝安区新安街道新锦安雅园三期D栋D4栋二层57"
  },
  {
    "about_table": null,
    "address": "A01",
    "area_no": "",
    "device": {
      "id": "8f7afe1a-c778-42d6-a83e-fc7afdf47ae0",
      "created_at": "2023-04-23T12:14:05.49267+08:00",
      "updated_at": "2023-08-12T10:50:33.110842+08:00",
      "online": true,
      "fictitious": 1,
      "mac": "e4:08:e7:0d:34:71",
      "name": "t22232454540",
      "type": 1,
      "server": "broker1",
      "version": "0.0.73",
      "online_at": "2023-08-12T10:50:33.103584+08:00",
      "disconnect_at": "2023-08-10T01:17:47.592362+08:00",
      "is_slave": true,
      "main": true,
      "node_id": "010f6859-e2fa-401c-a37e-da5b35a4daab",
      "node": null
    },
    "id": "f127289c-a787-4f6e-80ff-a78087111755",
    "manager_order": null,
    "name": "t11990215588",
    "pay_rule": {
      "deposit": 15000,
      "low_money": 0,
      "per_money": 4500,
      "per_time": 60,
      "prepaid": 2000,
      "time": "12:00-24:00",
      "unit": 1
    },
    "pay_rules": [
      {
        "deposit": 15000,
        "low_money": 0,
        "per_money": 3500,
        "per_time": 60,
        "prepaid": 2000,
        "time": "00:00-12:00",
        "unit": 1
      },
      {
        "deposit": 15000,
        "low_money": 0,
        "per_money": 4500,
        "per_time": 60,
        "prepaid": 2000,
        "time": "12:00-24:00",
        "unit": 1
      }
    ],
    "queue_order": null,
    "reserve_order": null,
    "slave": {
      "id": "00000000-0000-0000-0000-000000000000",
      "created_at": "0001-01-01T00:00:00Z",
      "updated_at": "0001-01-01T00:00:00Z",
      "online": false,
      "fictitious": 0,
      "mac": "",
      "name": "",
      "type": 0,
      "server": "",
      "version": "",
      "online_at": "0001-01-01T00:00:00Z",
      "disconnect_at": "0001-01-01T00:00:00Z",
      "is_slave": false,
      "main": false,
      "node_id": "",
      "node": null
    },
    "status": 2,
    "sub_type": "",
    "table_order": {
      "id": "0022b4cb-6006-4903-bb24-ec9fc447a5f8",
      "created_at": "2023-08-16T14:57:45.990944+08:00",
      "updated_at": "2023-08-16T14:57:45.995401+08:00",
      "display_id": "23081690659935133103",
      "info": {
        "joins": null,
        "site_name": "深圳新锦安店",
        "site_phone": "19147755022",
        "table_name": "t11990215588",
        "table_type": 1,
        "table_address": "A01",
        "user_nickname": "",
        "balance_deposit": 0,
        "user_avatar_url": ""
      },
      "status": 1,
      "start_at": "2023-08-16T14:57:45.852104+08:00",
      "end_at": "2023-08-16T22:17:45.852104+08:00",
      "pay_way": "wechat",
      "phone": "13822700093",
      "node_id": "010f6859-e2fa-401c-a37e-da5b35a4daab",
      "node": null,
      "member_id": "0798dff3-dc22-40b8-919c-31bedd8826ec",
      "member": null,
      "social_user_id": "ab61c898-5fb2-4c22-98a2-3fd98814d00e",
      "social_user": {
        "id": "ab61c898-5fb2-4c22-98a2-3fd98814d00e",
        "created_at": "2023-08-16T14:54:06.729777+08:00",
        "updated_at": "2023-08-16T14:57:39.424631+08:00",
        "follow": true,
        "avatar_url": "",
        "nickname": "",
        "phone": "13822700093",
        "about_done_count": 0,
        "about_cancel_count": 0,
        "balance": 0,
        "coupon_count": 0,
        "forbid": false
      },
      "type": 1,
      "play_type": 1,
      "used_time": 221,
      "money": 0,
      "old_money": 0,
      "payed": 15000,
      "deposit": 15000,
      "behalf_pay": false,
      "coupon_money": 0,
      "balance_money": 0,
      "refund_balance": 0,
      "recharge_money": 0,
      "refund_money": 15000,
      "return_money": 0,
      "regular_time": null,
      "pay_rules": [
        {
          "id": "7fc9a7fb-cb4f-4753-aaf4-458a51f90b33",
          "node": null,
          "time": "00:00-12:00",
          "unit": 1,
          "deposit": 15000,
          "node_id": "010f6859-e2fa-401c-a37e-da5b35a4daab",
          "prepaid": 2000,
          "per_time": 60,
          "low_money": 0,
          "per_money": 3500,
          "created_at": "2023-06-17T18:20:07.95836+08:00",
          "updated_at": "2023-06-17T18:23:15.925754+08:00"
        },
        {
          "id": "388354dc-a6a6-4b35-8dc3-8105e46d657b",
          "node": null,
          "time": "12:00-24:00",
          "unit": 1,
          "deposit": 15000,
          "node_id": "010f6859-e2fa-401c-a37e-da5b35a4daab",
          "prepaid": 2000,
          "per_time": 60,
          "low_money": 0,
          "per_money": 4500,
          "created_at": "2023-06-17T18:20:42.949047+08:00",
          "updated_at": "2023-06-17T18:23:08.210646+08:00"
        }
      ],
      "about_table": "",
      "table_type": 1,
      "table_id": "f127289c-a787-4f6e-80ff-a78087111755",
      "table": null,
      "reserve_order_id": null,
      "reserver_order": null,
      "coupon_id": "31cde7da-c2f1-4857-8dca-f99669ad8f16",
      "coupon": {
        "id": "31cde7da-c2f1-4857-8dca-f99669ad8f16",
        "created_at": "2023-08-16T14:57:10.113847+08:00",
        "updated_at": "2023-08-16T14:57:45.988263+08:00",
        "name": "【小铁台球】79.9元四小时体验券",
        "status": 3,
        "type": 1,
        "sub_types": [],
        "use_type": 2,
        "money": 0,
        "sale_money": 0,
        "time": 240,
        "deposit": true,
        "deduction_deposit": true,
        "valid_day": 30,
        "expired_at": "2023-09-15T14:57:09.99045+08:00",
        "start_at": "2023-08-01T00:00:00+08:00",
        "end_at": "2028-08-01T00:00:00+08:00",
        "remark": "",
        "exchange_id": "1764231854507022",
        "exchange_type": "抖音",
        "use_time": "0-1440",
        "way": 1,
        "use_at": "2023-08-16T14:57:45.852104+08:00",
        "use_site_name": "深圳新锦安店",
        "suit_site": "深圳新锦安店",
        "coupon_package_id": "b3b8f908-bab4-4de9-80ac-ebde389e2711",
        "coupon_order_id": "96882d58-ff11-44dc-8693-1862c606acbf"
      },
      "queue_order_id": null,
      "queue_order": null,
      "behalfer_id": null,
      "behalfer": null,
      "balances": null,
      "pay_rule": {
        "deposit": 15000,
        "low_money": 0,
        "per_money": 4500,
        "per_time": 60,
        "prepaid": 2000,
        "time": "12:00-24:00",
        "unit": 1
      }
    },
    "type": 1,
    "node_name": "深圳新锦安店",
    "address_name": "宝安区新安街道新锦安雅园三期D栋D4栋二层57"
  },
  {
    "about_table": null,
    "address": "V01",
    "area_no": "",
    "device": {
      "id": "8f7afe1a-c778-42d6-a83e-fc7afdf47ae0",
      "created_at": "2023-04-23T12:14:05.49267+08:00",
      "updated_at": "2023-08-12T10:50:33.110842+08:00",
      "online": true,
      "fictitious": 1,
      "mac": "e4:08:e7:0d:34:71",
      "name": "t22232454540",
      "type": 1,
      "server": "broker1",
      "version": "0.0.73",
      "online_at": "2023-08-12T10:50:33.103584+08:00",
      "disconnect_at": "2023-08-10T01:17:47.592362+08:00",
      "is_slave": true,
      "main": true,
      "node_id": "010f6859-e2fa-401c-a37e-da5b35a4daab",
      "node": null
    },
    "id": "14d02c0a-8f95-4b23-998d-e145d5082bef",
    "manager_order": null,
    "name": "t11992941021",
    "pay_rule": {
      "deposit": 20000,
      "low_money": 0,
      "per_money": 6800,
      "per_time": 60,
      "prepaid": 2000,
      "time": "12:00-24:00",
      "unit": 1
    },
    "pay_rules": [
      {
        "deposit": 20000,
        "low_money": 0,
        "per_money": 5000,
        "per_time": 60,
        "prepaid": 2000,
        "time": "00:00-12:00",
        "unit": 1
      },
      {
        "deposit": 20000,
        "low_money": 0,
        "per_money": 6800,
        "per_time": 60,
        "prepaid": 2000,
        "time": "12:00-24:00",
        "unit": 1
      }
    ],
    "queue_order": null,
    "reserve_order": null,
    "slave": {
      "id": "00000000-0000-0000-0000-000000000000",
      "created_at": "0001-01-01T00:00:00Z",
      "updated_at": "0001-01-01T00:00:00Z",
      "online": false,
      "fictitious": 0,
      "mac": "",
      "name": "",
      "type": 0,
      "server": "",
      "version": "",
      "online_at": "0001-01-01T00:00:00Z",
      "disconnect_at": "0001-01-01T00:00:00Z",
      "is_slave": false,
      "main": false,
      "node_id": "",
      "node": null
    },
    "status": 2,
    "sub_type": "",
    "table_order": {
      "id": "fb4510e4-d8ab-4b8e-8bb8-9cb32e618383",
      "created_at": "2023-08-16T18:29:43.198671+08:00",
      "updated_at": "2023-08-16T18:29:43.203494+08:00",
      "display_id": "23081617831941485730",
      "info": {
        "joins": null,
        "site_name": "深圳新锦安店",
        "site_phone": "19147755022",
        "table_name": "t11992941021",
        "table_type": 4,
        "table_address": "V01",
        "user_nickname": "东辰工3强",
        "balance_deposit": 20000,
        "user_avatar_url": "https://table-file.xironiot.com/avatar/1676514905818910881_tmp_5448691efefaa710d460a6910d1aa1cb.jpg"
      },
      "status": 1,
      "start_at": "2023-08-16T18:29:43.074039+08:00",
      "end_at": "2023-08-16T21:25:43.074039+08:00",
      "pay_way": "wechat",
      "phone": "18826969813",
      "node_id": "010f6859-e2fa-401c-a37e-da5b35a4daab",
      "node": null,
      "member_id": "66b61b6f-4999-4b2f-8c3f-be145934e9b0",
      "member": null,
      "social_user_id": "3f734fc7-7c0b-4ae6-9d8d-6e42653771c3",
      "social_user": {
        "id": "3f734fc7-7c0b-4ae6-9d8d-6e42653771c3",
        "created_at": "2022-09-25T17:08:39.430461+08:00",
        "updated_at": "2023-08-16T18:29:37.710062+08:00",
        "follow": true,
        "avatar_url": "https://table-file.xironiot.com/avatar/1676514905818910881_tmp_5448691efefaa710d460a6910d1aa1cb.jpg",
        "nickname": "东辰工3强",
        "phone": "18826969813",
        "about_done_count": 0,
        "about_cancel_count": 0,
        "balance": 0,
        "coupon_count": 0,
        "forbid": false
      },
      "type": 1,
      "play_type": 1,
      "used_time": 9,
      "money": 1020,
      "old_money": 1020,
      "payed": 0,
      "deposit": 20000,
      "behalf_pay": false,
      "coupon_money": 0,
      "balance_money": 20000,
      "refund_balance": 0,
      "recharge_money": 0,
      "refund_money": 0,
      "return_money": 0,
      "regular_time": null,
      "pay_rules": [
        {
          "id": "af452138-ec40-4a93-ae2a-c720c53e5b8d",
          "node": null,
          "time": "00:00-12:00",
          "unit": 1,
          "deposit": 20000,
          "node_id": "010f6859-e2fa-401c-a37e-da5b35a4daab",
          "prepaid": 2000,
          "per_time": 60,
          "low_money": 0,
          "per_money": 5000,
          "created_at": "2023-06-17T18:24:25.437545+08:00",
          "updated_at": "2023-06-17T18:24:25.437545+08:00"
        },
        {
          "id": "4ca9aab7-b4a1-498d-bd11-c1316a82dd20",
          "node": null,
          "time": "12:00-24:00",
          "unit": 1,
          "deposit": 20000,
          "node_id": "010f6859-e2fa-401c-a37e-da5b35a4daab",
          "prepaid": 2000,
          "per_time": 60,
          "low_money": 0,
          "per_money": 6800,
          "created_at": "2023-06-17T18:24:59.094435+08:00",
          "updated_at": "2023-06-17T18:24:59.094435+08:00"
        }
      ],
      "about_table": "",
      "table_type": 4,
      "table_id": "14d02c0a-8f95-4b23-998d-e145d5082bef",
      "table": null,
      "reserve_order_id": null,
      "reserver_order": null,
      "coupon_id": null,
      "coupon": null,
      "queue_order_id": null,
      "queue_order": null,
      "behalfer_id": null,
      "behalfer": null,
      "balances": null,
      "pay_rule": {
        "deposit": 20000,
        "low_money": 0,
        "per_money": 6800,
        "per_time": 60,
        "prepaid": 2000,
        "time": "12:00-24:00",
        "unit": 1
      }
    },
    "type": 4,
    "node_name": "深圳新锦安店",
    "address_name": "宝安区新安街道新锦安雅园三期D栋D4栋二层57"
  },
  {
    "about_table": null,
    "address": "A05",
    "area_no": "",
    "device": {
      "id": "8f7afe1a-c778-42d6-a83e-fc7afdf47ae0",
      "created_at": "2023-04-23T12:14:05.49267+08:00",
      "updated_at": "2023-08-12T10:50:33.110842+08:00",
      "online": true,
      "fictitious": 1,
      "mac": "e4:08:e7:0d:34:71",
      "name": "t22232454540",
      "type": 1,
      "server": "broker1",
      "version": "0.0.73",
      "online_at": "2023-08-12T10:50:33.103584+08:00",
      "disconnect_at": "2023-08-10T01:17:47.592362+08:00",
      "is_slave": true,
      "main": true,
      "node_id": "010f6859-e2fa-401c-a37e-da5b35a4daab",
      "node": null
    },
    "id": "395f81ed-be29-426e-b08b-648f664dcc16",
    "manager_order": null,
    "name": "t11991491752",
    "pay_rule": {
      "deposit": 15000,
      "low_money": 0,
      "per_money": 4500,
      "per_time": 60,
      "prepaid": 2000,
      "time": "12:00-24:00",
      "unit": 1
    },
    "pay_rules": [
      {
        "deposit": 15000,
        "low_money": 0,
        "per_money": 3500,
        "per_time": 60,
        "prepaid": 2000,
        "time": "00:00-12:00",
        "unit": 1
      },
      {
        "deposit": 15000,
        "low_money": 0,
        "per_money": 4500,
        "per_time": 60,
        "prepaid": 2000,
        "time": "12:00-24:00",
        "unit": 1
      }
    ],
    "queue_order": null,
    "reserve_order": null,
    "slave": {
      "id": "00000000-0000-0000-0000-000000000000",
      "created_at": "0001-01-01T00:00:00Z",
      "updated_at": "0001-01-01T00:00:00Z",
      "online": false,
      "fictitious": 0,
      "mac": "",
      "name": "",
      "type": 0,
      "server": "",
      "version": "",
      "online_at": "0001-01-01T00:00:00Z",
      "disconnect_at": "0001-01-01T00:00:00Z",
      "is_slave": false,
      "main": false,
      "node_id": "",
      "node": null
    },
    "status": 2,
    "sub_type": "",
    "table_order": {
      "id": "15bbac50-d9c3-4e1c-b208-ec0937cd1240",
      "created_at": "2023-08-16T18:19:43.184337+08:00",
      "updated_at": "2023-08-16T18:19:43.18918+08:00",
      "display_id": "23081611831814781397",
      "info": {
        "joins": null,
        "site_name": "深圳新锦安店",
        "site_phone": "19147755022",
        "table_name": "t11991491752",
        "table_type": 1,
        "table_address": "A05",
        "user_nickname": "广志",
        "balance_deposit": 0,
        "user_avatar_url": "https://thirdwx.qlogo.cn/mmopen/vi_32/DYAIOgq83eoIVG8Ohic7w5JHEYuY1LL69Oyk0HEALcvujK4cFbHo1TkCWBes7atyoj1v1KAMeUtUgJukDC0r5DQ/132"
      },
      "status": 1,
      "start_at": "2023-08-16T18:19:43.041296+08:00",
      "end_at": "2023-08-17T18:19:43.041296+08:00",
      "pay_way": "wechat",
      "phone": "13418973025",
      "node_id": "010f6859-e2fa-401c-a37e-da5b35a4daab",
      "node": null,
      "member_id": "e2d0cbee-d4c1-4227-bdbc-167558e2a373",
      "member": null,
      "social_user_id": "1f98eb46-9f4a-4d0d-90cc-4954e316251e",
      "social_user": {
        "id": "1f98eb46-9f4a-4d0d-90cc-4954e316251e",
        "created_at": "2022-10-31T11:21:04.790953+08:00",
        "updated_at": "2023-08-16T18:14:15.513015+08:00",
        "follow": true,
        "avatar_url": "https://thirdwx.qlogo.cn/mmopen/vi_32/DYAIOgq83eoIVG8Ohic7w5JHEYuY1LL69Oyk0HEALcvujK4cFbHo1TkCWBes7atyoj1v1KAMeUtUgJukDC0r5DQ/132",
        "nickname": "广志",
        "phone": "13418973025",
        "about_done_count": 0,
        "about_cancel_count": 0,
        "balance": 0,
        "coupon_count": 0,
        "forbid": false
      },
      "type": 1,
      "play_type": 1,
      "used_time": 19,
      "money": 0,
      "old_money": 0,
      "payed": 15000,
      "deposit": 15000,
      "behalf_pay": false,
      "coupon_money": 0,
      "balance_money": 0,
      "refund_balance": 0,
      "recharge_money": 0,
      "refund_money": 15000,
      "return_money": 0,
      "regular_time": null,
      "pay_rules": [
        {
          "id": "7fc9a7fb-cb4f-4753-aaf4-458a51f90b33",
          "node": null,
          "time": "00:00-12:00",
          "unit": 1,
          "deposit": 15000,
          "node_id": "010f6859-e2fa-401c-a37e-da5b35a4daab",
          "prepaid": 2000,
          "per_time": 60,
          "low_money": 0,
          "per_money": 3500,
          "created_at": "2023-06-17T18:20:07.95836+08:00",
          "updated_at": "2023-06-17T18:23:15.925754+08:00"
        },
        {
          "id": "388354dc-a6a6-4b35-8dc3-8105e46d657b",
          "node": null,
          "time": "12:00-24:00",
          "unit": 1,
          "deposit": 15000,
          "node_id": "010f6859-e2fa-401c-a37e-da5b35a4daab",
          "prepaid": 2000,
          "per_time": 60,
          "low_money": 0,
          "per_money": 4500,
          "created_at": "2023-06-17T18:20:42.949047+08:00",
          "updated_at": "2023-06-17T18:23:08.210646+08:00"
        }
      ],
      "about_table": "",
      "table_type": 1,
      "table_id": "395f81ed-be29-426e-b08b-648f664dcc16",
      "table": null,
      "reserve_order_id": null,
      "reserver_order": null,
      "coupon_id": "8a92c321-d416-455c-ae46-5277f3a440e2",
      "coupon": {
        "id": "8a92c321-d416-455c-ae46-5277f3a440e2",
        "created_at": "2023-08-16T16:28:10.583218+08:00",
        "updated_at": "2023-08-16T18:19:43.18104+08:00",
        "name": "内部员工使用卷",
        "status": 3,
        "type": 1,
        "sub_types": null,
        "use_type": 1,
        "money": 0,
        "sale_money": 100,
        "time": 1440,
        "deposit": true,
        "deduction_deposit": false,
        "valid_day": 365,
        "expired_at": "2024-04-01T00:00:00+08:00",
        "start_at": "2023-05-04T00:00:00+08:00",
        "end_at": "2024-04-01T00:00:00+08:00",
        "remark": "抖音",
        "exchange_id": "内部员工使用卷",
        "exchange_type": "抖音",
        "use_time": "",
        "way": 1,
        "use_at": "2023-08-16T18:19:43.041296+08:00",
        "use_site_name": "深圳新锦安店",
        "suit_site": "新锦安旗舰店",
        "coupon_package_id": "8881faa1-8eaa-4929-b4b7-afe86ad51e98",
        "coupon_order_id": "072dc74b-e603-480f-b170-ae81c88a5e36"
      },
      "queue_order_id": null,
      "queue_order": null,
      "behalfer_id": null,
      "behalfer": null,
      "balances": null,
      "pay_rule": {
        "deposit": 15000,
        "low_money": 0,
        "per_money": 4500,
        "per_time": 60,
        "prepaid": 2000,
        "time": "12:00-24:00",
        "unit": 1
      }
    },
    "type": 1,
    "node_name": "深圳新锦安店",
    "address_name": "宝安区新安街道新锦安雅园三期D栋D4栋二层57"
  },
  {
    "about_table": null,
    "address": "A04",
    "area_no": "",
    "device": {
      "id": "8f7afe1a-c778-42d6-a83e-fc7afdf47ae0",
      "created_at": "2023-04-23T12:14:05.49267+08:00",
      "updated_at": "2023-08-12T10:50:33.110842+08:00",
      "online": true,
      "fictitious": 1,
      "mac": "e4:08:e7:0d:34:71",
      "name": "t22232454540",
      "type": 1,
      "server": "broker1",
      "version": "0.0.73",
      "online_at": "2023-08-12T10:50:33.103584+08:00",
      "disconnect_at": "2023-08-10T01:17:47.592362+08:00",
      "is_slave": true,
      "main": true,
      "node_id": "010f6859-e2fa-401c-a37e-da5b35a4daab",
      "node": null
    },
    "id": "7a5e21c1-5914-434b-a9e9-cc376eed032d",
    "manager_order": null,
    "name": "t11991024972",
    "pay_rule": {
      "deposit": 15000,
      "low_money": 0,
      "per_money": 4500,
      "per_time": 60,
      "prepaid": 2000,
      "time": "12:00-24:00",
      "unit": 1
    },
    "pay_rules": [
      {
        "deposit": 15000,
        "low_money": 0,
        "per_money": 3500,
        "per_time": 60,
        "prepaid": 2000,
        "time": "00:00-12:00",
        "unit": 1
      },
      {
        "deposit": 15000,
        "low_money": 0,
        "per_money": 4500,
        "per_time": 60,
        "prepaid": 2000,
        "time": "12:00-24:00",
        "unit": 1
      }
    ],
    "queue_order": null,
    "reserve_order": null,
    "slave": {
      "id": "00000000-0000-0000-0000-000000000000",
      "created_at": "0001-01-01T00:00:00Z",
      "updated_at": "0001-01-01T00:00:00Z",
      "online": false,
      "fictitious": 0,
      "mac": "",
      "name": "",
      "type": 0,
      "server": "",
      "version": "",
      "online_at": "0001-01-01T00:00:00Z",
      "disconnect_at": "0001-01-01T00:00:00Z",
      "is_slave": false,
      "main": false,
      "node_id": "",
      "node": null
    },
    "status": 2,
    "sub_type": "",
    "table_order": {
      "id": "8aa4d1c1-3f4a-4a30-8217-3b6eca7b652f",
      "created_at": "2023-08-16T17:54:09.090676+08:00",
      "updated_at": "2023-08-16T17:54:09.096691+08:00",
      "display_id": "23081696490906054605",
      "info": {
        "joins": null,
        "site_name": "深圳新锦安店",
        "site_phone": "19147755022",
        "table_name": "t11991024972",
        "table_type": 1,
        "table_address": "A04",
        "user_nickname": "A育英才体育🏀🏸彬彬教练",
        "balance_deposit": 0,
        "user_avatar_url": "https://table-file.xironiot.com/avatar/1686131998498693437_tmp_ec8748b0fe8ad1fc9be040bed90332d9.jpg"
      },
      "status": 1,
      "start_at": "2023-08-16T17:54:08.936945+08:00",
      "end_at": "2023-08-16T23:14:08.936945+08:00",
      "pay_way": "wechat",
      "phone": "15203033237",
      "node_id": "010f6859-e2fa-401c-a37e-da5b35a4daab",
      "node": null,
      "member_id": "6c627ed9-95a3-4a2d-b34f-1ebab0c4d349",
      "member": null,
      "social_user_id": "3f58ec6c-540e-4394-9d7b-d5c201652cd9",
      "social_user": {
        "id": "3f58ec6c-540e-4394-9d7b-d5c201652cd9",
        "created_at": "2023-06-07T16:32:24.178064+08:00",
        "updated_at": "2023-08-16T17:53:32.814214+08:00",
        "follow": true,
        "avatar_url": "https://table-file.xironiot.com/avatar/1686131998498693437_tmp_ec8748b0fe8ad1fc9be040bed90332d9.jpg",
        "nickname": "A育英才体育🏀🏸彬彬教练",
        "phone": "15203033237",
        "about_done_count": 0,
        "about_cancel_count": 0,
        "balance": 0,
        "coupon_count": 0,
        "forbid": false
      },
      "type": 1,
      "play_type": 1,
      "used_time": 44,
      "money": 0,
      "old_money": 0,
      "payed": 15000,
      "deposit": 15000,
      "behalf_pay": false,
      "coupon_money": 0,
      "balance_money": 0,
      "refund_balance": 0,
      "recharge_money": 0,
      "refund_money": 15000,
      "return_money": 0,
      "regular_time": null,
      "pay_rules": [
        {
          "id": "7fc9a7fb-cb4f-4753-aaf4-458a51f90b33",
          "node": null,
          "time": "00:00-12:00",
          "unit": 1,
          "deposit": 15000,
          "node_id": "010f6859-e2fa-401c-a37e-da5b35a4daab",
          "prepaid": 2000,
          "per_time": 60,
          "low_money": 0,
          "per_money": 3500,
          "created_at": "2023-06-17T18:20:07.95836+08:00",
          "updated_at": "2023-06-17T18:23:15.925754+08:00"
        },
        {
          "id": "388354dc-a6a6-4b35-8dc3-8105e46d657b",
          "node": null,
          "time": "12:00-24:00",
          "unit": 1,
          "deposit": 15000,
          "node_id": "010f6859-e2fa-401c-a37e-da5b35a4daab",
          "prepaid": 2000,
          "per_time": 60,
          "low_money": 0,
          "per_money": 4500,
          "created_at": "2023-06-17T18:20:42.949047+08:00",
          "updated_at": "2023-06-17T18:23:08.210646+08:00"
        }
      ],
      "about_table": "",
      "table_type": 1,
      "table_id": "7a5e21c1-5914-434b-a9e9-cc376eed032d",
      "table": null,
      "reserve_order_id": null,
      "reserver_order": null,
      "coupon_id": "1f6d7ff9-f1ba-4dd4-8ec3-e90e9a3b77e2",
      "coupon": {
        "id": "1f6d7ff9-f1ba-4dd4-8ec3-e90e9a3b77e2",
        "created_at": "2023-08-16T17:53:47.904226+08:00",
        "updated_at": "2023-08-16T17:54:09.087159+08:00",
        "name": "【小铁台球】39.9元两小时体验券",
        "status": 3,
        "type": 1,
        "sub_types": [],
        "use_type": 2,
        "money": 0,
        "sale_money": 0,
        "time": 120,
        "deposit": true,
        "deduction_deposit": true,
        "valid_day": 15,
        "expired_at": "2023-08-31T17:53:47.788286+08:00",
        "start_at": "2023-08-01T00:00:00+08:00",
        "end_at": "2028-08-01T00:00:00+08:00",
        "remark": "",
        "exchange_id": "1764231034974223",
        "exchange_type": "抖音",
        "use_time": "0-1440",
        "way": 1,
        "use_at": "2023-08-16T17:54:08.936945+08:00",
        "use_site_name": "深圳新锦安店",
        "suit_site": "深圳新锦安店",
        "coupon_package_id": "abf95593-ae61-4146-8338-8e68ef2bea83",
        "coupon_order_id": "2b6b1aa7-7ce2-4e98-b34a-90a4532802ad"
      },
      "queue_order_id": null,
      "queue_order": null,
      "behalfer_id": null,
      "behalfer": null,
      "balances": null,
      "pay_rule": {
        "deposit": 15000,
        "low_money": 0,
        "per_money": 4500,
        "per_time": 60,
        "prepaid": 2000,
        "time": "12:00-24:00",
        "unit": 1
      }
    },
    "type": 1,
    "node_name": "深圳新锦安店",
    "address_name": "宝安区新安街道新锦安雅园三期D栋D4栋二层57"
  },
  {
    "about_table": null,
    "address": "Q03",
    "area_no": "",
    "device": {
      "id": "8f7afe1a-c778-42d6-a83e-fc7afdf47ae0",
      "created_at": "2023-04-23T12:14:05.49267+08:00",
      "updated_at": "2023-08-12T10:50:33.110842+08:00",
      "online": true,
      "fictitious": 1,
      "mac": "e4:08:e7:0d:34:71",
      "name": "t22232454540",
      "type": 1,
      "server": "broker1",
      "version": "0.0.73",
      "online_at": "2023-08-12T10:50:33.103584+08:00",
      "disconnect_at": "2023-08-10T01:17:47.592362+08:00",
      "is_slave": true,
      "main": true,
      "node_id": "010f6859-e2fa-401c-a37e-da5b35a4daab",
      "node": null
    },
    "id": "e7a32e74-8693-4b88-b408-4831013f6c50",
    "manager_order": null,
    "name": "t11992821672",
    "pay_rule": {
      "deposit": 20000,
      "low_money": 0,
      "per_money": 4000,
      "per_time": 60,
      "prepaid": 2000,
      "time": "12:00-24:00",
      "unit": 1
    },
    "pay_rules": [
      {
        "deposit": 20000,
        "low_money": 0,
        "per_money": 3000,
        "per_time": 60,
        "prepaid": 2000,
        "time": "00:00-12:00",
        "unit": 1
      },
      {
        "deposit": 20000,
        "low_money": 0,
        "per_money": 4000,
        "per_time": 60,
        "prepaid": 2000,
        "time": "12:00-24:00",
        "unit": 1
      }
    ],
    "queue_order": null,
    "reserve_order": null,
    "slave": {
      "id": "00000000-0000-0000-0000-000000000000",
      "created_at": "0001-01-01T00:00:00Z",
      "updated_at": "0001-01-01T00:00:00Z",
      "online": false,
      "fictitious": 0,
      "mac": "",
      "name": "",
      "type": 0,
      "server": "",
      "version": "",
      "online_at": "0001-01-01T00:00:00Z",
      "disconnect_at": "0001-01-01T00:00:00Z",
      "is_slave": false,
      "main": false,
      "node_id": "",
      "node": null
    },
    "status": 1,
    "sub_type": "",
    "table_order": null,
    "type": 3,
    "node_name": "深圳新锦安店",
    "address_name": "宝安区新安街道新锦安雅园三期D栋D4栋二层57"
  },
  {
    "about_table": null,
    "address": "Q01",
    "area_no": "",
    "device": {
      "id": "8f7afe1a-c778-42d6-a83e-fc7afdf47ae0",
      "created_at": "2023-04-23T12:14:05.49267+08:00",
      "updated_at": "2023-08-12T10:50:33.110842+08:00",
      "online": true,
      "fictitious": 1,
      "mac": "e4:08:e7:0d:34:71",
      "name": "t22232454540",
      "type": 1,
      "server": "broker1",
      "version": "0.0.73",
      "online_at": "2023-08-12T10:50:33.103584+08:00",
      "disconnect_at": "2023-08-10T01:17:47.592362+08:00",
      "is_slave": true,
      "main": true,
      "node_id": "010f6859-e2fa-401c-a37e-da5b35a4daab",
      "node": null
    },
    "id": "3b783431-705b-459b-b72c-febdc01e7d8e",
    "manager_order": null,
    "name": "t11991711660",
    "pay_rule": {
      "deposit": 20000,
      "low_money": 0,
      "per_money": 4000,
      "per_time": 60,
      "prepaid": 2000,
      "time": "12:00-24:00",
      "unit": 1
    },
    "pay_rules": [
      {
        "deposit": 20000,
        "low_money": 0,
        "per_money": 3000,
        "per_time": 60,
        "prepaid": 2000,
        "time": "00:00-12:00",
        "unit": 1
      },
      {
        "deposit": 20000,
        "low_money": 0,
        "per_money": 4000,
        "per_time": 60,
        "prepaid": 2000,
        "time": "12:00-24:00",
        "unit": 1
      }
    ],
    "queue_order": null,
    "reserve_order": null,
    "slave": {
      "id": "00000000-0000-0000-0000-000000000000",
      "created_at": "0001-01-01T00:00:00Z",
      "updated_at": "0001-01-01T00:00:00Z",
      "online": false,
      "fictitious": 0,
      "mac": "",
      "name": "",
      "type": 0,
      "server": "",
      "version": "",
      "online_at": "0001-01-01T00:00:00Z",
      "disconnect_at": "0001-01-01T00:00:00Z",
      "is_slave": false,
      "main": false,
      "node_id": "",
      "node": null
    },
    "status": 2,
    "sub_type": "",
    "table_order": {
      "id": "8f75c359-8ef0-4377-b8fe-a2f0bdee87b4",
      "created_at": "2023-08-16T16:55:33.885757+08:00",
      "updated_at": "2023-08-16T16:55:33.890068+08:00",
      "display_id": "23081661338826715849",
      "info": {
        "joins": null,
        "site_name": "深圳新锦安店",
        "site_phone": "19147755022",
        "table_name": "t11991711660",
        "table_type": 3,
        "table_address": "Q01",
        "user_nickname": "",
        "balance_deposit": 0,
        "user_avatar_url": ""
      },
      "status": 1,
      "start_at": "2023-08-16T16:55:33.74703+08:00",
      "end_at": "2023-08-17T07:35:33.74703+08:00",
      "pay_way": "wechat",
      "phone": "13544131631",
      "node_id": "010f6859-e2fa-401c-a37e-da5b35a4daab",
      "node": null,
      "member_id": "97d581a5-5baf-47e5-8921-d6781c73af6f",
      "member": null,
      "social_user_id": "95cb87e4-deae-4d9c-be81-d1b28d06ec76",
      "social_user": {
        "id": "95cb87e4-deae-4d9c-be81-d1b28d06ec76",
        "created_at": "2023-08-16T16:54:24.528049+08:00",
        "updated_at": "2023-08-16T16:55:21.155739+08:00",
        "follow": true,
        "avatar_url": "",
        "nickname": "",
        "phone": "13544131631",
        "about_done_count": 0,
        "about_cancel_count": 0,
        "balance": 0,
        "coupon_count": 0,
        "forbid": false
      },
      "type": 2,
      "play_type": 1,
      "used_time": 103,
      "money": 0,
      "old_money": 0,
      "payed": 20000,
      "deposit": 20000,
      "behalf_pay": false,
      "coupon_money": 0,
      "balance_money": 0,
      "refund_balance": 0,
      "recharge_money": 0,
      "refund_money": 20000,
      "return_money": 0,
      "regular_time": null,
      "pay_rules": [
        {
          "id": "45899ea1-3b92-493b-9f81-2ff46399739d",
          "node": null,
          "time": "00:00-12:00",
          "unit": 1,
          "deposit": 20000,
          "node_id": "010f6859-e2fa-401c-a37e-da5b35a4daab",
          "prepaid": 2000,
          "per_time": 60,
          "low_money": 0,
          "per_money": 3000,
          "created_at": "2023-06-17T17:59:57.377014+08:00",
          "updated_at": "2023-06-17T18:16:30.999184+08:00"
        },
        {
          "id": "3a9f3a3f-a49f-4e7d-959f-cb6fa72cef1d",
          "node": null,
          "time": "12:00-24:00",
          "unit": 1,
          "deposit": 20000,
          "node_id": "010f6859-e2fa-401c-a37e-da5b35a4daab",
          "prepaid": 2000,
          "per_time": 60,
          "low_money": 0,
          "per_money": 4000,
          "created_at": "2023-06-17T18:01:09.302953+08:00",
          "updated_at": "2023-06-17T18:01:30.196218+08:00"
        }
      ],
      "about_table": "",
      "table_type": 3,
      "table_id": "3b783431-705b-459b-b72c-febdc01e7d8e",
      "table": null,
      "reserve_order_id": null,
      "reserver_order": null,
      "coupon_id": "62ece0e6-d61c-4f12-9ab7-218ba595e4ad",
      "coupon": {
        "id": "62ece0e6-d61c-4f12-9ab7-218ba595e4ad",
        "created_at": "2023-08-16T16:54:46.441706+08:00",
        "updated_at": "2023-08-16T16:55:33.883115+08:00",
        "name": "【小铁棋牌】149元八小时体验券",
        "status": 3,
        "type": 1,
        "sub_types": [],
        "use_type": 4,
        "money": 0,
        "sale_money": 0,
        "time": 480,
        "deposit": true,
        "deduction_deposit": true,
        "valid_day": 30,
        "expired_at": "2023-09-15T16:54:46.328593+08:00",
        "start_at": "2023-08-01T00:00:00+08:00",
        "end_at": "2028-08-01T00:00:00+08:00",
        "remark": "",
        "exchange_id": "1764315238217772",
        "exchange_type": "抖音",
        "use_time": "0-1440",
        "way": 1,
        "use_at": "2023-08-16T16:55:33.74703+08:00",
        "use_site_name": "深圳新锦安店",
        "suit_site": "深圳新锦安店",
        "coupon_package_id": "f03b833c-9e01-4082-bb22-cd3e1f20e605",
        "coupon_order_id": "abbb64eb-8c02-4e58-93c3-eaf181d8044a"
      },
      "queue_order_id": null,
      "queue_order": null,
      "behalfer_id": null,
      "behalfer": null,
      "balances": null,
      "pay_rule": {
        "deposit": 20000,
        "low_money": 0,
        "per_money": 4000,
        "per_time": 60,
        "prepaid": 2000,
        "time": "12:00-24:00",
        "unit": 1
      }
    },
    "type": 3,
    "node_name": "深圳新锦安店",
    "address_name": "宝安区新安街道新锦安雅园三期D栋D4栋二层57"
  },
  {
    "about_table": null,
    "address": "A07",
    "area_no": "",
    "device": {
      "id": "8f7afe1a-c778-42d6-a83e-fc7afdf47ae0",
      "created_at": "2023-04-23T12:14:05.49267+08:00",
      "updated_at": "2023-08-12T10:50:33.110842+08:00",
      "online": true,
      "fictitious": 1,
      "mac": "e4:08:e7:0d:34:71",
      "name": "t22232454540",
      "type": 1,
      "server": "broker1",
      "version": "0.0.73",
      "online_at": "2023-08-12T10:50:33.103584+08:00",
      "disconnect_at": "2023-08-10T01:17:47.592362+08:00",
      "is_slave": true,
      "main": true,
      "node_id": "010f6859-e2fa-401c-a37e-da5b35a4daab",
      "node": null
    },
    "id": "98219859-6c58-48d2-8c5d-bc0f7c8b7874",
    "manager_order": null,
    "name": "t16959567345",
    "pay_rule": {
      "deposit": 15000,
      "low_money": 0,
      "per_money": 4500,
      "per_time": 60,
      "prepaid": 2000,
      "time": "12:00-24:00",
      "unit": 1
    },
    "pay_rules": [
      {
        "deposit": 15000,
        "low_money": 0,
        "per_money": 3500,
        "per_time": 60,
        "prepaid": 2000,
        "time": "00:00-12:00",
        "unit": 1
      },
      {
        "deposit": 15000,
        "low_money": 0,
        "per_money": 4500,
        "per_time": 60,
        "prepaid": 2000,
        "time": "12:00-24:00",
        "unit": 1
      }
    ],
    "queue_order": null,
    "reserve_order": null,
    "slave": {
      "id": "00000000-0000-0000-0000-000000000000",
      "created_at": "0001-01-01T00:00:00Z",
      "updated_at": "0001-01-01T00:00:00Z",
      "online": false,
      "fictitious": 0,
      "mac": "",
      "name": "",
      "type": 0,
      "server": "",
      "version": "",
      "online_at": "0001-01-01T00:00:00Z",
      "disconnect_at": "0001-01-01T00:00:00Z",
      "is_slave": false,
      "main": false,
      "node_id": "",
      "node": null
    },
    "status": 1,
    "sub_type": "",
    "table_order": null,
    "type": 1,
    "node_name": "深圳新锦安店",
    "address_name": "宝安区新安街道新锦安雅园三期D栋D4栋二层57"
  }
]