[
  {
    "about_table": null,
    "address": "Q02",
    "area_no": "",
    "device": {
      "id": "8f7afe1a-c778-42d6-a83e-fc7afdf47ae0",
      "created_at": "2023-04-23T12:14:05.49267+08:00",
      "updated_at": "2023-08-12T10:50:33.110842+08:00",
      "online": true,
      "fictitious": 1,
      "mac": "e4:08:e7:0d:34:71",
      "name": "t22232454540",
      "type": 1,
      "server": "broker1",
      "version": "0.0.73",
      "online_at": "2023-08-12T10:50:33.103584+08:00",
      "disconnect_at": "2023-08-10T01:17:47.592362+08:00",
      "is_slave": true,
      "main": true,
      "node_id": "010f6859-e2fa-401c-a37e-da5b35a4daab",
      "node": null
    },
    "id": "b5ba92bd-053d-487e-bddd-188f6d00bd9b",
    "manager_order": null,
    "name": "t11991947403",
    "pay_rule": {
      "deposit": 20000,
      "low_money": 0,
      "per_money": 4000,
      "per_time": 60,
      "prepaid": 2000,
      "time": "12:00-24:00",
      "unit": 1
    },
    "pay_rules": [
      {
        "deposit": 20000,
        "low_money": 0,
        "per_money": 3000,
        "per_time": 60,
        "prepaid": 2000,
        "time": "00:00-12:00",
        "unit": 1
      },
      {
        "deposit": 20000,
        "low_money": 0,
        "per_money": 4000,
        "per_time": 60,
        "prepaid": 2000,
        "time": "12:00-24:00",
        "unit": 1
      }
    ],
    "queue_order": null,
    "reserve_order": null,
    "slave": {
      "id": "00000000-0000-0000-0000-000000000000",
      "created_at": "0001-01-01T00:00:00Z",
      "updated_at": "0001-01-01T00:00:00Z",
      "online": false,
      "fictitious": 0,
      "mac": "",
      "name": "",
      "type": 0,
      "server": "",
      "version": "",
      "online_at": "0001-01-01T00:00:00Z",
      "disconnect_at": "0001-01-01T00:00:00Z",
      "is_slave": false,
      "main": false,
      "node_id": "",
      "node": null
    },
    "status": 2,
    "sub_type": "",
    "table_order": {
      "id": "a2236ca1-097c-4115-9d83-caf57c96cfc4",
      "created_at": "2023-08-15T21:44:08.102863+08:00",
      "updated_at": "2023-08-15T21:44:08.107335+08:00",
      "display_id": "23081570481005689572",
      "info": {
        "joins": null,
        "site_name": "深圳新锦安店",
        "site_phone": "19147755022",
        "table_name": "t11991947403",
        "table_type": 3,
        "table_address": "Q02",
        "user_nickname": "",
        "balance_deposit": 0,
        "user_avatar_url": ""
      },
      "status": 1,
      "start_at": "2023-08-15T21:44:07.96376+08:00",
      "end_at": "2023-08-16T07:24:07.96376+08:00",
      "pay_way": "wechat",
      "phone": "16620952247",
      "node_id": "010f6859-e2fa-401c-a37e-da5b35a4daab",
      "node": null,
      "member_id": "f5bcb65b-634c-47a8-ae8b-87f1cb4711b2",
      "member": null,
      "social_user_id": "8e2fbeee-22bd-47d2-997f-16d018af6db4",
      "social_user": {
        "id": "8e2fbeee-22bd-47d2-997f-16d018af6db4",
        "created_at": "2023-08-15T21:42:48.768273+08:00",
        "updated_at": "2023-08-15T21:43:45.087221+08:00",
        "follow": true,
        "avatar_url": "",
        "nickname": "",
        "phone": "16620952247",
        "about_done_count": 0,
        "about_cancel_count": 0,
        "balance": 0,
        "coupon_count": 0,
        "forbid": false
      },
      "type": 2,
      "play_type": 1,
      "used_time": 29,
      "money": 0,
      "old_money": 0,
      "payed": 20000,
      "deposit": 20000,
      "behalf_pay": false,
      "coupon_money": 0,
      "balance_money": 0,
      "refund_balance": 0,
      "recharge_money": 0,
      "refund_money": 20000,
      "return_money": 0,
      "regular_time": null,
      "pay_rules": [
        {
          "id": "45899ea1-3b92-493b-9f81-2ff46399739d",
          "node": null,
          "time": "00:00-12:00",
          "unit": 1,
          "deposit": 20000,
          "node_id": "010f6859-e2fa-401c-a37e-da5b35a4daab",
          "prepaid": 2000,
          "per_time": 60,
          "low_money": 0,
          "per_money": 3000,
          "created_at": "2023-06-17T17:59:57.377014+08:00",
          "updated_at": "2023-06-17T18:16:30.999184+08:00"
        },
        {
          "id": "3a9f3a3f-a49f-4e7d-959f-cb6fa72cef1d",
          "node": null,
          "time": "12:00-24:00",
          "unit": 1,
          "deposit": 20000,
          "node_id": "010f6859-e2fa-401c-a37e-da5b35a4daab",
          "prepaid": 2000,
          "per_time": 60,
          "low_money": 0,
          "per_money": 4000,
          "created_at": "2023-06-17T18:01:09.302953+08:00",
          "updated_at": "2023-06-17T18:01:30.196218+08:00"
        }
      ],
      "about_table": "",
      "table_type": 3,
      "table_id": "b5ba92bd-053d-487e-bddd-188f6d00bd9b",
      "table": null,
      "reserve_order_id": null,
      "reserver_order": null,
      "coupon_id": "b8237b5b-3a10-436e-a1a9-e99a1488a35b",
      "coupon": {
        "id": "b8237b5b-3a10-436e-a1a9-e99a1488a35b",
        "created_at": "2023-08-15T21:43:31.718851+08:00",
        "updated_at": "2023-08-15T21:44:08.100302+08:00",
        "name": "【小铁棋牌】49.9三小时体验券",
        "status": 3,
        "type": 1,
        "sub_types": [],
        "use_type": 4,
        "money": 0,
        "sale_money": 0,
        "time": 180,
        "deposit": true,
        "deduction_deposit": true,
        "valid_day": 30,
        "expired_at": "2023-09-14T21:43:31.603124+08:00",
        "start_at": "2023-08-01T00:00:00+08:00",
        "end_at": "2028-08-01T00:00:00+08:00",
        "remark": "",
        "exchange_id": "866319593",
        "exchange_type": "美团",
        "use_time": "0-1440",
        "way": 1,
        "use_at": "2023-08-15T21:44:07.96376+08:00",
        "use_site_name": "深圳新锦安店",
        "suit_site": "深圳新锦安店",
        "coupon_package_id": "b660f0a5-7fc4-48fc-9b8e-31e5e8e5a945",
        "coupon_order_id": "98be900a-2b38-4554-bf1c-9791ff16be5d"
      },
      "queue_order_id": null,
      "queue_order": null,
      "behalfer_id": null,
      "behalfer": null,
      "balances": null,
      "pay_rule": {
        "deposit": 20000,
        "low_money": 0,
        "per_money": 4000,
        "per_time": 60,
        "prepaid": 2000,
        "time": "12:00-24:00",
        "unit": 1
      }
    },
    "type": 3,
    "node_name": "深圳新锦安店",
    "address_name": "宝安区新安街道新锦安雅园三期D栋D4栋二层57"
  },
  {
    "about_table": null,
    "address": "A03",
    "area_no": "",
    "device": {
      "id": "8f7afe1a-c778-42d6-a83e-fc7afdf47ae0",
      "created_at": "2023-04-23T12:14:05.49267+08:00",
      "updated_at": "2023-08-12T10:50:33.110842+08:00",
      "online": true,
      "fictitious": 1,
      "mac": "e4:08:e7:0d:34:71",
      "name": "t22232454540",
      "type": 1,
      "server": "broker1",
      "version": "0.0.73",
      "online_at": "2023-08-12T10:50:33.103584+08:00",
      "disconnect_at": "2023-08-10T01:17:47.592362+08:00",
      "is_slave": true,
      "main": true,
      "node_id": "010f6859-e2fa-401c-a37e-da5b35a4daab",
      "node": null
    },
    "id": "7ad32dd2-0e51-440c-b62b-4238ba091fcb",
    "manager_order": null,
    "name": "t11990927122",
    "pay_rule": {
      "deposit": 15000,
      "low_money": 0,
      "per_money": 4500,
      "per_time": 60,
      "prepaid": 2000,
      "time": "12:00-24:00",
      "unit": 1
    },
    "pay_rules": [
      {
        "deposit": 15000,
        "low_money": 0,
        "per_money": 3500,
        "per_time": 60,
        "prepaid": 2000,
        "time": "00:00-12:00",
        "unit": 1
      },
      {
        "deposit": 15000,
        "low_money": 0,
        "per_money": 4500,
        "per_time": 60,
        "prepaid": 2000,
        "time": "12:00-24:00",
        "unit": 1
      }
    ],
    "queue_order": null,
    "reserve_order": null,
    "slave": {
      "id": "00000000-0000-0000-0000-000000000000",
      "created_at": "0001-01-01T00:00:00Z",
      "updated_at": "0001-01-01T00:00:00Z",
      "online": false,
      "fictitious": 0,
      "mac": "",
      "name": "",
      "type": 0,
      "server": "",
      "version": "",
      "online_at": "0001-01-01T00:00:00Z",
      "disconnect_at": "0001-01-01T00:00:00Z",
      "is_slave": false,
      "main": false,
      "node_id": "",
      "node": null
    },
    "status": 2,
    "sub_type": "",
    "table_order": {
      "id": "61e68e77-dc02-4ff9-ad35-167adb733fb2",
      "created_at": "2023-08-15T22:09:08.035697+08:00",
      "updated_at": "2023-08-15T22:09:08.040611+08:00",
      "display_id": "23081585480378781192",
      "info": {
        "joins": null,
        "site_name": "深圳新锦安店",
        "site_phone": "19147755022",
        "table_name": "t11990927122",
        "table_type": 1,
        "table_address": "A03",
        "user_nickname": "邓豪",
        "balance_deposit": 15000,
        "user_avatar_url": "https://table-file.xironiot.com/avatar/1677564541817835986_tmp_b1ac9190e56a4ee1e24085071ffeababe8ceb1e63c573c70.jpg"
      },
      "status": 1,
      "start_at": "2023-08-15T22:09:07.899417+08:00",
      "end_at": "2023-08-16T01:54:07.899417+08:00",
      "pay_way": "wechat",
      "phone": "13145834323",
      "node_id": "010f6859-e2fa-401c-a37e-da5b35a4daab",
      "node": null,
      "member_id": "993b84e5-ce1a-4817-85a5-cab03521cf45",
      "member": null,
      "social_user_id": "9cf40c50-beca-4bc4-97eb-6103478e6626",
      "social_user": {
        "id": "9cf40c50-beca-4bc4-97eb-6103478e6626",
        "created_at": "2023-02-27T09:42:13.967794+08:00",
        "updated_at": "2023-08-15T22:09:04.224015+08:00",
        "follow": true,
        "avatar_url": "https://table-file.xironiot.com/avatar/1677564541817835986_tmp_b1ac9190e56a4ee1e24085071ffeababe8ceb1e63c573c70.jpg",
        "nickname": "邓豪",
        "phone": "13145834323",
        "about_done_count": 0,
        "about_cancel_count": 0,
        "balance": 0,
        "coupon_count": 0,
        "forbid": false
      },
      "type": 1,
      "play_type": 1,
      "used_time": 4,
      "money": 300,
      "old_money": 300,
      "payed": 0,
      "deposit": 15000,
      "behalf_pay": false,
      "coupon_money": 0,
      "balance_money": 15000,
      "refund_balance": 0,
      "recharge_money": 0,
      "refund_money": 0,
      "return_money": 0,
      "regular_time": null,
      "pay_rules": [
        {
          "id": "7fc9a7fb-cb4f-4753-aaf4-458a51f90b33",
          "node": null,
          "time": "00:00-12:00",
          "unit": 1,
          "deposit": 15000,
          "node_id": "010f6859-e2fa-401c-a37e-da5b35a4daab",
          "prepaid": 2000,
          "per_time": 60,
          "low_money": 0,
          "per_money": 3500,
          "created_at": "2023-06-17T18:20:07.95836+08:00",
          "updated_at": "2023-06-17T18:23:15.925754+08:00"
        },
        {
          "id": "388354dc-a6a6-4b35-8dc3-8105e46d657b",
          "node": null,
          "time": "12:00-24:00",
          "unit": 1,
          "deposit": 15000,
          "node_id": "010f6859-e2fa-401c-a37e-da5b35a4daab",
          "prepaid": 2000,
          "per_time": 60,
          "low_money": 0,
          "per_money": 4500,
          "created_at": "2023-06-17T18:20:42.949047+08:00",
          "updated_at": "2023-06-17T18:23:08.210646+08:00"
        }
      ],
      "about_table": "",
      "table_type": 1,
      "table_id": "7ad32dd2-0e51-440c-b62b-4238ba091fcb",
      "table": null,
      "reserve_order_id": null,
      "reserver_order": null,
      "coupon_id": null,
      "coupon": null,
      "queue_order_id": null,
      "queue_order": null,
      "behalfer_id": null,
      "behalfer": null,
      "balances": null,
      "pay_rule": {
        "deposit": 15000,
        "low_money": 0,
        "per_money": 4500,
        "per_time": 60,
        "prepaid": 2000,
        "time": "12:00-24:00",
        "unit": 1
      }
    },
    "type": 1,
    "node_name": "深圳新锦安店",
    "address_name": "宝安区新安街道新锦安雅园三期D栋D4栋二层57"
  },
  {
    "about_table": null,
    "address": "A06",
    "area_no": "",
    "device": {
      "id": "8f7afe1a-c778-42d6-a83e-fc7afdf47ae0",
      "created_at": "2023-04-23T12:14:05.49267+08:00",
      "updated_at": "2023-08-12T10:50:33.110842+08:00",
      "online": true,
      "fictitious": 1,
      "mac": "e4:08:e7:0d:34:71",
      "name": "t22232454540",
      "type": 1,
      "server": "broker1",
      "version": "0.0.73",
      "online_at": "2023-08-12T10:50:33.103584+08:00",
      "disconnect_at": "2023-08-10T01:17:47.592362+08:00",
      "is_slave": true,
      "main": true,
      "node_id": "010f6859-e2fa-401c-a37e-da5b35a4daab",
      "node": null
    },
    "id": "8f1e8be0-c59f-4e32-9958-57c8aaed79fe",
    "manager_order": null,
    "name": "t11991606977",
    "pay_rule": {
      "deposit": 15000,
      "low_money": 0,
      "per_money": 4500,
      "per_time": 60,
      "prepaid": 2000,
      "time": "12:00-24:00",
      "unit": 1
    },
    "pay_rules": [
      {
        "deposit": 15000,
        "low_money": 0,
        "per_money": 3500,
        "per_time": 60,
        "prepaid": 2000,
        "time": "00:00-12:00",
        "unit": 1
      },
      {
        "deposit": 15000,
        "low_money": 0,
        "per_money": 4500,
        "per_time": 60,
        "prepaid": 2000,
        "time": "12:00-24:00",
        "unit": 1
      }
    ],
    "queue_order": null,
    "reserve_order": null,
    "slave": {
      "id": "00000000-0000-0000-0000-000000000000",
      "created_at": "0001-01-01T00:00:00Z",
      "updated_at": "0001-01-01T00:00:00Z",
      "online": false,
      "fictitious": 0,
      "mac": "",
      "name": "",
      "type": 0,
      "server": "",
      "version": "",
      "online_at": "0001-01-01T00:00:00Z",
      "disconnect_at": "0001-01-01T00:00:00Z",
      "is_slave": false,
      "main": false,
      "node_id": "",
      "node": null
    },
    "status": 2,
    "sub_type": "",
    "table_order": {
      "id": "adb43987-638f-479c-9cda-3b5153ead627",
      "created_at": "2023-08-15T20:51:14.284132+08:00",
      "updated_at": "2023-08-15T20:51:14.289421+08:00",
      "display_id": "23081538742823988659",
      "info": {
        "joins": null,
        "site_name": "深圳新锦安店",
        "site_phone": "19147755022",
        "table_name": "t11991606977",
        "table_type": 1,
        "table_address": "A06",
        "user_nickname": "單子桑",
        "balance_deposit": 0,
        "user_avatar_url": "https://table-file.xironiot.com/avatar/1690902190318951449_tmp_214a550050af29b7fe3df189f57b2a49ec6023b1faecf76c.jpg"
      },
      "status": 1,
      "start_at": "2023-08-15T20:51:14.134638+08:00",
      "end_at": "2023-08-16T02:48:14.134638+08:00",
      "pay_way": "wechat",
      "phone": "19925155433",
      "node_id": "010f6859-e2fa-401c-a37e-da5b35a4daab",
      "node": null,
      "member_id": "e4e1b184-1090-49d4-abeb-c46995aa1404",
      "member": null,
      "social_user_id": "a2908e12-4241-45b4-9383-ba2506ac8b85",
      "social_user": {
        "id": "a2908e12-4241-45b4-9383-ba2506ac8b85",
        "created_at": "2023-08-01T19:59:16.337835+08:00",
        "updated_at": "2023-08-15T20:48:13.014201+08:00",
        "follow": true,
        "avatar_url": "https://table-file.xironiot.com/avatar/1690902190318951449_tmp_214a550050af29b7fe3df189f57b2a49ec6023b1faecf76c.jpg",
        "nickname": "單子桑",
        "phone": "19925155433",
        "about_done_count": 0,
        "about_cancel_count": 0,
        "balance": 0,
        "coupon_count": 0,
        "forbid": false
      },
      "type": 1,
      "play_type": 1,
      "used_time": 81,
      "money": 0,
      "old_money": 0,
      "payed": 15000,
      "deposit": 15000,
      "behalf_pay": false,
      "coupon_money": 0,
      "balance_money": 0,
      "refund_balance": 0,
      "recharge_money": 0,
      "refund_money": 15000,
      "return_money": 0,
      "regular_time": null,
      "pay_rules": [
        {
          "id": "7fc9a7fb-cb4f-4753-aaf4-458a51f90b33",
          "node": null,
          "time": "00:00-12:00",
          "unit": 1,
          "deposit": 15000,
          "node_id": "010f6859-e2fa-401c-a37e-da5b35a4daab",
          "prepaid": 2000,
          "per_time": 60,
          "low_money": 0,
          "per_money": 3500,
          "created_at": "2023-06-17T18:20:07.95836+08:00",
          "updated_at": "2023-06-17T18:23:15.925754+08:00"
        },
        {
          "id": "388354dc-a6a6-4b35-8dc3-8105e46d657b",
          "node": null,
          "time": "12:00-24:00",
          "unit": 1,
          "deposit": 15000,
          "node_id": "010f6859-e2fa-401c-a37e-da5b35a4daab",
          "prepaid": 2000,
          "per_time": 60,
          "low_money": 0,
          "per_money": 4500,
          "created_at": "2023-06-17T18:20:42.949047+08:00",
          "updated_at": "2023-06-17T18:23:08.210646+08:00"
        }
      ],
      "about_table": "",
      "table_type": 1,
      "table_id": "8f1e8be0-c59f-4e32-9958-57c8aaed79fe",
      "table": null,
      "reserve_order_id": null,
      "reserver_order": null,
      "coupon_id": "270f1067-0e87-49f3-a846-2d7f66d967d1",
      "coupon": {
        "id": "270f1067-0e87-49f3-a846-2d7f66d967d1",
        "created_at": "2023-08-15T20:47:09.630523+08:00",
        "updated_at": "2023-08-15T20:51:14.280763+08:00",
        "name": "【小铁台球】39.9两小时体验券",
        "status": 3,
        "type": 1,
        "sub_types": [],
        "use_type": 2,
        "money": 0,
        "sale_money": 0,
        "time": 120,
        "deposit": true,
        "deduction_deposit": true,
        "valid_day": 30,
        "expired_at": "2023-09-14T20:47:09.516166+08:00",
        "start_at": "2023-08-01T00:00:00+08:00",
        "end_at": "2028-08-01T00:00:00+08:00",
        "remark": "",
        "exchange_id": "866317557",
        "exchange_type": "美团",
        "use_time": "0-1440",
        "way": 1,
        "use_at": "2023-08-15T20:51:14.134638+08:00",
        "use_site_name": "深圳新锦安店",
        "suit_site": "深圳新锦安店",
        "coupon_package_id": "8e3b47c6-0df6-4d43-8a6f-66a3f4c0ab24",
        "coupon_order_id": "02a0219a-6929-429f-9733-827d886e88f0"
      },
      "queue_order_id": null,
      "queue_order": null,
      "behalfer_id": null,
      "behalfer": null,
      "balances": null,
      "pay_rule": {
        "deposit": 15000,
        "low_money": 0,
        "per_money": 4500,
        "per_time": 60,
        "prepaid": 2000,
        "time": "12:00-24:00",
        "unit": 1
      }
    },
    "type": 1,
    "node_name": "深圳新锦安店",
    "address_name": "宝安区新安街道新锦安雅园三期D栋D4栋二层57"
  },
  {
    "about_table": null,
    "address": "A02",
    "area_no": "",
    "device": {
      "id": "8f7afe1a-c778-42d6-a83e-fc7afdf47ae0",
      "created_at": "2023-04-23T12:14:05.49267+08:00",
      "updated_at": "2023-08-12T10:50:33.110842+08:00",
      "online": true,
      "fictitious": 1,
      "mac": "e4:08:e7:0d:34:71",
      "name": "t22232454540",
      "type": 1,
      "server": "broker1",
      "version": "0.0.73",
      "online_at": "2023-08-12T10:50:33.103584+08:00",
      "disconnect_at": "2023-08-10T01:17:47.592362+08:00",
      "is_slave": true,
      "main": true,
      "node_id": "010f6859-e2fa-401c-a37e-da5b35a4daab",
      "node": null
    },
    "id": "2fb3e5e0-5cb6-4704-a205-f737b963f016",
    "manager_order": null,
    "name": "t11990784254",
    "pay_rule": {
      "deposit": 15000,
      "low_money": 0,
      "per_money": 4500,
      "per_time": 60,
      "prepaid": 2000,
      "time": "12:00-24:00",
      "unit": 1
    },
    "pay_rules": [
      {
        "deposit": 15000,
        "low_money": 0,
        "per_money": 3500,
        "per_time": 60,
        "prepaid": 2000,
        "time": "00:00-12:00",
        "unit": 1
      },
      {
        "deposit": 15000,
        "low_money": 0,
        "per_money": 4500,
        "per_time": 60,
        "prepaid": 2000,
        "time": "12:00-24:00",
        "unit": 1
      }
    ],
    "queue_order": null,
    "reserve_order": null,
    "slave": {
      "id": "00000000-0000-0000-0000-000000000000",
      "created_at": "0001-01-01T00:00:00Z",
      "updated_at": "0001-01-01T00:00:00Z",
      "online": false,
      "fictitious": 0,
      "mac": "",
      "name": "",
      "type": 0,
      "server": "",
      "version": "",
      "online_at": "0001-01-01T00:00:00Z",
      "disconnect_at": "0001-01-01T00:00:00Z",
      "is_slave": false,
      "main": false,
      "node_id": "",
      "node": null
    },
    "status": 1,
    "sub_type": "",
    "table_order": null,
    "type": 1,
    "node_name": "深圳新锦安店",
    "address_name": "宝安区新安街道新锦安雅园三期D栋D4栋二层57"
  },
  {
    "about_table": null,
    "address": "A01",
    "area_no": "",
    "device": {
      "id": "8f7afe1a-c778-42d6-a83e-fc7afdf47ae0",
      "created_at": "2023-04-23T12:14:05.49267+08:00",
      "updated_at": "2023-08-12T10:50:33.110842+08:00",
      "online": true,
      "fictitious": 1,
      "mac": "e4:08:e7:0d:34:71",
      "name": "t22232454540",
      "type": 1,
      "server": "broker1",
      "version": "0.0.73",
      "online_at": "2023-08-12T10:50:33.103584+08:00",
      "disconnect_at": "2023-08-10T01:17:47.592362+08:00",
      "is_slave": true,
      "main": true,
      "node_id": "010f6859-e2fa-401c-a37e-da5b35a4daab",
      "node": null
    },
    "id": "f127289c-a787-4f6e-80ff-a78087111755",
    "manager_order": null,
    "name": "t11990215588",
    "pay_rule": {
      "deposit": 15000,
      "low_money": 0,
      "per_money": 4500,
      "per_time": 60,
      "prepaid": 2000,
      "time": "12:00-24:00",
      "unit": 1
    },
    "pay_rules": [
      {
        "deposit": 15000,
        "low_money": 0,
        "per_money": 3500,
        "per_time": 60,
        "prepaid": 2000,
        "time": "00:00-12:00",
        "unit": 1
      },
      {
        "deposit": 15000,
        "low_money": 0,
        "per_money": 4500,
        "per_time": 60,
        "prepaid": 2000,
        "time": "12:00-24:00",
        "unit": 1
      }
    ],
    "queue_order": null,
    "reserve_order": null,
    "slave": {
      "id": "00000000-0000-0000-0000-000000000000",
      "created_at": "0001-01-01T00:00:00Z",
      "updated_at": "0001-01-01T00:00:00Z",
      "online": false,
      "fictitious": 0,
      "mac": "",
      "name": "",
      "type": 0,
      "server": "",
      "version": "",
      "online_at": "0001-01-01T00:00:00Z",
      "disconnect_at": "0001-01-01T00:00:00Z",
      "is_slave": false,
      "main": false,
      "node_id": "",
      "node": null
    },
    "status": 2,
    "sub_type": "",
    "table_order": {
      "id": "cb9e5b1c-5b48-443d-8773-6fe15f51e7b9",
      "created_at": "2023-08-15T20:11:43.471744+08:00",
      "updated_at": "2023-08-15T20:11:43.47637+08:00",
      "display_id": "23081515034722439975",
      "info": {
        "joins": null,
        "site_name": "深圳新锦安店",
        "site_phone": "19147755022",
        "table_name": "t11990215588",
        "table_type": 1,
        "table_address": "A01",
        "user_nickname": "",
        "balance_deposit": 0,
        "user_avatar_url": ""
      },
      "status": 1,
      "start_at": "2023-08-15T20:11:43.331594+08:00",
      "end_at": "2023-08-16T01:57:43.331594+08:00",
      "pay_way": "wechat",
      "phone": "15814600804",
      "node_id": "010f6859-e2fa-401c-a37e-da5b35a4daab",
      "node": null,
      "member_id": "b19b6886-ad4c-4a3e-95ee-fa3f2814f13b",
      "member": null,
      "social_user_id": "2e942772-b75f-4c09-8cfa-ea7d165269c5",
      "social_user": {
        "id": "2e942772-b75f-4c09-8cfa-ea7d165269c5",
        "created_at": "2023-07-27T19:43:35.448059+08:00",
        "updated_at": "2023-08-15T20:10:13.216883+08:00",
        "follow": true,
        "avatar_url": "",
        "nickname": "",
        "phone": "15814600804",
        "about_done_count": 0,
        "about_cancel_count": 0,
        "balance": 0,
        "coupon_count": 0,
        "forbid": false
      },
      "type": 1,
      "play_type": 1,
      "used_time": 121,
      "money": 75,
      "old_money": 75,
      "payed": 15000,
      "deposit": 15000,
      "behalf_pay": false,
      "coupon_money": 0,
      "balance_money": 0,
      "refund_balance": 0,
      "recharge_money": 0,
      "refund_money": 14925,
      "return_money": 0,
      "regular_time": null,
      "pay_rules": [
        {
          "id": "7fc9a7fb-cb4f-4753-aaf4-458a51f90b33",
          "node": null,
          "time": "00:00-12:00",
          "unit": 1,
          "deposit": 15000,
          "node_id": "010f6859-e2fa-401c-a37e-da5b35a4daab",
          "prepaid": 2000,
          "per_time": 60,
          "low_money": 0,
          "per_money": 3500,
          "created_at": "2023-06-17T18:20:07.95836+08:00",
          "updated_at": "2023-06-17T18:23:15.925754+08:00"
        },
        {
          "id": "388354dc-a6a6-4b35-8dc3-8105e46d657b",
          "node": null,
          "time": "12:00-24:00",
          "unit": 1,
          "deposit": 15000,
          "node_id": "010f6859-e2fa-401c-a37e-da5b35a4daab",
          "prepaid": 2000,
          "per_time": 60,
          "low_money": 0,
          "per_money": 4500,
          "created_at": "2023-06-17T18:20:42.949047+08:00",
          "updated_at": "2023-06-17T18:23:08.210646+08:00"
        }
      ],
      "about_table": "",
      "table_type": 1,
      "table_id": "f127289c-a787-4f6e-80ff-a78087111755",
      "table": null,
      "reserve_order_id": null,
      "reserver_order": null,
      "coupon_id": "7f0c6039-4781-42da-b7f9-48d34fe0644a",
      "coupon": {
        "id": "7f0c6039-4781-42da-b7f9-48d34fe0644a",
        "created_at": "2023-08-15T20:10:55.272741+08:00",
        "updated_at": "2023-08-15T20:11:43.468937+08:00",
        "name": "【小铁台球】39.9两小时体验券",
        "status": 3,
        "type": 1,
        "sub_types": [],
        "use_type": 2,
        "money": 0,
        "sale_money": 0,
        "time": 120,
        "deposit": true,
        "deduction_deposit": true,
        "valid_day": 30,
        "expired_at": "2023-09-14T20:10:55.146531+08:00",
        "start_at": "2023-08-01T00:00:00+08:00",
        "end_at": "2028-08-01T00:00:00+08:00",
        "remark": "",
        "exchange_id": "866317557",
        "exchange_type": "美团",
        "use_time": "0-1440",
        "way": 1,
        "use_at": "2023-08-15T20:11:43.331594+08:00",
        "use_site_name": "深圳新锦安店",
        "suit_site": "深圳新锦安店",
        "coupon_package_id": "8e3b47c6-0df6-4d43-8a6f-66a3f4c0ab24",
        "coupon_order_id": "d41bc13d-f833-4fa0-902d-e0ade89c8b0b"
      },
      "queue_order_id": null,
      "queue_order": null,
      "behalfer_id": null,
      "behalfer": null,
      "balances": null,
      "pay_rule": {
        "deposit": 15000,
        "low_money": 0,
        "per_money": 4500,
        "per_time": 60,
        "prepaid": 2000,
        "time": "12:00-24:00",
        "unit": 1
      }
    },
    "type": 1,
    "node_name": "深圳新锦安店",
    "address_name": "宝安区新安街道新锦安雅园三期D栋D4栋二层57"
  },
  {
    "about_table": null,
    "address": "V01",
    "area_no": "",
    "device": {
      "id": "8f7afe1a-c778-42d6-a83e-fc7afdf47ae0",
      "created_at": "2023-04-23T12:14:05.49267+08:00",
      "updated_at": "2023-08-12T10:50:33.110842+08:00",
      "online": true,
      "fictitious": 1,
      "mac": "e4:08:e7:0d:34:71",
      "name": "t22232454540",
      "type": 1,
      "server": "broker1",
      "version": "0.0.73",
      "online_at": "2023-08-12T10:50:33.103584+08:00",
      "disconnect_at": "2023-08-10T01:17:47.592362+08:00",
      "is_slave": true,
      "main": true,
      "node_id": "010f6859-e2fa-401c-a37e-da5b35a4daab",
      "node": null
    },
    "id": "14d02c0a-8f95-4b23-998d-e145d5082bef",
    "manager_order": null,
    "name": "t11992941021",
    "pay_rule": {
      "deposit": 20000,
      "low_money": 0,
      "per_money": 6800,
      "per_time": 60,
      "prepaid": 2000,
      "time": "12:00-24:00",
      "unit": 1
    },
    "pay_rules": [
      {
        "deposit": 20000,
        "low_money": 0,
        "per_money": 5000,
        "per_time": 60,
        "prepaid": 2000,
        "time": "00:00-12:00",
        "unit": 1
      },
      {
        "deposit": 20000,
        "low_money": 0,
        "per_money": 6800,
        "per_time": 60,
        "prepaid": 2000,
        "time": "12:00-24:00",
        "unit": 1
      }
    ],
    "queue_order": null,
    "reserve_order": null,
    "slave": {
      "id": "00000000-0000-0000-0000-000000000000",
      "created_at": "0001-01-01T00:00:00Z",
      "updated_at": "0001-01-01T00:00:00Z",
      "online": false,
      "fictitious": 0,
      "mac": "",
      "name": "",
      "type": 0,
      "server": "",
      "version": "",
      "online_at": "0001-01-01T00:00:00Z",
      "disconnect_at": "0001-01-01T00:00:00Z",
      "is_slave": false,
      "main": false,
      "node_id": "",
      "node": null
    },
    "status": 2,
    "sub_type": "",
    "table_order": {
      "id": "6f6bc720-7150-44da-aea3-cb143116895f",
      "created_at": "2023-08-15T20:08:57.677717+08:00",
      "updated_at": "2023-08-15T20:08:57.683118+08:00",
      "display_id": "23081513376731614788",
      "info": {
        "joins": null,
        "site_name": "深圳新锦安店",
        "site_phone": "19147755022",
        "table_name": "t11992941021",
        "table_type": 4,
        "table_address": "V01",
        "user_nickname": "灬槑尐猫",
        "balance_deposit": 20000,
        "user_avatar_url": "https://table-file.xironiot.com/avatar/1689776958794044408_tmp_455096a5836993eb419e30be95aa731b.jpg"
      },
      "status": 1,
      "start_at": "2023-08-15T20:08:57.551467+08:00",
      "end_at": "2023-08-15T23:04:57.551467+08:00",
      "pay_way": "wechat",
      "phone": "15889719881",
      "node_id": "010f6859-e2fa-401c-a37e-da5b35a4daab",
      "node": null,
      "member_id": "7395625a-05f8-4efb-ae74-ef97d211587a",
      "member": null,
      "social_user_id": "076308e5-9ac5-4d55-addd-0de1aad94c98",
      "social_user": {
        "id": "076308e5-9ac5-4d55-addd-0de1aad94c98",
        "created_at": "2023-07-19T20:31:24.036149+08:00",
        "updated_at": "2023-08-15T21:48:29.600739+08:00",
        "follow": true,
        "avatar_url": "https://table-file.xironiot.com/avatar/1689776958794044408_tmp_455096a5836993eb419e30be95aa731b.jpg",
        "nickname": "灬槑尐猫",
        "phone": "15889719881",
        "about_done_count": 0,
        "about_cancel_count": 0,
        "balance": 0,
        "coupon_count": 0,
        "forbid": false
      },
      "type": 1,
      "play_type": 1,
      "used_time": 124,
      "money": 14054,
      "old_money": 14054,
      "payed": 0,
      "deposit": 20000,
      "behalf_pay": false,
      "coupon_money": 0,
      "balance_money": 20000,
      "refund_balance": 0,
      "recharge_money": 0,
      "refund_money": 0,
      "return_money": 0,
      "regular_time": null,
      "pay_rules": [
        {
          "id": "af452138-ec40-4a93-ae2a-c720c53e5b8d",
          "node": null,
          "time": "00:00-12:00",
          "unit": 1,
          "deposit": 20000,
          "node_id": "010f6859-e2fa-401c-a37e-da5b35a4daab",
          "prepaid": 2000,
          "per_time": 60,
          "low_money": 0,
          "per_money": 5000,
          "created_at": "2023-06-17T18:24:25.437545+08:00",
          "updated_at": "2023-06-17T18:24:25.437545+08:00"
        },
        {
          "id": "4ca9aab7-b4a1-498d-bd11-c1316a82dd20",
          "node": null,
          "time": "12:00-24:00",
          "unit": 1,
          "deposit": 20000,
          "node_id": "010f6859-e2fa-401c-a37e-da5b35a4daab",
          "prepaid": 2000,
          "per_time": 60,
          "low_money": 0,
          "per_money": 6800,
          "created_at": "2023-06-17T18:24:59.094435+08:00",
          "updated_at": "2023-06-17T18:24:59.094435+08:00"
        }
      ],
      "about_table": "",
      "table_type": 4,
      "table_id": "14d02c0a-8f95-4b23-998d-e145d5082bef",
      "table": null,
      "reserve_order_id": null,
      "reserver_order": null,
      "coupon_id": null,
      "coupon": null,
      "queue_order_id": null,
      "queue_order": null,
      "behalfer_id": null,
      "behalfer": null,
      "balances": null,
      "pay_rule": {
        "deposit": 20000,
        "low_money": 0,
        "per_money": 6800,
        "per_time": 60,
        "prepaid": 2000,
        "time": "12:00-24:00",
        "unit": 1
      }
    },
    "type": 4,
    "node_name": "深圳新锦安店",
    "address_name": "宝安区新安街道新锦安雅园三期D栋D4栋二层57"
  },
  {
    "about_table": null,
    "address": "A05",
    "area_no": "",
    "device": {
      "id": "8f7afe1a-c778-42d6-a83e-fc7afdf47ae0",
      "created_at": "2023-04-23T12:14:05.49267+08:00",
      "updated_at": "2023-08-12T10:50:33.110842+08:00",
      "online": true,
      "fictitious": 1,
      "mac": "e4:08:e7:0d:34:71",
      "name": "t22232454540",
      "type": 1,
      "server": "broker1",
      "version": "0.0.73",
      "online_at": "2023-08-12T10:50:33.103584+08:00",
      "disconnect_at": "2023-08-10T01:17:47.592362+08:00",
      "is_slave": true,
      "main": true,
      "node_id": "010f6859-e2fa-401c-a37e-da5b35a4daab",
      "node": null
    },
    "id": "395f81ed-be29-426e-b08b-648f664dcc16",
    "manager_order": null,
    "name": "t11991491752",
    "pay_rule": {
      "deposit": 15000,
      "low_money": 0,
      "per_money": 4500,
      "per_time": 60,
      "prepaid": 2000,
      "time": "12:00-24:00",
      "unit": 1
    },
    "pay_rules": [
      {
        "deposit": 15000,
        "low_money": 0,
        "per_money": 3500,
        "per_time": 60,
        "prepaid": 2000,
        "time": "00:00-12:00",
        "unit": 1
      },
      {
        "deposit": 15000,
        "low_money": 0,
        "per_money": 4500,
        "per_time": 60,
        "prepaid": 2000,
        "time": "12:00-24:00",
        "unit": 1
      }
    ],
    "queue_order": null,
    "reserve_order": null,
    "slave": {
      "id": "00000000-0000-0000-0000-000000000000",
      "created_at": "0001-01-01T00:00:00Z",
      "updated_at": "0001-01-01T00:00:00Z",
      "online": false,
      "fictitious": 0,
      "mac": "",
      "name": "",
      "type": 0,
      "server": "",
      "version": "",
      "online_at": "0001-01-01T00:00:00Z",
      "disconnect_at": "0001-01-01T00:00:00Z",
      "is_slave": false,
      "main": false,
      "node_id": "",
      "node": null
    },
    "status": 2,
    "sub_type": "",
    "table_order": {
      "id": "75c5eec5-fd64-485c-af1c-9d0896a7b6f8",
      "created_at": "2023-08-15T21:04:34.17041+08:00",
      "updated_at": "2023-08-15T21:04:34.175326+08:00",
      "display_id": "23081546741769828949",
      "info": {
        "joins": null,
        "site_name": "深圳新锦安店",
        "site_phone": "19147755022",
        "table_name": "t11991491752",
        "table_type": 1,
        "table_address": "A05",
        "user_nickname": "冉光强",
        "balance_deposit": 0,
        "user_avatar_url": "https://thirdwx.qlogo.cn/mmopen/vi_32/9ibL8gTic0SLGS9JfVfh9jDjYiaLMxJalibAeAB7DQo0VLWh2lOOcMPNLBjZkTfVa6JjsOJMqsu6ibbib6V1DibjjcoBw/132"
      },
      "status": 1,
      "start_at": "2023-08-15T21:04:34.020675+08:00",
      "end_at": "2023-08-16T03:05:34.020675+08:00",
      "pay_way": "wechat",
      "phone": "18603067972",
      "node_id": "010f6859-e2fa-401c-a37e-da5b35a4daab",
      "node": null,
      "member_id": "c64f44d3-bc92-4dd3-a225-7e9ff001d158",
      "member": null,
      "social_user_id": "8df0d898-1c36-4dfb-abe2-5261e0173ac1",
      "social_user": {
        "id": "8df0d898-1c36-4dfb-abe2-5261e0173ac1",
        "created_at": "2022-10-29T20:33:30.154408+08:00",
        "updated_at": "2023-08-15T21:03:22.560777+08:00",
        "follow": true,
        "avatar_url": "https://thirdwx.qlogo.cn/mmopen/vi_32/9ibL8gTic0SLGS9JfVfh9jDjYiaLMxJalibAeAB7DQo0VLWh2lOOcMPNLBjZkTfVa6JjsOJMqsu6ibbib6V1DibjjcoBw/132",
        "nickname": "冉光强",
        "phone": "18603067972",
        "about_done_count": 0,
        "about_cancel_count": 0,
        "balance": 0,
        "coupon_count": 0,
        "forbid": false
      },
      "type": 1,
      "play_type": 1,
      "used_time": 68,
      "money": 0,
      "old_money": 0,
      "payed": 15000,
      "deposit": 15000,
      "behalf_pay": false,
      "coupon_money": 0,
      "balance_money": 0,
      "refund_balance": 0,
      "recharge_money": 0,
      "refund_money": 15000,
      "return_money": 0,
      "regular_time": null,
      "pay_rules": [
        {
          "id": "7fc9a7fb-cb4f-4753-aaf4-458a51f90b33",
          "node": null,
          "time": "00:00-12:00",
          "unit": 1,
          "deposit": 15000,
          "node_id": "010f6859-e2fa-401c-a37e-da5b35a4daab",
          "prepaid": 2000,
          "per_time": 60,
          "low_money": 0,
          "per_money": 3500,
          "created_at": "2023-06-17T18:20:07.95836+08:00",
          "updated_at": "2023-06-17T18:23:15.925754+08:00"
        },
        {
          "id": "388354dc-a6a6-4b35-8dc3-8105e46d657b",
          "node": null,
          "time": "12:00-24:00",
          "unit": 1,
          "deposit": 15000,
          "node_id": "010f6859-e2fa-401c-a37e-da5b35a4daab",
          "prepaid": 2000,
          "per_time": 60,
          "low_money": 0,
          "per_money": 4500,
          "created_at": "2023-06-17T18:20:42.949047+08:00",
          "updated_at": "2023-06-17T18:23:08.210646+08:00"
        }
      ],
      "about_table": "",
      "table_type": 1,
      "table_id": "395f81ed-be29-426e-b08b-648f664dcc16",
      "table": null,
      "reserve_order_id": null,
      "reserver_order": null,
      "coupon_id": "d674ae69-21c1-4d35-b6f9-9ebd8b609692",
      "coupon": {
        "id": "d674ae69-21c1-4d35-b6f9-9ebd8b609692",
        "created_at": "2023-08-15T21:04:14.519779+08:00",
        "updated_at": "2023-08-15T21:04:34.167399+08:00",
        "name": "【小铁台球】39.9元两小时体验券",
        "status": 3,
        "type": 1,
        "sub_types": [],
        "use_type": 2,
        "money": 0,
        "sale_money": 0,
        "time": 120,
        "deposit": true,
        "deduction_deposit": true,
        "valid_day": 15,
        "expired_at": "2023-08-30T21:04:14.400012+08:00",
        "start_at": "2023-08-01T00:00:00+08:00",
        "end_at": "2028-08-01T00:00:00+08:00",
        "remark": "",
        "exchange_id": "1764231034974223",
        "exchange_type": "抖音",
        "use_time": "0-1440",
        "way": 1,
        "use_at": "2023-08-15T21:04:34.020675+08:00",
        "use_site_name": "深圳新锦安店",
        "suit_site": "深圳新锦安店",
        "coupon_package_id": "abf95593-ae61-4146-8338-8e68ef2bea83",
        "coupon_order_id": "8c7af0b5-7a9e-45b8-ad58-0c5671b4472f"
      },
      "queue_order_id": null,
      "queue_order": null,
      "behalfer_id": null,
      "behalfer": null,
      "balances": null,
      "pay_rule": {
        "deposit": 15000,
        "low_money": 0,
        "per_money": 4500,
        "per_time": 60,
        "prepaid": 2000,
        "time": "12:00-24:00",
        "unit": 1
      }
    },
    "type": 1,
    "node_name": "深圳新锦安店",
    "address_name": "宝安区新安街道新锦安雅园三期D栋D4栋二层57"
  },
  {
    "about_table": null,
    "address": "A04",
    "area_no": "",
    "device": {
      "id": "8f7afe1a-c778-42d6-a83e-fc7afdf47ae0",
      "created_at": "2023-04-23T12:14:05.49267+08:00",
      "updated_at": "2023-08-12T10:50:33.110842+08:00",
      "online": true,
      "fictitious": 1,
      "mac": "e4:08:e7:0d:34:71",
      "name": "t22232454540",
      "type": 1,
      "server": "broker1",
      "version": "0.0.73",
      "online_at": "2023-08-12T10:50:33.103584+08:00",
      "disconnect_at": "2023-08-10T01:17:47.592362+08:00",
      "is_slave": true,
      "main": true,
      "node_id": "010f6859-e2fa-401c-a37e-da5b35a4daab",
      "node": null
    },
    "id": "7a5e21c1-5914-434b-a9e9-cc376eed032d",
    "manager_order": null,
    "name": "t11991024972",
    "pay_rule": {
      "deposit": 15000,
      "low_money": 0,
      "per_money": 4500,
      "per_time": 60,
      "prepaid": 2000,
      "time": "12:00-24:00",
      "unit": 1
    },
    "pay_rules": [
      {
        "deposit": 15000,
        "low_money": 0,
        "per_money": 3500,
        "per_time": 60,
        "prepaid": 2000,
        "time": "00:00-12:00",
        "unit": 1
      },
      {
        "deposit": 15000,
        "low_money": 0,
        "per_money": 4500,
        "per_time": 60,
        "prepaid": 2000,
        "time": "12:00-24:00",
        "unit": 1
      }
    ],
    "queue_order": null,
    "reserve_order": null,
    "slave": {
      "id": "00000000-0000-0000-0000-000000000000",
      "created_at": "0001-01-01T00:00:00Z",
      "updated_at": "0001-01-01T00:00:00Z",
      "online": false,
      "fictitious": 0,
      "mac": "",
      "name": "",
      "type": 0,
      "server": "",
      "version": "",
      "online_at": "0001-01-01T00:00:00Z",
      "disconnect_at": "0001-01-01T00:00:00Z",
      "is_slave": false,
      "main": false,
      "node_id": "",
      "node": null
    },
    "status": 1,
    "sub_type": "",
    "table_order": null,
    "type": 1,
    "node_name": "深圳新锦安店",
    "address_name": "宝安区新安街道新锦安雅园三期D栋D4栋二层57"
  },
  {
    "about_table": null,
    "address": "Q03",
    "area_no": "",
    "device": {
      "id": "8f7afe1a-c778-42d6-a83e-fc7afdf47ae0",
      "created_at": "2023-04-23T12:14:05.49267+08:00",
      "updated_at": "2023-08-12T10:50:33.110842+08:00",
      "online": true,
      "fictitious": 1,
      "mac": "e4:08:e7:0d:34:71",
      "name": "t22232454540",
      "type": 1,
      "server": "broker1",
      "version": "0.0.73",
      "online_at": "2023-08-12T10:50:33.103584+08:00",
      "disconnect_at": "2023-08-10T01:17:47.592362+08:00",
      "is_slave": true,
      "main": true,
      "node_id": "010f6859-e2fa-401c-a37e-da5b35a4daab",
      "node": null
    },
    "id": "e7a32e74-8693-4b88-b408-4831013f6c50",
    "manager_order": null,
    "name": "t11992821672",
    "pay_rule": {
      "deposit": 20000,
      "low_money": 0,
      "per_money": 4000,
      "per_time": 60,
      "prepaid": 2000,
      "time": "12:00-24:00",
      "unit": 1
    },
    "pay_rules": [
      {
        "deposit": 20000,
        "low_money": 0,
        "per_money": 3000,
        "per_time": 60,
        "prepaid": 2000,
        "time": "00:00-12:00",
        "unit": 1
      },
      {
        "deposit": 20000,
        "low_money": 0,
        "per_money": 4000,
        "per_time": 60,
        "prepaid": 2000,
        "time": "12:00-24:00",
        "unit": 1
      }
    ],
    "queue_order": null,
    "reserve_order": null,
    "slave": {
      "id": "00000000-0000-0000-0000-000000000000",
      "created_at": "0001-01-01T00:00:00Z",
      "updated_at": "0001-01-01T00:00:00Z",
      "online": false,
      "fictitious": 0,
      "mac": "",
      "name": "",
      "type": 0,
      "server": "",
      "version": "",
      "online_at": "0001-01-01T00:00:00Z",
      "disconnect_at": "0001-01-01T00:00:00Z",
      "is_slave": false,
      "main": false,
      "node_id": "",
      "node": null
    },
    "status": 1,
    "sub_type": "",
    "table_order": null,
    "type": 3,
    "node_name": "深圳新锦安店",
    "address_name": "宝安区新安街道新锦安雅园三期D栋D4栋二层57"
  },
  {
    "about_table": null,
    "address": "Q01",
    "area_no": "",
    "device": {
      "id": "8f7afe1a-c778-42d6-a83e-fc7afdf47ae0",
      "created_at": "2023-04-23T12:14:05.49267+08:00",
      "updated_at": "2023-08-12T10:50:33.110842+08:00",
      "online": true,
      "fictitious": 1,
      "mac": "e4:08:e7:0d:34:71",
      "name": "t22232454540",
      "type": 1,
      "server": "broker1",
      "version": "0.0.73",
      "online_at": "2023-08-12T10:50:33.103584+08:00",
      "disconnect_at": "2023-08-10T01:17:47.592362+08:00",
      "is_slave": true,
      "main": true,
      "node_id": "010f6859-e2fa-401c-a37e-da5b35a4daab",
      "node": null
    },
    "id": "3b783431-705b-459b-b72c-febdc01e7d8e",
    "manager_order": null,
    "name": "t11991711660",
    "pay_rule": {
      "deposit": 20000,
      "low_money": 0,
      "per_money": 4000,
      "per_time": 60,
      "prepaid": 2000,
      "time": "12:00-24:00",
      "unit": 1
    },
    "pay_rules": [
      {
        "deposit": 20000,
        "low_money": 0,
        "per_money": 3000,
        "per_time": 60,
        "prepaid": 2000,
        "time": "00:00-12:00",
        "unit": 1
      },
      {
        "deposit": 20000,
        "low_money": 0,
        "per_money": 4000,
        "per_time": 60,
        "prepaid": 2000,
        "time": "12:00-24:00",
        "unit": 1
      }
    ],
    "queue_order": null,
    "reserve_order": null,
    "slave": {
      "id": "00000000-0000-0000-0000-000000000000",
      "created_at": "0001-01-01T00:00:00Z",
      "updated_at": "0001-01-01T00:00:00Z",
      "online": false,
      "fictitious": 0,
      "mac": "",
      "name": "",
      "type": 0,
      "server": "",
      "version": "",
      "online_at": "0001-01-01T00:00:00Z",
      "disconnect_at": "0001-01-01T00:00:00Z",
      "is_slave": false,
      "main": false,
      "node_id": "",
      "node": null
    },
    "status": 2,
    "sub_type": "",
    "table_order": {
      "id": "8e6c8363-e8e8-41c3-a905-e2e3ad4204e2",
      "created_at": "2023-08-15T19:55:04.736137+08:00",
      "updated_at": "2023-08-15T19:55:04.740381+08:00",
      "display_id": "23081505047308382273",
      "info": {
        "joins": null,
        "site_name": "深圳新锦安店",
        "site_phone": "19147755022",
        "table_name": "t11991711660",
        "table_type": 3,
        "table_address": "Q01",
        "user_nickname": "の",
        "balance_deposit": 0,
        "user_avatar_url": "https://table-file.xironiot.com/avatar/1682699551979368118_tmp_ec74576f6a994e8742213f3a43de67cb.jpg"
      },
      "status": 1,
      "start_at": "2023-08-15T19:55:04.653411+08:00",
      "end_at": "2023-08-16T01:13:04.653411+08:00",
      "pay_way": "wechat",
      "phone": "13715305033",
      "node_id": "010f6859-e2fa-401c-a37e-da5b35a4daab",
      "node": null,
      "member_id": "f0999c3c-6816-47c2-a2a7-662b546099a7",
      "member": null,
      "social_user_id": "ee0858f9-c635-4e89-81f7-e3107966254d",
      "social_user": {
        "id": "ee0858f9-c635-4e89-81f7-e3107966254d",
        "created_at": "2023-04-28T23:26:50.858408+08:00",
        "updated_at": "2023-08-15T22:11:26.069331+08:00",
        "follow": true,
        "avatar_url": "https://table-file.xironiot.com/avatar/1682699551979368118_tmp_ec74576f6a994e8742213f3a43de67cb.jpg",
        "nickname": "の",
        "phone": "13715305033",
        "about_done_count": 0,
        "about_cancel_count": 0,
        "balance": 0,
        "coupon_count": 0,
        "forbid": false
      },
      "type": 2,
      "play_type": 1,
      "used_time": 138,
      "money": 9200,
      "old_money": 9200,
      "payed": 20000,
      "deposit": 20000,
      "behalf_pay": false,
      "coupon_money": 0,
      "balance_money": 0,
      "refund_balance": 0,
      "recharge_money": 0,
      "refund_money": 10800,
      "return_money": 0,
      "regular_time": null,
      "pay_rules": [
        {
          "id": "45899ea1-3b92-493b-9f81-2ff46399739d",
          "node": null,
          "time": "00:00-12:00",
          "unit": 1,
          "deposit": 20000,
          "node_id": "010f6859-e2fa-401c-a37e-da5b35a4daab",
          "prepaid": 2000,
          "per_time": 60,
          "low_money": 0,
          "per_money": 3000,
          "created_at": "2023-06-17T17:59:57.377014+08:00",
          "updated_at": "2023-06-17T18:16:30.999184+08:00"
        },
        {
          "id": "3a9f3a3f-a49f-4e7d-959f-cb6fa72cef1d",
          "node": null,
          "time": "12:00-24:00",
          "unit": 1,
          "deposit": 20000,
          "node_id": "010f6859-e2fa-401c-a37e-da5b35a4daab",
          "prepaid": 2000,
          "per_time": 60,
          "low_money": 0,
          "per_money": 4000,
          "created_at": "2023-06-17T18:01:09.302953+08:00",
          "updated_at": "2023-06-17T18:01:30.196218+08:00"
        }
      ],
      "about_table": "",
      "table_type": 3,
      "table_id": "3b783431-705b-459b-b72c-febdc01e7d8e",
      "table": null,
      "reserve_order_id": null,
      "reserver_order": null,
      "coupon_id": null,
      "coupon": null,
      "queue_order_id": null,
      "queue_order": null,
      "behalfer_id": null,
      "behalfer": null,
      "balances": null,
      "pay_rule": {
        "deposit": 20000,
        "low_money": 0,
        "per_money": 4000,
        "per_time": 60,
        "prepaid": 2000,
        "time": "12:00-24:00",
        "unit": 1
      }
    },
    "type": 3,
    "node_name": "深圳新锦安店",
    "address_name": "宝安区新安街道新锦安雅园三期D栋D4栋二层57"
  },
  {
    "about_table": null,
    "address": "A07",
    "area_no": "",
    "device": {
      "id": "8f7afe1a-c778-42d6-a83e-fc7afdf47ae0",
      "created_at": "2023-04-23T12:14:05.49267+08:00",
      "updated_at": "2023-08-12T10:50:33.110842+08:00",
      "online": true,
      "fictitious": 1,
      "mac": "e4:08:e7:0d:34:71",
      "name": "t22232454540",
      "type": 1,
      "server": "broker1",
      "version": "0.0.73",
      "online_at": "2023-08-12T10:50:33.103584+08:00",
      "disconnect_at": "2023-08-10T01:17:47.592362+08:00",
      "is_slave": true,
      "main": true,
      "node_id": "010f6859-e2fa-401c-a37e-da5b35a4daab",
      "node": null
    },
    "id": "98219859-6c58-48d2-8c5d-bc0f7c8b7874",
    "manager_order": null,
    "name": "t16959567345",
    "pay_rule": {
      "deposit": 15000,
      "low_money": 0,
      "per_money": 4500,
      "per_time": 60,
      "prepaid": 2000,
      "time": "12:00-24:00",
      "unit": 1
    },
    "pay_rules": [
      {
        "deposit": 15000,
        "low_money": 0,
        "per_money": 3500,
        "per_time": 60,
        "prepaid": 2000,
        "time": "00:00-12:00",
        "unit": 1
      },
      {
        "deposit": 15000,
        "low_money": 0,
        "per_money": 4500,
        "per_time": 60,
        "prepaid": 2000,
        "time": "12:00-24:00",
        "unit": 1
      }
    ],
    "queue_order": null,
    "reserve_order": null,
    "slave": {
      "id": "00000000-0000-0000-0000-000000000000",
      "created_at": "0001-01-01T00:00:00Z",
      "updated_at": "0001-01-01T00:00:00Z",
      "online": false,
      "fictitious": 0,
      "mac": "",
      "name": "",
      "type": 0,
      "server": "",
      "version": "",
      "online_at": "0001-01-01T00:00:00Z",
      "disconnect_at": "0001-01-01T00:00:00Z",
      "is_slave": false,
      "main": false,
      "node_id": "",
      "node": null
    },
    "status": 1,
    "sub_type": "",
    "table_order": null,
    "type": 1,
    "node_name": "深圳新锦安店",
    "address_name": "宝安区新安街道新锦安雅园三期D栋D4栋二层57"
  }
]