[
  {
    "about_table": null,
    "address": "A01",
    "area_no": "",
    "device": {
      "id": "8f7afe1a-c778-42d6-a83e-fc7afdf47ae0",
      "created_at": "2023-04-23T12:14:05.49267+08:00",
      "updated_at": "2023-08-18T02:13:18.885671+08:00",
      "online": true,
      "fictitious": 1,
      "mac": "e4:08:e7:0d:34:71",
      "name": "t22232454540",
      "type": 1,
      "server": "broker1",
      "version": "0.0.73",
      "online_at": "2023-08-18T02:13:18.878255+08:00",
      "disconnect_at": "2023-08-18T02:13:13.942012+08:00",
      "is_slave": true,
      "main": true,
      "node_id": "010f6859-e2fa-401c-a37e-da5b35a4daab",
      "node": null
    },
    "id": "f127289c-a787-4f6e-80ff-a78087111755",
    "manager_order": null,
    "name": "t11990215588",
    "pay_rule": {
      "deposit": 15000,
      "low_money": 0,
      "per_money": 4500,
      "per_time": 60,
      "prepaid": 2000,
      "time": "12:00-24:00",
      "unit": 1
    },
    "pay_rules": [
      {
        "deposit": 15000,
        "low_money": 0,
        "per_money": 3500,
        "per_time": 60,
        "prepaid": 2000,
        "time": "00:00-12:00",
        "unit": 1
      },
      {
        "deposit": 15000,
        "low_money": 0,
        "per_money": 4500,
        "per_time": 60,
        "prepaid": 2000,
        "time": "12:00-24:00",
        "unit": 1
      }
    ],
    "queue_order": null,
    "reserve_order": null,
    "slave": {
      "id": "00000000-0000-0000-0000-000000000000",
      "created_at": "0001-01-01T00:00:00Z",
      "updated_at": "0001-01-01T00:00:00Z",
      "online": false,
      "fictitious": 0,
      "mac": "",
      "name": "",
      "type": 0,
      "server": "",
      "version": "",
      "online_at": "0001-01-01T00:00:00Z",
      "disconnect_at": "0001-01-01T00:00:00Z",
      "is_slave": false,
      "main": false,
      "node_id": "",
      "node": null
    },
    "status": 2,
    "sub_type": "",
    "table_order": {
      "id": "a01f179f-9b25-4078-b362-3cc12ea63570",
      "created_at": "2023-08-21T19:51:03.481666+08:00",
      "updated_at": "2023-08-21T19:51:03.486255+08:00",
      "display_id": "23082186634848818083",
      "info": {
        "joins": null,
        "site_name": "深圳新锦安店",
        "site_phone": "19147755022",
        "table_name": "t11990215588",
        "table_type": 1,
        "table_address": "A01",
        "user_nickname": "聪头",
        "balance_deposit": 15000,
        "user_avatar_url": "https://table-file.xironiot.com/avatar/1692533502189612814_tmp_ed6d5446a0666e0cac551a0245958bfaea29d15efe064c5b.jpg"
      },
      "status": 1,
      "start_at": "2023-08-21T19:51:03.358945+08:00",
      "end_at": "2023-08-21T23:11:03.358945+08:00",
      "pay_way": "wechat",
      "phone": "18688781288",
      "node_id": "010f6859-e2fa-401c-a37e-da5b35a4daab",
      "node": null,
      "member_id": "8e5ae806-fa3d-48cd-99ba-b996119680ed",
      "member": null,
      "social_user_id": "ecc07c7d-f068-4acf-97cc-e4a86baf2732",
      "social_user": {
        "id": "ecc07c7d-f068-4acf-97cc-e4a86baf2732",
        "created_at": "2023-08-19T23:40:35.150314+08:00",
        "updated_at": "2023-08-21T19:32:14.1178+08:00",
        "follow": false,
        "avatar_url": "https://table-file.xironiot.com/avatar/1692533502189612814_tmp_ed6d5446a0666e0cac551a0245958bfaea29d15efe064c5b.jpg",
        "nickname": "聪头",
        "phone": "18688781288",
        "about_done_count": 0,
        "about_cancel_count": 0,
        "balance": 0,
        "coupon_count": 0,
        "forbid": false
      },
      "type": 1,
      "play_type": 1,
      "used_time": 94,
      "money": 7050,
      "old_money": 7050,
      "payed": 0,
      "deposit": 15000,
      "behalf_pay": false,
      "coupon_money": 0,
      "balance_money": 15000,
      "refund_balance": 0,
      "recharge_money": 0,
      "refund_money": 0,
      "return_money": 0,
      "regular_time": null,
      "pay_rules": [
        {
          "id": "7fc9a7fb-cb4f-4753-aaf4-458a51f90b33",
          "node": null,
          "time": "00:00-12:00",
          "unit": 1,
          "deposit": 15000,
          "node_id": "010f6859-e2fa-401c-a37e-da5b35a4daab",
          "prepaid": 2000,
          "per_time": 60,
          "low_money": 0,
          "per_money": 3500,
          "created_at": "2023-06-17T18:20:07.95836+08:00",
          "updated_at": "2023-06-17T18:23:15.925754+08:00"
        },
        {
          "id": "388354dc-a6a6-4b35-8dc3-8105e46d657b",
          "node": null,
          "time": "12:00-24:00",
          "unit": 1,
          "deposit": 15000,
          "node_id": "010f6859-e2fa-401c-a37e-da5b35a4daab",
          "prepaid": 2000,
          "per_time": 60,
          "low_money": 0,
          "per_money": 4500,
          "created_at": "2023-06-17T18:20:42.949047+08:00",
          "updated_at": "2023-06-17T18:23:08.210646+08:00"
        }
      ],
      "about_table": "",
      "table_type": 1,
      "table_id": "f127289c-a787-4f6e-80ff-a78087111755",
      "table": null,
      "reserve_order_id": null,
      "reserver_order": null,
      "coupon_id": null,
      "coupon": null,
      "queue_order_id": null,
      "queue_order": null,
      "behalfer_id": null,
      "behalfer": null,
      "balances": null,
      "pay_rule": {
        "deposit": 15000,
        "low_money": 0,
        "per_money": 4500,
        "per_time": 60,
        "prepaid": 2000,
        "time": "12:00-24:00",
        "unit": 1
      }
    },
    "type": 1,
    "node_name": "深圳新锦安店",
    "address_name": "宝安区新安街道新锦安雅园三期D栋D4栋二层57"
  },
  {
    "about_table": null,
    "address": "Q03",
    "area_no": "",
    "device": {
      "id": "8f7afe1a-c778-42d6-a83e-fc7afdf47ae0",
      "created_at": "2023-04-23T12:14:05.49267+08:00",
      "updated_at": "2023-08-18T02:13:18.885671+08:00",
      "online": true,
      "fictitious": 1,
      "mac": "e4:08:e7:0d:34:71",
      "name": "t22232454540",
      "type": 1,
      "server": "broker1",
      "version": "0.0.73",
      "online_at": "2023-08-18T02:13:18.878255+08:00",
      "disconnect_at": "2023-08-18T02:13:13.942012+08:00",
      "is_slave": true,
      "main": true,
      "node_id": "010f6859-e2fa-401c-a37e-da5b35a4daab",
      "node": null
    },
    "id": "e7a32e74-8693-4b88-b408-4831013f6c50",
    "manager_order": null,
    "name": "t11992821672",
    "pay_rule": {
      "deposit": 20000,
      "low_money": 0,
      "per_money": 4000,
      "per_time": 60,
      "prepaid": 2000,
      "time": "12:00-24:00",
      "unit": 1
    },
    "pay_rules": [
      {
        "deposit": 20000,
        "low_money": 0,
        "per_money": 3000,
        "per_time": 60,
        "prepaid": 2000,
        "time": "00:00-12:00",
        "unit": 1
      },
      {
        "deposit": 20000,
        "low_money": 0,
        "per_money": 4000,
        "per_time": 60,
        "prepaid": 2000,
        "time": "12:00-24:00",
        "unit": 1
      }
    ],
    "queue_order": null,
    "reserve_order": null,
    "slave": {
      "id": "00000000-0000-0000-0000-000000000000",
      "created_at": "0001-01-01T00:00:00Z",
      "updated_at": "0001-01-01T00:00:00Z",
      "online": false,
      "fictitious": 0,
      "mac": "",
      "name": "",
      "type": 0,
      "server": "",
      "version": "",
      "online_at": "0001-01-01T00:00:00Z",
      "disconnect_at": "0001-01-01T00:00:00Z",
      "is_slave": false,
      "main": false,
      "node_id": "",
      "node": null
    },
    "status": 1,
    "sub_type": "",
    "table_order": null,
    "type": 3,
    "node_name": "深圳新锦安店",
    "address_name": "宝安区新安街道新锦安雅园三期D栋D4栋二层57"
  },
  {
    "about_table": null,
    "address": "A02",
    "area_no": "",
    "device": {
      "id": "8f7afe1a-c778-42d6-a83e-fc7afdf47ae0",
      "created_at": "2023-04-23T12:14:05.49267+08:00",
      "updated_at": "2023-08-18T02:13:18.885671+08:00",
      "online": true,
      "fictitious": 1,
      "mac": "e4:08:e7:0d:34:71",
      "name": "t22232454540",
      "type": 1,
      "server": "broker1",
      "version": "0.0.73",
      "online_at": "2023-08-18T02:13:18.878255+08:00",
      "disconnect_at": "2023-08-18T02:13:13.942012+08:00",
      "is_slave": true,
      "main": true,
      "node_id": "010f6859-e2fa-401c-a37e-da5b35a4daab",
      "node": null
    },
    "id": "2fb3e5e0-5cb6-4704-a205-f737b963f016",
    "manager_order": null,
    "name": "t11990784254",
    "pay_rule": {
      "deposit": 15000,
      "low_money": 0,
      "per_money": 4500,
      "per_time": 60,
      "prepaid": 2000,
      "time": "12:00-24:00",
      "unit": 1
    },
    "pay_rules": [
      {
        "deposit": 15000,
        "low_money": 0,
        "per_money": 3500,
        "per_time": 60,
        "prepaid": 2000,
        "time": "00:00-12:00",
        "unit": 1
      },
      {
        "deposit": 15000,
        "low_money": 0,
        "per_money": 4500,
        "per_time": 60,
        "prepaid": 2000,
        "time": "12:00-24:00",
        "unit": 1
      }
    ],
    "queue_order": null,
    "reserve_order": null,
    "slave": {
      "id": "00000000-0000-0000-0000-000000000000",
      "created_at": "0001-01-01T00:00:00Z",
      "updated_at": "0001-01-01T00:00:00Z",
      "online": false,
      "fictitious": 0,
      "mac": "",
      "name": "",
      "type": 0,
      "server": "",
      "version": "",
      "online_at": "0001-01-01T00:00:00Z",
      "disconnect_at": "0001-01-01T00:00:00Z",
      "is_slave": false,
      "main": false,
      "node_id": "",
      "node": null
    },
    "status": 2,
    "sub_type": "",
    "table_order": {
      "id": "0bde88b5-093d-4db8-837b-3d7799bbdb63",
      "created_at": "2023-08-21T20:27:07.994666+08:00",
      "updated_at": "2023-08-21T20:27:07.999105+08:00",
      "display_id": "23082108279918128712",
      "info": {
        "joins": null,
        "site_name": "深圳新锦安店",
        "site_phone": "19147755022",
        "table_name": "t11990784254",
        "table_type": 1,
        "table_address": "A02",
        "user_nickname": "米爸",
        "balance_deposit": 0,
        "user_avatar_url": "https://table-file.xironiot.com/avatar/1692459491943390622_tmp_137abb3d7363544ffd3602b31f0102e0.jpg"
      },
      "status": 1,
      "start_at": "2023-08-21T20:27:07.854636+08:00",
      "end_at": "2023-08-22T02:17:07.854636+08:00",
      "pay_way": "wechat",
      "phone": "13823567569",
      "node_id": "010f6859-e2fa-401c-a37e-da5b35a4daab",
      "node": null,
      "member_id": "b123c810-aac6-4bb8-8567-8dcb0f9028c7",
      "member": null,
      "social_user_id": "99b39b03-4040-420e-86e9-8318fbf3ae4a",
      "social_user": {
        "id": "99b39b03-4040-420e-86e9-8318fbf3ae4a",
        "created_at": "2023-08-19T21:21:32.203739+08:00",
        "updated_at": "2023-08-21T20:26:08.852198+08:00",
        "follow": true,
        "avatar_url": "https://table-file.xironiot.com/avatar/1692459491943390622_tmp_137abb3d7363544ffd3602b31f0102e0.jpg",
        "nickname": "米爸",
        "phone": "13823567569",
        "about_done_count": 0,
        "about_cancel_count": 0,
        "balance": 0,
        "coupon_count": 0,
        "forbid": false
      },
      "type": 1,
      "play_type": 1,
      "used_time": 57,
      "money": 0,
      "old_money": 0,
      "payed": 15000,
      "deposit": 15000,
      "behalf_pay": false,
      "coupon_money": 0,
      "balance_money": 0,
      "refund_balance": 0,
      "recharge_money": 0,
      "refund_money": 15000,
      "return_money": 0,
      "regular_time": null,
      "pay_rules": [
        {
          "id": "7fc9a7fb-cb4f-4753-aaf4-458a51f90b33",
          "node": null,
          "time": "00:00-12:00",
          "unit": 1,
          "deposit": 15000,
          "node_id": "010f6859-e2fa-401c-a37e-da5b35a4daab",
          "prepaid": 2000,
          "per_time": 60,
          "low_money": 0,
          "per_money": 3500,
          "created_at": "2023-06-17T18:20:07.95836+08:00",
          "updated_at": "2023-06-17T18:23:15.925754+08:00"
        },
        {
          "id": "388354dc-a6a6-4b35-8dc3-8105e46d657b",
          "node": null,
          "time": "12:00-24:00",
          "unit": 1,
          "deposit": 15000,
          "node_id": "010f6859-e2fa-401c-a37e-da5b35a4daab",
          "prepaid": 2000,
          "per_time": 60,
          "low_money": 0,
          "per_money": 4500,
          "created_at": "2023-06-17T18:20:42.949047+08:00",
          "updated_at": "2023-06-17T18:23:08.210646+08:00"
        }
      ],
      "about_table": "",
      "table_type": 1,
      "table_id": "2fb3e5e0-5cb6-4704-a205-f737b963f016",
      "table": null,
      "reserve_order_id": null,
      "reserver_order": null,
      "coupon_id": "cb699c9a-2fd2-4384-82e7-1449264f3cc1",
      "coupon": {
        "id": "cb699c9a-2fd2-4384-82e7-1449264f3cc1",
        "created_at": "2023-08-21T20:26:32.221401+08:00",
        "updated_at": "2023-08-21T20:27:07.991903+08:00",
        "name": "【小铁台球】39.9两小时体验券",
        "status": 3,
        "type": 1,
        "sub_types": [],
        "use_type": 2,
        "money": 0,
        "sale_money": 0,
        "time": 120,
        "deposit": true,
        "deduction_deposit": true,
        "valid_day": 30,
        "expired_at": "2023-09-20T20:26:32.108597+08:00",
        "start_at": "2023-08-01T00:00:00+08:00",
        "end_at": "2028-08-01T00:00:00+08:00",
        "remark": "",
        "exchange_id": "866317557",
        "exchange_type": "美团",
        "use_time": "0-1440",
        "way": 1,
        "use_at": "2023-08-21T20:27:07.854636+08:00",
        "use_site_name": "深圳新锦安店",
        "suit_site": "深圳新锦安店",
        "coupon_package_id": "8e3b47c6-0df6-4d43-8a6f-66a3f4c0ab24",
        "coupon_order_id": "0860d0a7-2c44-42a8-9081-c44bc8165c66"
      },
      "queue_order_id": null,
      "queue_order": null,
      "behalfer_id": null,
      "behalfer": null,
      "balances": null,
      "pay_rule": {
        "deposit": 15000,
        "low_money": 0,
        "per_money": 4500,
        "per_time": 60,
        "prepaid": 2000,
        "time": "12:00-24:00",
        "unit": 1
      }
    },
    "type": 1,
    "node_name": "深圳新锦安店",
    "address_name": "宝安区新安街道新锦安雅园三期D栋D4栋二层57"
  },
  {
    "about_table": null,
    "address": "A03",
    "area_no": "",
    "device": {
      "id": "8f7afe1a-c778-42d6-a83e-fc7afdf47ae0",
      "created_at": "2023-04-23T12:14:05.49267+08:00",
      "updated_at": "2023-08-18T02:13:18.885671+08:00",
      "online": true,
      "fictitious": 1,
      "mac": "e4:08:e7:0d:34:71",
      "name": "t22232454540",
      "type": 1,
      "server": "broker1",
      "version": "0.0.73",
      "online_at": "2023-08-18T02:13:18.878255+08:00",
      "disconnect_at": "2023-08-18T02:13:13.942012+08:00",
      "is_slave": true,
      "main": true,
      "node_id": "010f6859-e2fa-401c-a37e-da5b35a4daab",
      "node": null
    },
    "id": "7ad32dd2-0e51-440c-b62b-4238ba091fcb",
    "manager_order": null,
    "name": "t11990927122",
    "pay_rule": {
      "deposit": 15000,
      "low_money": 0,
      "per_money": 4500,
      "per_time": 60,
      "prepaid": 2000,
      "time": "12:00-24:00",
      "unit": 1
    },
    "pay_rules": [
      {
        "deposit": 15000,
        "low_money": 0,
        "per_money": 3500,
        "per_time": 60,
        "prepaid": 2000,
        "time": "00:00-12:00",
        "unit": 1
      },
      {
        "deposit": 15000,
        "low_money": 0,
        "per_money": 4500,
        "per_time": 60,
        "prepaid": 2000,
        "time": "12:00-24:00",
        "unit": 1
      }
    ],
    "queue_order": null,
    "reserve_order": null,
    "slave": {
      "id": "00000000-0000-0000-0000-000000000000",
      "created_at": "0001-01-01T00:00:00Z",
      "updated_at": "0001-01-01T00:00:00Z",
      "online": false,
      "fictitious": 0,
      "mac": "",
      "name": "",
      "type": 0,
      "server": "",
      "version": "",
      "online_at": "0001-01-01T00:00:00Z",
      "disconnect_at": "0001-01-01T00:00:00Z",
      "is_slave": false,
      "main": false,
      "node_id": "",
      "node": null
    },
    "status": 2,
    "sub_type": "",
    "table_order": {
      "id": "5e8f7a37-d9ad-4025-8d64-ff273f7cb575",
      "created_at": "2023-08-21T20:31:53.05539+08:00",
      "updated_at": "2023-08-21T20:31:53.059952+08:00",
      "display_id": "23082111130523101151",
      "info": {
        "joins": null,
        "site_name": "深圳新锦安店",
        "site_phone": "19147755022",
        "table_name": "t11990927122",
        "table_type": 1,
        "table_address": "A03",
        "user_nickname": "三玖沫",
        "balance_deposit": 0,
        "user_avatar_url": "https://table-file.xironiot.com/avatar/1692435161843509100_tmp_3c7fa01afe8aef5d502c19afe9321b57a61da5ac27622ae3.jpg"
      },
      "status": 1,
      "start_at": "2023-08-21T20:31:52.911025+08:00",
      "end_at": "2023-08-22T02:22:52.911025+08:00",
      "pay_way": "wechat",
      "phone": "18814457250",
      "node_id": "010f6859-e2fa-401c-a37e-da5b35a4daab",
      "node": null,
      "member_id": "310cda0d-3e21-451e-b644-8e9049622f9f",
      "member": null,
      "social_user_id": "5383088d-f736-45cd-9f0d-c67b99adf14f",
      "social_user": {
        "id": "5383088d-f736-45cd-9f0d-c67b99adf14f",
        "created_at": "2023-08-17T20:19:21.07348+08:00",
        "updated_at": "2023-08-21T19:54:50.950579+08:00",
        "follow": true,
        "avatar_url": "https://table-file.xironiot.com/avatar/1692435161843509100_tmp_3c7fa01afe8aef5d502c19afe9321b57a61da5ac27622ae3.jpg",
        "nickname": "三玖沫",
        "phone": "18814457250",
        "about_done_count": 0,
        "about_cancel_count": 0,
        "balance": 0,
        "coupon_count": 0,
        "forbid": false
      },
      "type": 1,
      "play_type": 1,
      "used_time": 53,
      "money": 0,
      "old_money": 0,
      "payed": 15000,
      "deposit": 15000,
      "behalf_pay": false,
      "coupon_money": 0,
      "balance_money": 0,
      "refund_balance": 0,
      "recharge_money": 0,
      "refund_money": 15000,
      "return_money": 0,
      "regular_time": null,
      "pay_rules": [
        {
          "id": "7fc9a7fb-cb4f-4753-aaf4-458a51f90b33",
          "node": null,
          "time": "00:00-12:00",
          "unit": 1,
          "deposit": 15000,
          "node_id": "010f6859-e2fa-401c-a37e-da5b35a4daab",
          "prepaid": 2000,
          "per_time": 60,
          "low_money": 0,
          "per_money": 3500,
          "created_at": "2023-06-17T18:20:07.95836+08:00",
          "updated_at": "2023-06-17T18:23:15.925754+08:00"
        },
        {
          "id": "388354dc-a6a6-4b35-8dc3-8105e46d657b",
          "node": null,
          "time": "12:00-24:00",
          "unit": 1,
          "deposit": 15000,
          "node_id": "010f6859-e2fa-401c-a37e-da5b35a4daab",
          "prepaid": 2000,
          "per_time": 60,
          "low_money": 0,
          "per_money": 4500,
          "created_at": "2023-06-17T18:20:42.949047+08:00",
          "updated_at": "2023-06-17T18:23:08.210646+08:00"
        }
      ],
      "about_table": "",
      "table_type": 1,
      "table_id": "7ad32dd2-0e51-440c-b62b-4238ba091fcb",
      "table": null,
      "reserve_order_id": null,
      "reserver_order": null,
      "coupon_id": "20d8bcd5-7c63-43e7-b85e-386976faffe6",
      "coupon": {
        "id": "20d8bcd5-7c63-43e7-b85e-386976faffe6",
        "created_at": "2023-08-21T20:31:42.307924+08:00",
        "updated_at": "2023-08-21T20:31:53.052603+08:00",
        "name": "【小铁台球】39.9两小时体验券",
        "status": 3,
        "type": 1,
        "sub_types": [],
        "use_type": 2,
        "money": 0,
        "sale_money": 0,
        "time": 120,
        "deposit": true,
        "deduction_deposit": true,
        "valid_day": 30,
        "expired_at": "2023-09-20T20:31:42.188274+08:00",
        "start_at": "2023-08-01T00:00:00+08:00",
        "end_at": "2028-08-01T00:00:00+08:00",
        "remark": "",
        "exchange_id": "866317557",
        "exchange_type": "美团",
        "use_time": "0-1440",
        "way": 1,
        "use_at": "2023-08-21T20:31:52.911025+08:00",
        "use_site_name": "深圳新锦安店",
        "suit_site": "深圳新锦安店",
        "coupon_package_id": "8e3b47c6-0df6-4d43-8a6f-66a3f4c0ab24",
        "coupon_order_id": "33dd1df3-51b8-429d-9dd9-837d8aa6660a"
      },
      "queue_order_id": null,
      "queue_order": null,
      "behalfer_id": null,
      "behalfer": null,
      "balances": null,
      "pay_rule": {
        "deposit": 15000,
        "low_money": 0,
        "per_money": 4500,
        "per_time": 60,
        "prepaid": 2000,
        "time": "12:00-24:00",
        "unit": 1
      }
    },
    "type": 1,
    "node_name": "深圳新锦安店",
    "address_name": "宝安区新安街道新锦安雅园三期D栋D4栋二层57"
  },
  {
    "about_table": null,
    "address": "V01",
    "area_no": "",
    "device": {
      "id": "8f7afe1a-c778-42d6-a83e-fc7afdf47ae0",
      "created_at": "2023-04-23T12:14:05.49267+08:00",
      "updated_at": "2023-08-18T02:13:18.885671+08:00",
      "online": true,
      "fictitious": 1,
      "mac": "e4:08:e7:0d:34:71",
      "name": "t22232454540",
      "type": 1,
      "server": "broker1",
      "version": "0.0.73",
      "online_at": "2023-08-18T02:13:18.878255+08:00",
      "disconnect_at": "2023-08-18T02:13:13.942012+08:00",
      "is_slave": true,
      "main": true,
      "node_id": "010f6859-e2fa-401c-a37e-da5b35a4daab",
      "node": null
    },
    "id": "14d02c0a-8f95-4b23-998d-e145d5082bef",
    "manager_order": null,
    "name": "t11992941021",
    "pay_rule": {
      "deposit": 20000,
      "low_money": 0,
      "per_money": 6800,
      "per_time": 60,
      "prepaid": 2000,
      "time": "12:00-24:00",
      "unit": 1
    },
    "pay_rules": [
      {
        "deposit": 20000,
        "low_money": 0,
        "per_money": 5000,
        "per_time": 60,
        "prepaid": 2000,
        "time": "00:00-12:00",
        "unit": 1
      },
      {
        "deposit": 20000,
        "low_money": 0,
        "per_money": 6800,
        "per_time": 60,
        "prepaid": 2000,
        "time": "12:00-24:00",
        "unit": 1
      }
    ],
    "queue_order": null,
    "reserve_order": null,
    "slave": {
      "id": "00000000-0000-0000-0000-000000000000",
      "created_at": "0001-01-01T00:00:00Z",
      "updated_at": "0001-01-01T00:00:00Z",
      "online": false,
      "fictitious": 0,
      "mac": "",
      "name": "",
      "type": 0,
      "server": "",
      "version": "",
      "online_at": "0001-01-01T00:00:00Z",
      "disconnect_at": "0001-01-01T00:00:00Z",
      "is_slave": false,
      "main": false,
      "node_id": "",
      "node": null
    },
    "status": 2,
    "sub_type": "",
    "table_order": {
      "id": "4892eab9-1ffe-40ed-b974-7aaf6c2dae69",
      "created_at": "2023-08-21T20:55:06.767996+08:00",
      "updated_at": "2023-08-21T20:55:06.772084+08:00",
      "display_id": "23082125067648501466",
      "info": {
        "joins": null,
        "site_name": "深圳新锦安店",
        "site_phone": "19147755022",
        "table_name": "t11992941021",
        "table_type": 4,
        "table_address": "V01",
        "user_nickname": "鹿鸣",
        "balance_deposit": 20000,
        "user_avatar_url": "https://table-file.xironiot.com/avatar/1687364836276125944_tmp_322da1d52c2bcc3a0bcb3593d10d0fb9.jpg"
      },
      "status": 1,
      "start_at": "2023-08-21T20:55:06.642763+08:00",
      "end_at": "2023-08-21T23:51:06.642763+08:00",
      "pay_way": "wechat",
      "phone": "18020287685",
      "node_id": "010f6859-e2fa-401c-a37e-da5b35a4daab",
      "node": null,
      "member_id": "0ba28eff-b2f0-4e2e-ad3e-971de4cb8c49",
      "member": null,
      "social_user_id": "bef7e883-9efb-4f48-91d0-d598d2b8527f",
      "social_user": {
        "id": "bef7e883-9efb-4f48-91d0-d598d2b8527f",
        "created_at": "2023-06-21T21:25:59.79987+08:00",
        "updated_at": "2023-08-21T20:30:04.210475+08:00",
        "follow": true,
        "avatar_url": "https://table-file.xironiot.com/avatar/1687364836276125944_tmp_322da1d52c2bcc3a0bcb3593d10d0fb9.jpg",
        "nickname": "鹿鸣",
        "phone": "18020287685",
        "about_done_count": 0,
        "about_cancel_count": 0,
        "balance": 0,
        "coupon_count": 0,
        "forbid": false
      },
      "type": 1,
      "play_type": 1,
      "used_time": 29,
      "money": 3287,
      "old_money": 3287,
      "payed": 0,
      "deposit": 20000,
      "behalf_pay": false,
      "coupon_money": 0,
      "balance_money": 20000,
      "refund_balance": 0,
      "recharge_money": 0,
      "refund_money": 0,
      "return_money": 0,
      "regular_time": null,
      "pay_rules": [
        {
          "id": "af452138-ec40-4a93-ae2a-c720c53e5b8d",
          "node": null,
          "time": "00:00-12:00",
          "unit": 1,
          "deposit": 20000,
          "node_id": "010f6859-e2fa-401c-a37e-da5b35a4daab",
          "prepaid": 2000,
          "per_time": 60,
          "low_money": 0,
          "per_money": 5000,
          "created_at": "2023-06-17T18:24:25.437545+08:00",
          "updated_at": "2023-06-17T18:24:25.437545+08:00"
        },
        {
          "id": "4ca9aab7-b4a1-498d-bd11-c1316a82dd20",
          "node": null,
          "time": "12:00-24:00",
          "unit": 1,
          "deposit": 20000,
          "node_id": "010f6859-e2fa-401c-a37e-da5b35a4daab",
          "prepaid": 2000,
          "per_time": 60,
          "low_money": 0,
          "per_money": 6800,
          "created_at": "2023-06-17T18:24:59.094435+08:00",
          "updated_at": "2023-06-17T18:24:59.094435+08:00"
        }
      ],
      "about_table": "",
      "table_type": 4,
      "table_id": "14d02c0a-8f95-4b23-998d-e145d5082bef",
      "table": null,
      "reserve_order_id": null,
      "reserver_order": null,
      "coupon_id": null,
      "coupon": null,
      "queue_order_id": null,
      "queue_order": null,
      "behalfer_id": null,
      "behalfer": null,
      "balances": null,
      "pay_rule": {
        "deposit": 20000,
        "low_money": 0,
        "per_money": 6800,
        "per_time": 60,
        "prepaid": 2000,
        "time": "12:00-24:00",
        "unit": 1
      }
    },
    "type": 4,
    "node_name": "深圳新锦安店",
    "address_name": "宝安区新安街道新锦安雅园三期D栋D4栋二层57"
  },
  {
    "about_table": null,
    "address": "A06",
    "area_no": "",
    "device": {
      "id": "8f7afe1a-c778-42d6-a83e-fc7afdf47ae0",
      "created_at": "2023-04-23T12:14:05.49267+08:00",
      "updated_at": "2023-08-18T02:13:18.885671+08:00",
      "online": true,
      "fictitious": 1,
      "mac": "e4:08:e7:0d:34:71",
      "name": "t22232454540",
      "type": 1,
      "server": "broker1",
      "version": "0.0.73",
      "online_at": "2023-08-18T02:13:18.878255+08:00",
      "disconnect_at": "2023-08-18T02:13:13.942012+08:00",
      "is_slave": true,
      "main": true,
      "node_id": "010f6859-e2fa-401c-a37e-da5b35a4daab",
      "node": null
    },
    "id": "8f1e8be0-c59f-4e32-9958-57c8aaed79fe",
    "manager_order": null,
    "name": "t11991606977",
    "pay_rule": {
      "deposit": 15000,
      "low_money": 0,
      "per_money": 4500,
      "per_time": 60,
      "prepaid": 2000,
      "time": "12:00-24:00",
      "unit": 1
    },
    "pay_rules": [
      {
        "deposit": 15000,
        "low_money": 0,
        "per_money": 3500,
        "per_time": 60,
        "prepaid": 2000,
        "time": "00:00-12:00",
        "unit": 1
      },
      {
        "deposit": 15000,
        "low_money": 0,
        "per_money": 4500,
        "per_time": 60,
        "prepaid": 2000,
        "time": "12:00-24:00",
        "unit": 1
      }
    ],
    "queue_order": null,
    "reserve_order": null,
    "slave": {
      "id": "00000000-0000-0000-0000-000000000000",
      "created_at": "0001-01-01T00:00:00Z",
      "updated_at": "0001-01-01T00:00:00Z",
      "online": false,
      "fictitious": 0,
      "mac": "",
      "name": "",
      "type": 0,
      "server": "",
      "version": "",
      "online_at": "0001-01-01T00:00:00Z",
      "disconnect_at": "0001-01-01T00:00:00Z",
      "is_slave": false,
      "main": false,
      "node_id": "",
      "node": null
    },
    "status": 2,
    "sub_type": "",
    "table_order": {
      "id": "48c820e2-ae9d-4df9-9579-702d558605ce",
      "created_at": "2023-08-21T20:29:47.712821+08:00",
      "updated_at": "2023-08-21T20:29:47.717461+08:00",
      "display_id": "23082109877136058291",
      "info": {
        "joins": null,
        "site_name": "深圳新锦安店",
        "site_phone": "19147755022",
        "table_name": "t11991606977",
        "table_type": 1,
        "table_address": "A06",
        "user_nickname": "",
        "balance_deposit": 15000,
        "user_avatar_url": ""
      },
      "status": 1,
      "start_at": "2023-08-21T20:29:47.578031+08:00",
      "end_at": "2023-08-21T23:49:47.578031+08:00",
      "pay_way": "wechat",
      "phone": "13923858662",
      "node_id": "010f6859-e2fa-401c-a37e-da5b35a4daab",
      "node": null,
      "member_id": "cdfcf403-282e-4f67-bad2-da8ae27f6fa5",
      "member": null,
      "social_user_id": "5c92cbc5-93ab-4823-9c49-87c1711aaa0e",
      "social_user": {
        "id": "5c92cbc5-93ab-4823-9c49-87c1711aaa0e",
        "created_at": "2023-05-03T20:04:53.15127+08:00",
        "updated_at": "2023-08-21T20:23:53.621307+08:00",
        "follow": true,
        "avatar_url": "",
        "nickname": "",
        "phone": "13923858662",
        "about_done_count": 0,
        "about_cancel_count": 0,
        "balance": 0,
        "coupon_count": 0,
        "forbid": false
      },
      "type": 1,
      "play_type": 1,
      "used_time": 55,
      "money": 4125,
      "old_money": 4125,
      "payed": 0,
      "deposit": 15000,
      "behalf_pay": false,
      "coupon_money": 0,
      "balance_money": 15000,
      "refund_balance": 0,
      "recharge_money": 0,
      "refund_money": 0,
      "return_money": 0,
      "regular_time": null,
      "pay_rules": [
        {
          "id": "7fc9a7fb-cb4f-4753-aaf4-458a51f90b33",
          "node": null,
          "time": "00:00-12:00",
          "unit": 1,
          "deposit": 15000,
          "node_id": "010f6859-e2fa-401c-a37e-da5b35a4daab",
          "prepaid": 2000,
          "per_time": 60,
          "low_money": 0,
          "per_money": 3500,
          "created_at": "2023-06-17T18:20:07.95836+08:00",
          "updated_at": "2023-06-17T18:23:15.925754+08:00"
        },
        {
          "id": "388354dc-a6a6-4b35-8dc3-8105e46d657b",
          "node": null,
          "time": "12:00-24:00",
          "unit": 1,
          "deposit": 15000,
          "node_id": "010f6859-e2fa-401c-a37e-da5b35a4daab",
          "prepaid": 2000,
          "per_time": 60,
          "low_money": 0,
          "per_money": 4500,
          "created_at": "2023-06-17T18:20:42.949047+08:00",
          "updated_at": "2023-06-17T18:23:08.210646+08:00"
        }
      ],
      "about_table": "",
      "table_type": 1,
      "table_id": "8f1e8be0-c59f-4e32-9958-57c8aaed79fe",
      "table": null,
      "reserve_order_id": "970785e4-6ca5-43c2-b932-e6e09af331d5",
      "reserver_order": null,
      "coupon_id": null,
      "coupon": null,
      "queue_order_id": null,
      "queue_order": null,
      "behalfer_id": null,
      "behalfer": null,
      "balances": null,
      "pay_rule": {
        "deposit": 15000,
        "low_money": 0,
        "per_money": 4500,
        "per_time": 60,
        "prepaid": 2000,
        "time": "12:00-24:00",
        "unit": 1
      }
    },
    "type": 1,
    "node_name": "深圳新锦安店",
    "address_name": "宝安区新安街道新锦安雅园三期D栋D4栋二层57"
  },
  {
    "about_table": null,
    "address": "Q02",
    "area_no": "",
    "device": {
      "id": "8f7afe1a-c778-42d6-a83e-fc7afdf47ae0",
      "created_at": "2023-04-23T12:14:05.49267+08:00",
      "updated_at": "2023-08-18T02:13:18.885671+08:00",
      "online": true,
      "fictitious": 1,
      "mac": "e4:08:e7:0d:34:71",
      "name": "t22232454540",
      "type": 1,
      "server": "broker1",
      "version": "0.0.73",
      "online_at": "2023-08-18T02:13:18.878255+08:00",
      "disconnect_at": "2023-08-18T02:13:13.942012+08:00",
      "is_slave": true,
      "main": true,
      "node_id": "010f6859-e2fa-401c-a37e-da5b35a4daab",
      "node": null
    },
    "id": "b5ba92bd-053d-487e-bddd-188f6d00bd9b",
    "manager_order": null,
    "name": "t11991947403",
    "pay_rule": {
      "deposit": 20000,
      "low_money": 0,
      "per_money": 4000,
      "per_time": 60,
      "prepaid": 2000,
      "time": "12:00-24:00",
      "unit": 1
    },
    "pay_rules": [
      {
        "deposit": 20000,
        "low_money": 0,
        "per_money": 3000,
        "per_time": 60,
        "prepaid": 2000,
        "time": "00:00-12:00",
        "unit": 1
      },
      {
        "deposit": 20000,
        "low_money": 0,
        "per_money": 4000,
        "per_time": 60,
        "prepaid": 2000,
        "time": "12:00-24:00",
        "unit": 1
      }
    ],
    "queue_order": null,
    "reserve_order": null,
    "slave": {
      "id": "00000000-0000-0000-0000-000000000000",
      "created_at": "0001-01-01T00:00:00Z",
      "updated_at": "0001-01-01T00:00:00Z",
      "online": false,
      "fictitious": 0,
      "mac": "",
      "name": "",
      "type": 0,
      "server": "",
      "version": "",
      "online_at": "0001-01-01T00:00:00Z",
      "disconnect_at": "0001-01-01T00:00:00Z",
      "is_slave": false,
      "main": false,
      "node_id": "",
      "node": null
    },
    "status": 1,
    "sub_type": "",
    "table_order": null,
    "type": 3,
    "node_name": "深圳新锦安店",
    "address_name": "宝安区新安街道新锦安雅园三期D栋D4栋二层57"
  },
  {
    "about_table": null,
    "address": "A05",
    "area_no": "",
    "device": {
      "id": "8f7afe1a-c778-42d6-a83e-fc7afdf47ae0",
      "created_at": "2023-04-23T12:14:05.49267+08:00",
      "updated_at": "2023-08-18T02:13:18.885671+08:00",
      "online": true,
      "fictitious": 1,
      "mac": "e4:08:e7:0d:34:71",
      "name": "t22232454540",
      "type": 1,
      "server": "broker1",
      "version": "0.0.73",
      "online_at": "2023-08-18T02:13:18.878255+08:00",
      "disconnect_at": "2023-08-18T02:13:13.942012+08:00",
      "is_slave": true,
      "main": true,
      "node_id": "010f6859-e2fa-401c-a37e-da5b35a4daab",
      "node": null
    },
    "id": "395f81ed-be29-426e-b08b-648f664dcc16",
    "manager_order": null,
    "name": "t11991491752",
    "pay_rule": {
      "deposit": 15000,
      "low_money": 0,
      "per_money": 4500,
      "per_time": 60,
      "prepaid": 2000,
      "time": "12:00-24:00",
      "unit": 1
    },
    "pay_rules": [
      {
        "deposit": 15000,
        "low_money": 0,
        "per_money": 3500,
        "per_time": 60,
        "prepaid": 2000,
        "time": "00:00-12:00",
        "unit": 1
      },
      {
        "deposit": 15000,
        "low_money": 0,
        "per_money": 4500,
        "per_time": 60,
        "prepaid": 2000,
        "time": "12:00-24:00",
        "unit": 1
      }
    ],
    "queue_order": null,
    "reserve_order": null,
    "slave": {
      "id": "00000000-0000-0000-0000-000000000000",
      "created_at": "0001-01-01T00:00:00Z",
      "updated_at": "0001-01-01T00:00:00Z",
      "online": false,
      "fictitious": 0,
      "mac": "",
      "name": "",
      "type": 0,
      "server": "",
      "version": "",
      "online_at": "0001-01-01T00:00:00Z",
      "disconnect_at": "0001-01-01T00:00:00Z",
      "is_slave": false,
      "main": false,
      "node_id": "",
      "node": null
    },
    "status": 2,
    "sub_type": "",
    "table_order": {
      "id": "24a540f4-7349-4cee-8837-087db28f96b1",
      "created_at": "2023-08-21T20:50:33.801853+08:00",
      "updated_at": "2023-08-21T20:50:33.806321+08:00",
      "display_id": "23082122338079674283",
      "info": {
        "joins": null,
        "site_name": "深圳新锦安店",
        "site_phone": "19147755022",
        "table_name": "t11991491752",
        "table_type": 1,
        "table_address": "A05",
        "user_nickname": "",
        "balance_deposit": 0,
        "user_avatar_url": ""
      },
      "status": 1,
      "start_at": "2023-08-21T20:50:33.646893+08:00",
      "end_at": "2023-08-22T01:30:33.646893+08:00",
      "pay_way": "wechat",
      "phone": "15338785585",
      "node_id": "010f6859-e2fa-401c-a37e-da5b35a4daab",
      "node": null,
      "member_id": "ce94338d-9009-4a34-9ec5-8d50dae78741",
      "member": null,
      "social_user_id": "f7dde818-fd74-4d5e-99a9-3d5bb9727fa6",
      "social_user": {
        "id": "f7dde818-fd74-4d5e-99a9-3d5bb9727fa6",
        "created_at": "2023-08-21T20:36:27.896224+08:00",
        "updated_at": "2023-08-21T20:50:26.25001+08:00",
        "follow": true,
        "avatar_url": "",
        "nickname": "",
        "phone": "15338785585",
        "about_done_count": 0,
        "about_cancel_count": 0,
        "balance": 0,
        "coupon_count": 0,
        "forbid": false
      },
      "type": 1,
      "play_type": 1,
      "used_time": 34,
      "money": 0,
      "old_money": 0,
      "payed": 15000,
      "deposit": 15000,
      "behalf_pay": false,
      "coupon_money": 0,
      "balance_money": 0,
      "refund_balance": 0,
      "recharge_money": 0,
      "refund_money": 15000,
      "return_money": 0,
      "regular_time": null,
      "pay_rules": [
        {
          "id": "7fc9a7fb-cb4f-4753-aaf4-458a51f90b33",
          "node": null,
          "time": "00:00-12:00",
          "unit": 1,
          "deposit": 15000,
          "node_id": "010f6859-e2fa-401c-a37e-da5b35a4daab",
          "prepaid": 2000,
          "per_time": 60,
          "low_money": 0,
          "per_money": 3500,
          "created_at": "2023-06-17T18:20:07.95836+08:00",
          "updated_at": "2023-06-17T18:23:15.925754+08:00"
        },
        {
          "id": "388354dc-a6a6-4b35-8dc3-8105e46d657b",
          "node": null,
          "time": "12:00-24:00",
          "unit": 1,
          "deposit": 15000,
          "node_id": "010f6859-e2fa-401c-a37e-da5b35a4daab",
          "prepaid": 2000,
          "per_time": 60,
          "low_money": 0,
          "per_money": 4500,
          "created_at": "2023-06-17T18:20:42.949047+08:00",
          "updated_at": "2023-06-17T18:23:08.210646+08:00"
        }
      ],
      "about_table": "",
      "table_type": 1,
      "table_id": "395f81ed-be29-426e-b08b-648f664dcc16",
      "table": null,
      "reserve_order_id": null,
      "reserver_order": null,
      "coupon_id": "cd6dcba0-3619-46ad-b541-f3308e7e82c4",
      "coupon": {
        "id": "cd6dcba0-3619-46ad-b541-f3308e7e82c4",
        "created_at": "2023-08-21T20:37:03.537714+08:00",
        "updated_at": "2023-08-21T20:50:33.798335+08:00",
        "name": "【小铁台球】14.9一小时体验券",
        "status": 3,
        "type": 1,
        "sub_types": [],
        "use_type": 2,
        "money": 0,
        "sale_money": 0,
        "time": 60,
        "deposit": true,
        "deduction_deposit": true,
        "valid_day": 30,
        "expired_at": "2023-09-20T20:37:03.419928+08:00",
        "start_at": "2023-08-01T00:00:00+08:00",
        "end_at": "2028-08-01T00:00:00+08:00",
        "remark": "",
        "exchange_id": "866587935",
        "exchange_type": "美团",
        "use_time": "0-1440",
        "way": 1,
        "use_at": "2023-08-21T20:50:33.646893+08:00",
        "use_site_name": "深圳新锦安店",
        "suit_site": "深圳新锦安店",
        "coupon_package_id": "41da7aa9-bc56-4e22-b84f-a8a4cc96d8ef",
        "coupon_order_id": "6e72098a-1345-4a0e-9d69-67158b420be6"
      },
      "queue_order_id": "5bd7c7fb-314e-41ec-b612-26194f6041b9",
      "queue_order": null,
      "behalfer_id": null,
      "behalfer": null,
      "balances": null,
      "pay_rule": {
        "deposit": 15000,
        "low_money": 0,
        "per_money": 4500,
        "per_time": 60,
        "prepaid": 2000,
        "time": "12:00-24:00",
        "unit": 1
      }
    },
    "type": 1,
    "node_name": "深圳新锦安店",
    "address_name": "宝安区新安街道新锦安雅园三期D栋D4栋二层57"
  },
  {
    "about_table": null,
    "address": "A07",
    "area_no": "",
    "device": {
      "id": "8f7afe1a-c778-42d6-a83e-fc7afdf47ae0",
      "created_at": "2023-04-23T12:14:05.49267+08:00",
      "updated_at": "2023-08-18T02:13:18.885671+08:00",
      "online": true,
      "fictitious": 1,
      "mac": "e4:08:e7:0d:34:71",
      "name": "t22232454540",
      "type": 1,
      "server": "broker1",
      "version": "0.0.73",
      "online_at": "2023-08-18T02:13:18.878255+08:00",
      "disconnect_at": "2023-08-18T02:13:13.942012+08:00",
      "is_slave": true,
      "main": true,
      "node_id": "010f6859-e2fa-401c-a37e-da5b35a4daab",
      "node": null
    },
    "id": "98219859-6c58-48d2-8c5d-bc0f7c8b7874",
    "manager_order": null,
    "name": "t16959567345",
    "pay_rule": {
      "deposit": 15000,
      "low_money": 0,
      "per_money": 4500,
      "per_time": 60,
      "prepaid": 2000,
      "time": "12:00-24:00",
      "unit": 1
    },
    "pay_rules": [
      {
        "deposit": 15000,
        "low_money": 0,
        "per_money": 3500,
        "per_time": 60,
        "prepaid": 2000,
        "time": "00:00-12:00",
        "unit": 1
      },
      {
        "deposit": 15000,
        "low_money": 0,
        "per_money": 4500,
        "per_time": 60,
        "prepaid": 2000,
        "time": "12:00-24:00",
        "unit": 1
      }
    ],
    "queue_order": null,
    "reserve_order": null,
    "slave": {
      "id": "00000000-0000-0000-0000-000000000000",
      "created_at": "0001-01-01T00:00:00Z",
      "updated_at": "0001-01-01T00:00:00Z",
      "online": false,
      "fictitious": 0,
      "mac": "",
      "name": "",
      "type": 0,
      "server": "",
      "version": "",
      "online_at": "0001-01-01T00:00:00Z",
      "disconnect_at": "0001-01-01T00:00:00Z",
      "is_slave": false,
      "main": false,
      "node_id": "",
      "node": null
    },
    "status": 2,
    "sub_type": "",
    "table_order": {
      "id": "b89ac1a1-4b0d-42c5-bf87-89fa9be8ffce",
      "created_at": "2023-08-21T20:43:07.006172+08:00",
      "updated_at": "2023-08-21T20:43:07.011056+08:00",
      "display_id": "23082117870041169843",
      "info": {
        "joins": null,
        "site_name": "深圳新锦安店",
        "site_phone": "19147755022",
        "table_name": "t16959567345",
        "table_type": 1,
        "table_address": "A07",
        "user_nickname": "X_wt  ᥫ᭡້໌ᮨ",
        "balance_deposit": 0,
        "user_avatar_url": "https://table-file.xironiot.com/avatar/1689953653784954256_tmp_dc3064c2c478fd789cd14b5a42de3e7e.jpg"
      },
      "status": 1,
      "start_at": "2023-08-21T20:43:06.842466+08:00",
      "end_at": "2023-08-22T02:38:06.842466+08:00",
      "pay_way": "wechat",
      "phone": "13544277128",
      "node_id": "010f6859-e2fa-401c-a37e-da5b35a4daab",
      "node": null,
      "member_id": "8cf28824-2b23-425d-9e95-e2336fe402fb",
      "member": null,
      "social_user_id": "0bcb64ae-9a61-4d16-868a-9170b57ead30",
      "social_user": {
        "id": "0bcb64ae-9a61-4d16-868a-9170b57ead30",
        "created_at": "2023-07-21T21:29:29.342902+08:00",
        "updated_at": "2023-08-21T21:13:33.184805+08:00",
        "follow": true,
        "avatar_url": "https://table-file.xironiot.com/avatar/1689953653784954256_tmp_dc3064c2c478fd789cd14b5a42de3e7e.jpg",
        "nickname": "X_wt  ᥫ᭡້໌ᮨ",
        "phone": "13544277128",
        "about_done_count": 0,
        "about_cancel_count": 0,
        "balance": 0,
        "coupon_count": 0,
        "forbid": false
      },
      "type": 1,
      "play_type": 1,
      "used_time": 41,
      "money": 0,
      "old_money": 0,
      "payed": 15000,
      "deposit": 15000,
      "behalf_pay": false,
      "coupon_money": 0,
      "balance_money": 0,
      "refund_balance": 0,
      "recharge_money": 0,
      "refund_money": 15000,
      "return_money": 0,
      "regular_time": null,
      "pay_rules": [
        {
          "id": "7fc9a7fb-cb4f-4753-aaf4-458a51f90b33",
          "node": null,
          "time": "00:00-12:00",
          "unit": 1,
          "deposit": 15000,
          "node_id": "010f6859-e2fa-401c-a37e-da5b35a4daab",
          "prepaid": 2000,
          "per_time": 60,
          "low_money": 0,
          "per_money": 3500,
          "created_at": "2023-06-17T18:20:07.95836+08:00",
          "updated_at": "2023-06-17T18:23:15.925754+08:00"
        },
        {
          "id": "388354dc-a6a6-4b35-8dc3-8105e46d657b",
          "node": null,
          "time": "12:00-24:00",
          "unit": 1,
          "deposit": 15000,
          "node_id": "010f6859-e2fa-401c-a37e-da5b35a4daab",
          "prepaid": 2000,
          "per_time": 60,
          "low_money": 0,
          "per_money": 4500,
          "created_at": "2023-06-17T18:20:42.949047+08:00",
          "updated_at": "2023-06-17T18:23:08.210646+08:00"
        }
      ],
      "about_table": "",
      "table_type": 1,
      "table_id": "98219859-6c58-48d2-8c5d-bc0f7c8b7874",
      "table": null,
      "reserve_order_id": "9e2d78d6-bf10-42a5-be65-4a6989c962e1",
      "reserver_order": null,
      "coupon_id": "1c187c21-9598-43c2-82f4-b42a7fa37a5a",
      "coupon": {
        "id": "1c187c21-9598-43c2-82f4-b42a7fa37a5a",
        "created_at": "2023-08-21T20:42:38.124567+08:00",
        "updated_at": "2023-08-21T20:43:06.999873+08:00",
        "name": "【小铁台球】39.9元两小时体验券",
        "status": 3,
        "type": 1,
        "sub_types": [],
        "use_type": 2,
        "money": 0,
        "sale_money": 0,
        "time": 120,
        "deposit": true,
        "deduction_deposit": true,
        "valid_day": 15,
        "expired_at": "2023-09-05T20:42:37.996779+08:00",
        "start_at": "2023-08-01T00:00:00+08:00",
        "end_at": "2028-08-01T00:00:00+08:00",
        "remark": "",
        "exchange_id": "1764231034974223",
        "exchange_type": "抖音",
        "use_time": "0-1440",
        "way": 1,
        "use_at": "2023-08-21T20:43:06.842466+08:00",
        "use_site_name": "深圳新锦安店",
        "suit_site": "深圳新锦安店",
        "coupon_package_id": "abf95593-ae61-4146-8338-8e68ef2bea83",
        "coupon_order_id": "809461f8-a99e-4ca2-931a-9836f7949c5a"
      },
      "queue_order_id": null,
      "queue_order": null,
      "behalfer_id": null,
      "behalfer": null,
      "balances": null,
      "pay_rule": {
        "deposit": 15000,
        "low_money": 0,
        "per_money": 4500,
        "per_time": 60,
        "prepaid": 2000,
        "time": "12:00-24:00",
        "unit": 1
      }
    },
    "type": 1,
    "node_name": "深圳新锦安店",
    "address_name": "宝安区新安街道新锦安雅园三期D栋D4栋二层57"
  },
  {
    "about_table": null,
    "address": "Q01",
    "area_no": "",
    "device": {
      "id": "8f7afe1a-c778-42d6-a83e-fc7afdf47ae0",
      "created_at": "2023-04-23T12:14:05.49267+08:00",
      "updated_at": "2023-08-18T02:13:18.885671+08:00",
      "online": true,
      "fictitious": 1,
      "mac": "e4:08:e7:0d:34:71",
      "name": "t22232454540",
      "type": 1,
      "server": "broker1",
      "version": "0.0.73",
      "online_at": "2023-08-18T02:13:18.878255+08:00",
      "disconnect_at": "2023-08-18T02:13:13.942012+08:00",
      "is_slave": true,
      "main": true,
      "node_id": "010f6859-e2fa-401c-a37e-da5b35a4daab",
      "node": null
    },
    "id": "3b783431-705b-459b-b72c-febdc01e7d8e",
    "manager_order": null,
    "name": "t11991711660",
    "pay_rule": {
      "deposit": 20000,
      "low_money": 0,
      "per_money": 4000,
      "per_time": 60,
      "prepaid": 2000,
      "time": "12:00-24:00",
      "unit": 1
    },
    "pay_rules": [
      {
        "deposit": 20000,
        "low_money": 0,
        "per_money": 3000,
        "per_time": 60,
        "prepaid": 2000,
        "time": "00:00-12:00",
        "unit": 1
      },
      {
        "deposit": 20000,
        "low_money": 0,
        "per_money": 4000,
        "per_time": 60,
        "prepaid": 2000,
        "time": "12:00-24:00",
        "unit": 1
      }
    ],
    "queue_order": null,
    "reserve_order": null,
    "slave": {
      "id": "00000000-0000-0000-0000-000000000000",
      "created_at": "0001-01-01T00:00:00Z",
      "updated_at": "0001-01-01T00:00:00Z",
      "online": false,
      "fictitious": 0,
      "mac": "",
      "name": "",
      "type": 0,
      "server": "",
      "version": "",
      "online_at": "0001-01-01T00:00:00Z",
      "disconnect_at": "0001-01-01T00:00:00Z",
      "is_slave": false,
      "main": false,
      "node_id": "",
      "node": null
    },
    "status": 2,
    "sub_type": "",
    "table_order": {
      "id": "160844d2-c129-4dce-99b1-e2b10eee740f",
      "created_at": "2023-08-21T20:18:50.751215+08:00",
      "updated_at": "2023-08-21T20:18:50.755342+08:00",
      "display_id": "23082103307589111905",
      "info": {
        "joins": null,
        "site_name": "深圳新锦安店",
        "site_phone": "19147755022",
        "table_name": "t11991711660",
        "table_type": 3,
        "table_address": "Q01",
        "user_nickname": "",
        "balance_deposit": 0,
        "user_avatar_url": ""
      },
      "status": 1,
      "start_at": "2023-08-21T20:18:50.624329+08:00",
      "end_at": "2023-08-22T05:44:50.624329+08:00",
      "pay_way": "wechat",
      "phone": "13128876504",
      "node_id": "010f6859-e2fa-401c-a37e-da5b35a4daab",
      "node": null,
      "member_id": "d1d372b2-6e03-426d-a330-9c1f5dfa43b0",
      "member": null,
      "social_user_id": "1bc3f1df-bbe3-43aa-8623-195e49340362",
      "social_user": {
        "id": "1bc3f1df-bbe3-43aa-8623-195e49340362",
        "created_at": "2023-07-21T09:59:18.188519+08:00",
        "updated_at": "2023-08-21T20:18:07.12382+08:00",
        "follow": true,
        "avatar_url": "",
        "nickname": "",
        "phone": "13128876504",
        "about_done_count": 0,
        "about_cancel_count": 0,
        "balance": 0,
        "coupon_count": 0,
        "forbid": false
      },
      "type": 2,
      "play_type": 1,
      "used_time": 66,
      "money": 0,
      "old_money": 0,
      "payed": 20000,
      "deposit": 20000,
      "behalf_pay": false,
      "coupon_money": 0,
      "balance_money": 0,
      "refund_balance": 0,
      "recharge_money": 0,
      "refund_money": 20000,
      "return_money": 0,
      "regular_time": null,
      "pay_rules": [
        {
          "id": "45899ea1-3b92-493b-9f81-2ff46399739d",
          "node": null,
          "time": "00:00-12:00",
          "unit": 1,
          "deposit": 20000,
          "node_id": "010f6859-e2fa-401c-a37e-da5b35a4daab",
          "prepaid": 2000,
          "per_time": 60,
          "low_money": 0,
          "per_money": 3000,
          "created_at": "2023-06-17T17:59:57.377014+08:00",
          "updated_at": "2023-06-17T18:16:30.999184+08:00"
        },
        {
          "id": "3a9f3a3f-a49f-4e7d-959f-cb6fa72cef1d",
          "node": null,
          "time": "12:00-24:00",
          "unit": 1,
          "deposit": 20000,
          "node_id": "010f6859-e2fa-401c-a37e-da5b35a4daab",
          "prepaid": 2000,
          "per_time": 60,
          "low_money": 0,
          "per_money": 4000,
          "created_at": "2023-06-17T18:01:09.302953+08:00",
          "updated_at": "2023-06-17T18:01:30.196218+08:00"
        }
      ],
      "about_table": "",
      "table_type": 3,
      "table_id": "3b783431-705b-459b-b72c-febdc01e7d8e",
      "table": null,
      "reserve_order_id": null,
      "reserver_order": null,
      "coupon_id": "8257f5bc-002f-4787-a4e7-fcb65ca1b1ce",
      "coupon": {
        "id": "8257f5bc-002f-4787-a4e7-fcb65ca1b1ce",
        "created_at": "2023-08-21T20:18:30.753491+08:00",
        "updated_at": "2023-08-21T20:18:50.748773+08:00",
        "name": "【小铁棋牌】49.9三小时体验券",
        "status": 3,
        "type": 1,
        "sub_types": [],
        "use_type": 4,
        "money": 0,
        "sale_money": 0,
        "time": 180,
        "deposit": true,
        "deduction_deposit": true,
        "valid_day": 30,
        "expired_at": "2023-09-20T20:18:30.638357+08:00",
        "start_at": "2023-08-01T00:00:00+08:00",
        "end_at": "2028-08-01T00:00:00+08:00",
        "remark": "",
        "exchange_id": "866319593",
        "exchange_type": "美团",
        "use_time": "0-1440",
        "way": 1,
        "use_at": "2023-08-21T20:18:50.624329+08:00",
        "use_site_name": "深圳新锦安店",
        "suit_site": "深圳新锦安店",
        "coupon_package_id": "b660f0a5-7fc4-48fc-9b8e-31e5e8e5a945",
        "coupon_order_id": "2c774a8e-d916-4d12-8938-41e9c4b9f7cb"
      },
      "queue_order_id": null,
      "queue_order": null,
      "behalfer_id": null,
      "behalfer": null,
      "balances": null,
      "pay_rule": {
        "deposit": 20000,
        "low_money": 0,
        "per_money": 4000,
        "per_time": 60,
        "prepaid": 2000,
        "time": "12:00-24:00",
        "unit": 1
      }
    },
    "type": 3,
    "node_name": "深圳新锦安店",
    "address_name": "宝安区新安街道新锦安雅园三期D栋D4栋二层57"
  },
  {
    "about_table": null,
    "address": "A04",
    "area_no": "",
    "device": {
      "id": "8f7afe1a-c778-42d6-a83e-fc7afdf47ae0",
      "created_at": "2023-04-23T12:14:05.49267+08:00",
      "updated_at": "2023-08-18T02:13:18.885671+08:00",
      "online": true,
      "fictitious": 1,
      "mac": "e4:08:e7:0d:34:71",
      "name": "t22232454540",
      "type": 1,
      "server": "broker1",
      "version": "0.0.73",
      "online_at": "2023-08-18T02:13:18.878255+08:00",
      "disconnect_at": "2023-08-18T02:13:13.942012+08:00",
      "is_slave": true,
      "main": true,
      "node_id": "010f6859-e2fa-401c-a37e-da5b35a4daab",
      "node": null
    },
    "id": "7a5e21c1-5914-434b-a9e9-cc376eed032d",
    "manager_order": null,
    "name": "t11991024972",
    "pay_rule": {
      "deposit": 15000,
      "low_money": 0,
      "per_money": 4500,
      "per_time": 60,
      "prepaid": 2000,
      "time": "12:00-24:00",
      "unit": 1
    },
    "pay_rules": [
      {
        "deposit": 15000,
        "low_money": 0,
        "per_money": 3500,
        "per_time": 60,
        "prepaid": 2000,
        "time": "00:00-12:00",
        "unit": 1
      },
      {
        "deposit": 15000,
        "low_money": 0,
        "per_money": 4500,
        "per_time": 60,
        "prepaid": 2000,
        "time": "12:00-24:00",
        "unit": 1
      }
    ],
    "queue_order": null,
    "reserve_order": null,
    "slave": {
      "id": "00000000-0000-0000-0000-000000000000",
      "created_at": "0001-01-01T00:00:00Z",
      "updated_at": "0001-01-01T00:00:00Z",
      "online": false,
      "fictitious": 0,
      "mac": "",
      "name": "",
      "type": 0,
      "server": "",
      "version": "",
      "online_at": "0001-01-01T00:00:00Z",
      "disconnect_at": "0001-01-01T00:00:00Z",
      "is_slave": false,
      "main": false,
      "node_id": "",
      "node": null
    },
    "status": 2,
    "sub_type": "",
    "table_order": {
      "id": "552d2983-1e7b-4e5b-bbc4-fdbe21de5c71",
      "created_at": "2023-08-21T21:13:46.959875+08:00",
      "updated_at": "2023-08-21T21:13:46.965309+08:00",
      "display_id": "23082136269531219629",
      "info": {
        "joins": null,
        "site_name": "深圳新锦安店",
        "site_phone": "19147755022",
        "table_name": "t11991024972",
        "table_type": 1,
        "table_address": "A04",
        "user_nickname": "",
        "balance_deposit": 0,
        "user_avatar_url": ""
      },
      "status": 1,
      "start_at": "2023-08-21T21:13:46.813825+08:00",
      "end_at": "2023-08-22T01:59:46.813825+08:00",
      "pay_way": "wechat",
      "phone": "13691993118",
      "node_id": "010f6859-e2fa-401c-a37e-da5b35a4daab",
      "node": null,
      "member_id": "96977e57-b6c4-4d4c-aa27-2129ba753cab",
      "member": null,
      "social_user_id": "c5503124-b6af-49aa-a59c-b1c74630c25b",
      "social_user": {
        "id": "c5503124-b6af-49aa-a59c-b1c74630c25b",
        "created_at": "2023-07-05T19:36:47.630695+08:00",
        "updated_at": "2023-08-21T20:55:18.684388+08:00",
        "follow": true,
        "avatar_url": "",
        "nickname": "",
        "phone": "13691993118",
        "about_done_count": 0,
        "about_cancel_count": 0,
        "balance": 0,
        "coupon_count": 0,
        "forbid": false
      },
      "type": 1,
      "play_type": 1,
      "used_time": 11,
      "money": 0,
      "old_money": 0,
      "payed": 15000,
      "deposit": 15000,
      "behalf_pay": false,
      "coupon_money": 0,
      "balance_money": 0,
      "refund_balance": 0,
      "recharge_money": 0,
      "refund_money": 15000,
      "return_money": 0,
      "regular_time": null,
      "pay_rules": [
        {
          "id": "7fc9a7fb-cb4f-4753-aaf4-458a51f90b33",
          "node": null,
          "time": "00:00-12:00",
          "unit": 1,
          "deposit": 15000,
          "node_id": "010f6859-e2fa-401c-a37e-da5b35a4daab",
          "prepaid": 2000,
          "per_time": 60,
          "low_money": 0,
          "per_money": 3500,
          "created_at": "2023-06-17T18:20:07.95836+08:00",
          "updated_at": "2023-06-17T18:23:15.925754+08:00"
        },
        {
          "id": "388354dc-a6a6-4b35-8dc3-8105e46d657b",
          "node": null,
          "time": "12:00-24:00",
          "unit": 1,
          "deposit": 15000,
          "node_id": "010f6859-e2fa-401c-a37e-da5b35a4daab",
          "prepaid": 2000,
          "per_time": 60,
          "low_money": 0,
          "per_money": 4500,
          "created_at": "2023-06-17T18:20:42.949047+08:00",
          "updated_at": "2023-06-17T18:23:08.210646+08:00"
        }
      ],
      "about_table": "",
      "table_type": 1,
      "table_id": "7a5e21c1-5914-434b-a9e9-cc376eed032d",
      "table": null,
      "reserve_order_id": null,
      "reserver_order": null,
      "coupon_id": "acb15ff4-d561-4dd9-8ed2-a356bb17e9d9",
      "coupon": {
        "id": "acb15ff4-d561-4dd9-8ed2-a356bb17e9d9",
        "created_at": "2023-08-19T13:46:51.212407+08:00",
        "updated_at": "2023-08-21T21:13:46.956837+08:00",
        "name": "【小铁台球】14.9一小时体验券",
        "status": 3,
        "type": 1,
        "sub_types": [],
        "use_type": 2,
        "money": 0,
        "sale_money": 0,
        "time": 60,
        "deposit": true,
        "deduction_deposit": true,
        "valid_day": 30,
        "expired_at": "2023-09-18T13:46:51.09065+08:00",
        "start_at": "2023-08-01T00:00:00+08:00",
        "end_at": "2028-08-01T00:00:00+08:00",
        "remark": "",
        "exchange_id": "866587935",
        "exchange_type": "美团",
        "use_time": "0-1440",
        "way": 1,
        "use_at": "2023-08-21T21:13:46.813825+08:00",
        "use_site_name": "深圳新锦安店",
        "suit_site": "深圳新锦安店",
        "coupon_package_id": "41da7aa9-bc56-4e22-b84f-a8a4cc96d8ef",
        "coupon_order_id": "fb675081-7a47-4a1b-a5e9-565444d2dba7"
      },
      "queue_order_id": "8eb4d4a6-f368-40c8-9b03-aa97d63fec91",
      "queue_order": null,
      "behalfer_id": null,
      "behalfer": null,
      "balances": null,
      "pay_rule": {
        "deposit": 15000,
        "low_money": 0,
        "per_money": 4500,
        "per_time": 60,
        "prepaid": 2000,
        "time": "12:00-24:00",
        "unit": 1
      }
    },
    "type": 1,
    "node_name": "深圳新锦安店",
    "address_name": "宝安区新安街道新锦安雅园三期D栋D4栋二层57"
  }
]