[
  {
    "address": "S01",
    "area_no": "",
    "device": {
      "id": "8cbe1536-7205-460e-9bfb-ff3784600b70",
      "created_at": "2023-04-23T14:41:00.563098+08:00",
      "updated_at": "2023-07-17T10:46:41.329149+08:00",
      "online": true,
      "fictitious": 1,
      "mac": "e4:08:e7:0d:34:6a",
      "name": "t22320605659",
      "type": 1,
      "server": "broker1",
      "version": "0.0.71",
      "online_at": "2023-07-17T10:46:41.321489+08:00",
      "disconnect_at": "2023-07-17T10:46:39.77401+08:00",
      "is_slave": false,
      "main": true,
      "node_id": "0bf9a152-c9d7-48d7-8deb-f29a07eddf78",
      "node": null
    },
    "id": "5cbc484c-af76-4688-a16a-1516a01b79aa",
    "manager_order": null,
    "name": "t33774576867",
    "pay_rule": {
      "deposit": 100,
      "low_money": 0,
      "per_money": 1,
      "per_time": 60,
      "prepaid": 100,
      "time": "00:00-24:00",
      "unit": 1
    },
    "pay_rules": [
      {
        "deposit": 100,
        "low_money": 0,
        "per_money": 1,
        "per_time": 60,
        "prepaid": 100,
        "time": "00:00-24:00",
        "unit": 1
      }
    ],
    "reserve_order": null,
    "slave": {
      "id": "00000000-0000-0000-0000-000000000000",
      "created_at": "0001-01-01T00:00:00Z",
      "updated_at": "0001-01-01T00:00:00Z",
      "online": false,
      "fictitious": 0,
      "mac": "",
      "name": "",
      "type": 0,
      "server": "",
      "version": "",
      "online_at": "0001-01-01T00:00:00Z",
      "disconnect_at": "0001-01-01T00:00:00Z",
      "is_slave": false,
      "main": false,
      "node_id": "",
      "node": null
    },
    "status": 1,
    "sub_type": "",
    "table_order": null,
    "type": 1
  },
  {
    "address": "S02",
    "area_no": "",
    "device": {
      "id": "8cbe1536-7205-460e-9bfb-ff3784600b70",
      "created_at": "2023-04-23T14:41:00.563098+08:00",
      "updated_at": "2023-07-17T10:46:41.329149+08:00",
      "online": true,
      "fictitious": 1,
      "mac": "e4:08:e7:0d:34:6a",
      "name": "t22320605659",
      "type": 1,
      "server": "broker1",
      "version": "0.0.71",
      "online_at": "2023-07-17T10:46:41.321489+08:00",
      "disconnect_at": "2023-07-17T10:46:39.77401+08:00",
      "is_slave": false,
      "main": true,
      "node_id": "0bf9a152-c9d7-48d7-8deb-f29a07eddf78",
      "node": null
    },
    "id": "a3554be5-12a9-4685-a6df-3274d73d390b",
    "manager_order": null,
    "name": "t33774686146",
    "pay_rule": {
      "deposit": 100,
      "low_money": 0,
      "per_money": 1,
      "per_time": 60,
      "prepaid": 100,
      "time": "00:00-24:00",
      "unit": 1
    },
    "pay_rules": [
      {
        "deposit": 100,
        "low_money": 0,
        "per_money": 1,
        "per_time": 60,
        "prepaid": 100,
        "time": "00:00-24:00",
        "unit": 1
      }
    ],
    "reserve_order": null,
    "slave": {
      "id": "00000000-0000-0000-0000-000000000000",
      "created_at": "0001-01-01T00:00:00Z",
      "updated_at": "0001-01-01T00:00:00Z",
      "online": false,
      "fictitious": 0,
      "mac": "",
      "name": "",
      "type": 0,
      "server": "",
      "version": "",
      "online_at": "0001-01-01T00:00:00Z",
      "disconnect_at": "0001-01-01T00:00:00Z",
      "is_slave": false,
      "main": false,
      "node_id": "",
      "node": null
    },
    "status": 1,
    "sub_type": "",
    "table_order": null,
    "type": 1
  },
  {
    "address": "S03",
    "area_no": "",
    "device": {
      "id": "8cbe1536-7205-460e-9bfb-ff3784600b70",
      "created_at": "2023-04-23T14:41:00.563098+08:00",
      "updated_at": "2023-07-17T10:46:41.329149+08:00",
      "online": true,
      "fictitious": 1,
      "mac": "e4:08:e7:0d:34:6a",
      "name": "t22320605659",
      "type": 1,
      "server": "broker1",
      "version": "0.0.71",
      "online_at": "2023-07-17T10:46:41.321489+08:00",
      "disconnect_at": "2023-07-17T10:46:39.77401+08:00",
      "is_slave": false,
      "main": true,
      "node_id": "0bf9a152-c9d7-48d7-8deb-f29a07eddf78",
      "node": null
    },
    "id": "3b3a3b79-46e5-481b-a0c3-748b50df48f7",
    "manager_order": null,
    "name": "t33774832673",
    "pay_rule": {
      "deposit": 100,
      "low_money": 0,
      "per_money": 1,
      "per_time": 60,
      "prepaid": 100,
      "time": "00:00-24:00",
      "unit": 1
    },
    "pay_rules": [
      {
        "deposit": 100,
        "low_money": 0,
        "per_money": 1,
        "per_time": 60,
        "prepaid": 100,
        "time": "00:00-24:00",
        "unit": 1
      }
    ],
    "reserve_order": null,
    "slave": {
      "id": "00000000-0000-0000-0000-000000000000",
      "created_at": "0001-01-01T00:00:00Z",
      "updated_at": "0001-01-01T00:00:00Z",
      "online": false,
      "fictitious": 0,
      "mac": "",
      "name": "",
      "type": 0,
      "server": "",
      "version": "",
      "online_at": "0001-01-01T00:00:00Z",
      "disconnect_at": "0001-01-01T00:00:00Z",
      "is_slave": false,
      "main": false,
      "node_id": "",
      "node": null
    },
    "status": 1,
    "sub_type": "",
    "table_order": null,
    "type": 1
  },
  {
    "address": "S04",
    "area_no": "",
    "device": {
      "id": "8cbe1536-7205-460e-9bfb-ff3784600b70",
      "created_at": "2023-04-23T14:41:00.563098+08:00",
      "updated_at": "2023-07-17T10:46:41.329149+08:00",
      "online": true,
      "fictitious": 1,
      "mac": "e4:08:e7:0d:34:6a",
      "name": "t22320605659",
      "type": 1,
      "server": "broker1",
      "version": "0.0.71",
      "online_at": "2023-07-17T10:46:41.321489+08:00",
      "disconnect_at": "2023-07-17T10:46:39.77401+08:00",
      "is_slave": false,
      "main": true,
      "node_id": "0bf9a152-c9d7-48d7-8deb-f29a07eddf78",
      "node": null
    },
    "id": "60eecf29-9847-4ba9-978b-db4da3801316",
    "manager_order": null,
    "name": "t33774942426",
    "pay_rule": {
      "deposit": 100,
      "low_money": 0,
      "per_money": 1,
      "per_time": 60,
      "prepaid": 100,
      "time": "00:00-24:00",
      "unit": 1
    },
    "pay_rules": [
      {
        "deposit": 100,
        "low_money": 0,
        "per_money": 1,
        "per_time": 60,
        "prepaid": 100,
        "time": "00:00-24:00",
        "unit": 1
      }
    ],
    "reserve_order": null,
    "slave": {
      "id": "00000000-0000-0000-0000-000000000000",
      "created_at": "0001-01-01T00:00:00Z",
      "updated_at": "0001-01-01T00:00:00Z",
      "online": false,
      "fictitious": 0,
      "mac": "",
      "name": "",
      "type": 0,
      "server": "",
      "version": "",
      "online_at": "0001-01-01T00:00:00Z",
      "disconnect_at": "0001-01-01T00:00:00Z",
      "is_slave": false,
      "main": false,
      "node_id": "",
      "node": null
    },
    "status": 1,
    "sub_type": "",
    "table_order": null,
    "type": 1
  },
  {
    "address": "S05",
    "area_no": "",
    "device": {
      "id": "8cbe1536-7205-460e-9bfb-ff3784600b70",
      "created_at": "2023-04-23T14:41:00.563098+08:00",
      "updated_at": "2023-07-17T10:46:41.329149+08:00",
      "online": true,
      "fictitious": 1,
      "mac": "e4:08:e7:0d:34:6a",
      "name": "t22320605659",
      "type": 1,
      "server": "broker1",
      "version": "0.0.71",
      "online_at": "2023-07-17T10:46:41.321489+08:00",
      "disconnect_at": "2023-07-17T10:46:39.77401+08:00",
      "is_slave": false,
      "main": true,
      "node_id": "0bf9a152-c9d7-48d7-8deb-f29a07eddf78",
      "node": null
    },
    "id": "4e380f99-f7cb-43ac-a7ba-bf59feac87ee",
    "manager_order": null,
    "name": "t33775203063",
    "pay_rule": {
      "deposit": 100,
      "low_money": 0,
      "per_money": 1,
      "per_time": 60,
      "prepaid": 100,
      "time": "00:00-24:00",
      "unit": 1
    },
    "pay_rules": [
      {
        "deposit": 100,
        "low_money": 0,
        "per_money": 1,
        "per_time": 60,
        "prepaid": 100,
        "time": "00:00-24:00",
        "unit": 1
      }
    ],
    "reserve_order": null,
    "slave": {
      "id": "00000000-0000-0000-0000-000000000000",
      "created_at": "0001-01-01T00:00:00Z",
      "updated_at": "0001-01-01T00:00:00Z",
      "online": false,
      "fictitious": 0,
      "mac": "",
      "name": "",
      "type": 0,
      "server": "",
      "version": "",
      "online_at": "0001-01-01T00:00:00Z",
      "disconnect_at": "0001-01-01T00:00:00Z",
      "is_slave": false,
      "main": false,
      "node_id": "",
      "node": null
    },
    "status": 1,
    "sub_type": "",
    "table_order": null,
    "type": 1
  },
  {
    "address": "Q01",
    "area_no": "",
    "device": {
      "id": "8cbe1536-7205-460e-9bfb-ff3784600b70",
      "created_at": "2023-04-23T14:41:00.563098+08:00",
      "updated_at": "2023-07-17T10:46:41.329149+08:00",
      "online": true,
      "fictitious": 1,
      "mac": "e4:08:e7:0d:34:6a",
      "name": "t22320605659",
      "type": 1,
      "server": "broker1",
      "version": "0.0.71",
      "online_at": "2023-07-17T10:46:41.321489+08:00",
      "disconnect_at": "2023-07-17T10:46:39.77401+08:00",
      "is_slave": false,
      "main": true,
      "node_id": "0bf9a152-c9d7-48d7-8deb-f29a07eddf78",
      "node": null
    },
    "id": "d51f893b-777e-4846-9ae2-e9cac3fb21e0",
    "manager_order": null,
    "name": "t33775369074",
    "pay_rule": {
      "deposit": 100,
      "low_money": 0,
      "per_money": 1,
      "per_time": 60,
      "prepaid": 100,
      "time": "00:00-24:00",
      "unit": 1
    },
    "pay_rules": [
      {
        "deposit": 100,
        "low_money": 0,
        "per_money": 1,
        "per_time": 60,
        "prepaid": 100,
        "time": "00:00-24:00",
        "unit": 1
      }
    ],
    "reserve_order": null,
    "slave": {
      "id": "00000000-0000-0000-0000-000000000000",
      "created_at": "0001-01-01T00:00:00Z",
      "updated_at": "0001-01-01T00:00:00Z",
      "online": false,
      "fictitious": 0,
      "mac": "",
      "name": "",
      "type": 0,
      "server": "",
      "version": "",
      "online_at": "0001-01-01T00:00:00Z",
      "disconnect_at": "0001-01-01T00:00:00Z",
      "is_slave": false,
      "main": false,
      "node_id": "",
      "node": null
    },
    "status": 1,
    "sub_type": "",
    "table_order": null,
    "type": 3
  },
  {
    "address": "Q02",
    "area_no": "",
    "device": {
      "id": "8cbe1536-7205-460e-9bfb-ff3784600b70",
      "created_at": "2023-04-23T14:41:00.563098+08:00",
      "updated_at": "2023-07-17T10:46:41.329149+08:00",
      "online": true,
      "fictitious": 1,
      "mac": "e4:08:e7:0d:34:6a",
      "name": "t22320605659",
      "type": 1,
      "server": "broker1",
      "version": "0.0.71",
      "online_at": "2023-07-17T10:46:41.321489+08:00",
      "disconnect_at": "2023-07-17T10:46:39.77401+08:00",
      "is_slave": false,
      "main": true,
      "node_id": "0bf9a152-c9d7-48d7-8deb-f29a07eddf78",
      "node": null
    },
    "id": "fb53878d-052d-41ce-bea0-0eed91e62646",
    "manager_order": null,
    "name": "t33775493289",
    "pay_rule": {
      "deposit": 100,
      "low_money": 0,
      "per_money": 1,
      "per_time": 60,
      "prepaid": 100,
      "time": "00:00-24:00",
      "unit": 1
    },
    "pay_rules": [
      {
        "deposit": 100,
        "low_money": 0,
        "per_money": 1,
        "per_time": 60,
        "prepaid": 100,
        "time": "00:00-24:00",
        "unit": 1
      }
    ],
    "reserve_order": null,
    "slave": {
      "id": "00000000-0000-0000-0000-000000000000",
      "created_at": "0001-01-01T00:00:00Z",
      "updated_at": "0001-01-01T00:00:00Z",
      "online": false,
      "fictitious": 0,
      "mac": "",
      "name": "",
      "type": 0,
      "server": "",
      "version": "",
      "online_at": "0001-01-01T00:00:00Z",
      "disconnect_at": "0001-01-01T00:00:00Z",
      "is_slave": false,
      "main": false,
      "node_id": "",
      "node": null
    },
    "status": 1,
    "sub_type": "",
    "table_order": null,
    "type": 3
  },
  {
    "address": "A01",
    "area_no": "",
    "device": {
      "id": "8cbe1536-7205-460e-9bfb-ff3784600b70",
      "created_at": "2023-04-23T14:41:00.563098+08:00",
      "updated_at": "2023-07-17T10:46:41.329149+08:00",
      "online": true,
      "fictitious": 1,
      "mac": "e4:08:e7:0d:34:6a",
      "name": "t22320605659",
      "type": 1,
      "server": "broker1",
      "version": "0.0.71",
      "online_at": "2023-07-17T10:46:41.321489+08:00",
      "disconnect_at": "2023-07-17T10:46:39.77401+08:00",
      "is_slave": false,
      "main": true,
      "node_id": "0bf9a152-c9d7-48d7-8deb-f29a07eddf78",
      "node": null
    },
    "id": "e6e0a5cd-1423-4ad2-9c86-6117805113e4",
    "manager_order": null,
    "name": "t33649767216",
    "pay_rule": {
      "deposit": 100,
      "low_money": 0,
      "per_money": 1,
      "per_time": 60,
      "prepaid": 100,
      "time": "00:00-24:00",
      "unit": 1
    },
    "pay_rules": [
      {
        "deposit": 100,
        "low_money": 0,
        "per_money": 1,
        "per_time": 60,
        "prepaid": 100,
        "time": "00:00-24:00",
        "unit": 1
      }
    ],
    "reserve_order": null,
    "slave": {
      "id": "00000000-0000-0000-0000-000000000000",
      "created_at": "0001-01-01T00:00:00Z",
      "updated_at": "0001-01-01T00:00:00Z",
      "online": false,
      "fictitious": 0,
      "mac": "",
      "name": "",
      "type": 0,
      "server": "",
      "version": "",
      "online_at": "0001-01-01T00:00:00Z",
      "disconnect_at": "0001-01-01T00:00:00Z",
      "is_slave": false,
      "main": false,
      "node_id": "",
      "node": null
    },
    "status": 2,
    "sub_type": "",
    "table_order": {
      "id": "a8fa7b5b-bbec-4de5-9d9e-ddeecd7ccff6",
      "created_at": "2023-07-17T11:13:18.1406+08:00",
      "updated_at": "2023-07-17T11:13:18.145659+08:00",
      "display_id": "23071735981484862923",
      "info": {
        "site_name": "小铁自助台球展会店",
        "site_phone": "13410998503",
        "table_name": "t33649767216",
        "table_type": 1,
        "table_address": "A01",
        "user_nickname": "糸色望",
        "balance_deposit": 100,
        "user_avatar_url": "https://table-file.xironiot.com/avatar/1688644541427576990_tmp_fec1f3a2552143758d699ca095a9a71536ad9cdff2cc90ea.jpg"
      },
      "status": 1,
      "start_at": "2023-07-17T11:13:18.012586+08:00",
      "end_at": "2023-07-21T15:00:18.012586+08:00",
      "pay_way": "wechat",
      "phone": "18373382393",
      "node_id": "0bf9a152-c9d7-48d7-8deb-f29a07eddf78",
      "node": null,
      "member_id": "d41dddce-25cb-4126-9ec5-0b14b5a5245b",
      "member": null,
      "social_user_id": "f7dbf672-d18f-4716-81d1-3d57d9a2d0c0",
      "social_user": {
        "id": "f7dbf672-d18f-4716-81d1-3d57d9a2d0c0",
        "created_at": "2023-03-03T10:40:47.095461+08:00",
        "updated_at": "2023-07-17T11:16:01.291783+08:00",
        "follow": true,
        "avatar_url": "https://table-file.xironiot.com/avatar/1688644541427576990_tmp_fec1f3a2552143758d699ca095a9a71536ad9cdff2cc90ea.jpg",
        "nickname": "糸色望",
        "phone": "18373382393",
        "balance": 0,
        "coupon_count": 0,
        "forbid": false
      },
      "type": 1,
      "used_time": 10,
      "money": 1,
      "old_money": 1,
      "payed": 0,
      "deposit": 100,
      "behalf_pay": false,
      "coupon_money": 0,
      "balance_money": 100,
      "refund_balance": 0,
      "recharge_money": 0,
      "refund_money": 0,
      "return_money": 0,
      "regular_time": null,
      "pay_rules": [
        {
          "id": "ddb8388a-0a5d-4188-967e-aba3bf3cd0b6",
          "node": null,
          "time": "00:00-24:00",
          "unit": 1,
          "deposit": 100,
          "node_id": "0bf9a152-c9d7-48d7-8deb-f29a07eddf78",
          "prepaid": 100,
          "per_time": 60,
          "low_money": 0,
          "per_money": 1,
          "created_at": "2023-05-09T19:13:39.8161+08:00",
          "updated_at": "2023-05-09T19:13:39.8161+08:00"
        }
      ],
      "table_id": "e6e0a5cd-1423-4ad2-9c86-6117805113e4",
      "table": null,
      "reserve_order_id": null,
      "reserver_order": null,
      "coupon_id": null,
      "coupon": null,
      "behalfer_id": null,
      "behalfer": null,
      "balances": null,
      "pay_rule": {
        "deposit": 100,
        "low_money": 0,
        "per_money": 1,
        "per_time": 60,
        "prepaid": 100,
        "time": "00:00-24:00",
        "unit": 1
      }
    },
    "type": 1
  },
  {
    "address": "A02",
    "area_no": "",
    "device": {
      "id": "8cbe1536-7205-460e-9bfb-ff3784600b70",
      "created_at": "2023-04-23T14:41:00.563098+08:00",
      "updated_at": "2023-07-17T10:46:41.329149+08:00",
      "online": true,
      "fictitious": 1,
      "mac": "e4:08:e7:0d:34:6a",
      "name": "t22320605659",
      "type": 1,
      "server": "broker1",
      "version": "0.0.71",
      "online_at": "2023-07-17T10:46:41.321489+08:00",
      "disconnect_at": "2023-07-17T10:46:39.77401+08:00",
      "is_slave": false,
      "main": true,
      "node_id": "0bf9a152-c9d7-48d7-8deb-f29a07eddf78",
      "node": null
    },
    "id": "97497c0f-9283-4ff3-860b-b45f7151144a",
    "manager_order": null,
    "name": "t33649885859",
    "pay_rule": {
      "deposit": 100,
      "low_money": 0,
      "per_money": 1,
      "per_time": 60,
      "prepaid": 100,
      "time": "00:00-24:00",
      "unit": 1
    },
    "pay_rules": [
      {
        "deposit": 100,
        "low_money": 0,
        "per_money": 1,
        "per_time": 60,
        "prepaid": 100,
        "time": "00:00-24:00",
        "unit": 1
      }
    ],
    "reserve_order": null,
    "slave": {
      "id": "00000000-0000-0000-0000-000000000000",
      "created_at": "0001-01-01T00:00:00Z",
      "updated_at": "0001-01-01T00:00:00Z",
      "online": false,
      "fictitious": 0,
      "mac": "",
      "name": "",
      "type": 0,
      "server": "",
      "version": "",
      "online_at": "0001-01-01T00:00:00Z",
      "disconnect_at": "0001-01-01T00:00:00Z",
      "is_slave": false,
      "main": false,
      "node_id": "",
      "node": null
    },
    "status": 1,
    "sub_type": "",
    "table_order": null,
    "type": 1
  },
  {
    "address": "A03",
    "area_no": "",
    "device": {
      "id": "8cbe1536-7205-460e-9bfb-ff3784600b70",
      "created_at": "2023-04-23T14:41:00.563098+08:00",
      "updated_at": "2023-07-17T10:46:41.329149+08:00",
      "online": true,
      "fictitious": 1,
      "mac": "e4:08:e7:0d:34:6a",
      "name": "t22320605659",
      "type": 1,
      "server": "broker1",
      "version": "0.0.71",
      "online_at": "2023-07-17T10:46:41.321489+08:00",
      "disconnect_at": "2023-07-17T10:46:39.77401+08:00",
      "is_slave": false,
      "main": true,
      "node_id": "0bf9a152-c9d7-48d7-8deb-f29a07eddf78",
      "node": null
    },
    "id": "2082698d-0617-43de-871a-8e0e39eeb23a",
    "manager_order": null,
    "name": "t33650028061",
    "pay_rule": {
      "deposit": 100,
      "low_money": 0,
      "per_money": 1,
      "per_time": 60,
      "prepaid": 100,
      "time": "00:00-24:00",
      "unit": 1
    },
    "pay_rules": [
      {
        "deposit": 100,
        "low_money": 0,
        "per_money": 1,
        "per_time": 60,
        "prepaid": 100,
        "time": "00:00-24:00",
        "unit": 1
      }
    ],
    "reserve_order": null,
    "slave": {
      "id": "00000000-0000-0000-0000-000000000000",
      "created_at": "0001-01-01T00:00:00Z",
      "updated_at": "0001-01-01T00:00:00Z",
      "online": false,
      "fictitious": 0,
      "mac": "",
      "name": "",
      "type": 0,
      "server": "",
      "version": "",
      "online_at": "0001-01-01T00:00:00Z",
      "disconnect_at": "0001-01-01T00:00:00Z",
      "is_slave": false,
      "main": false,
      "node_id": "",
      "node": null
    },
    "status": 1,
    "sub_type": "",
    "table_order": null,
    "type": 1
  }
]