[
  {
    "address": "A01",
    "area_no": "",
    "device": {
      "id": "760c3667-8e75-4159-89cb-1ba60b4f0b55",
      "created_at": "2023-07-31T19:55:41.555198+08:00",
      "updated_at": "2023-08-02T15:28:50.884719+08:00",
      "online": false,
      "fictitious": 1,
      "mac": "dc:bd:cc:25:2c:71",
      "name": "t08045415176",
      "type": 1,
      "server": "broker1",
      "version": "0.0.71",
      "online_at": "2023-08-01T20:11:44.373786+08:00",
      "disconnect_at": "2023-08-01T20:14:44.362417+08:00",
      "is_slave": false,
      "main": true,
      "node_id": "0cd8afb4-c686-4987-a9ae-86e98d1ff888",
      "node": null
    },
    "id": "80733a94-309c-4280-ab76-71499505cb98",
    "manager_order": null,
    "name": "t10324456429",
    "pay_rule": {
      "deposit": 6000,
      "low_money": 0,
      "per_money": 2800,
      "per_time": 60,
      "prepaid": 2000,
      "time": "11:00-24:00",
      "unit": 1
    },
    "pay_rules": [
      {
        "deposit": 6000,
        "low_money": 0,
        "per_money": 2000,
        "per_time": 60,
        "prepaid": 2000,
        "time": "00:00-11:00",
        "unit": 1
      },
      {
        "deposit": 6000,
        "low_money": 0,
        "per_money": 2800,
        "per_time": 60,
        "prepaid": 2000,
        "time": "11:00-24:00",
        "unit": 1
      }
    ],
    "queue_order": null,
    "reserve_order": null,
    "slave": {
      "id": "00000000-0000-0000-0000-000000000000",
      "created_at": "0001-01-01T00:00:00Z",
      "updated_at": "0001-01-01T00:00:00Z",
      "online": false,
      "fictitious": 0,
      "mac": "",
      "name": "",
      "type": 0,
      "server": "",
      "version": "",
      "online_at": "0001-01-01T00:00:00Z",
      "disconnect_at": "0001-01-01T00:00:00Z",
      "is_slave": false,
      "main": false,
      "node_id": "",
      "node": null
    },
    "status": 1,
    "sub_type": "",
    "table_order": null,
    "type": 1
  },
  {
    "address": "A02",
    "area_no": "",
    "device": {
      "id": "760c3667-8e75-4159-89cb-1ba60b4f0b55",
      "created_at": "2023-07-31T19:55:41.555198+08:00",
      "updated_at": "2023-08-02T15:28:50.884719+08:00",
      "online": false,
      "fictitious": 1,
      "mac": "dc:bd:cc:25:2c:71",
      "name": "t08045415176",
      "type": 1,
      "server": "broker1",
      "version": "0.0.71",
      "online_at": "2023-08-01T20:11:44.373786+08:00",
      "disconnect_at": "2023-08-01T20:14:44.362417+08:00",
      "is_slave": false,
      "main": true,
      "node_id": "0cd8afb4-c686-4987-a9ae-86e98d1ff888",
      "node": null
    },
    "id": "8fbfb4f0-6f78-4aee-a18a-4110f5e5c40d",
    "manager_order": null,
    "name": "t10324582824",
    "pay_rule": {
      "deposit": 6000,
      "low_money": 0,
      "per_money": 2800,
      "per_time": 60,
      "prepaid": 2000,
      "time": "11:00-24:00",
      "unit": 1
    },
    "pay_rules": [
      {
        "deposit": 6000,
        "low_money": 0,
        "per_money": 2000,
        "per_time": 60,
        "prepaid": 2000,
        "time": "00:00-11:00",
        "unit": 1
      },
      {
        "deposit": 6000,
        "low_money": 0,
        "per_money": 2800,
        "per_time": 60,
        "prepaid": 2000,
        "time": "11:00-24:00",
        "unit": 1
      }
    ],
    "queue_order": null,
    "reserve_order": null,
    "slave": {
      "id": "00000000-0000-0000-0000-000000000000",
      "created_at": "0001-01-01T00:00:00Z",
      "updated_at": "0001-01-01T00:00:00Z",
      "online": false,
      "fictitious": 0,
      "mac": "",
      "name": "",
      "type": 0,
      "server": "",
      "version": "",
      "online_at": "0001-01-01T00:00:00Z",
      "disconnect_at": "0001-01-01T00:00:00Z",
      "is_slave": false,
      "main": false,
      "node_id": "",
      "node": null
    },
    "status": 1,
    "sub_type": "",
    "table_order": null,
    "type": 1
  },
  {
    "address": "A03",
    "area_no": "",
    "device": {
      "id": "760c3667-8e75-4159-89cb-1ba60b4f0b55",
      "created_at": "2023-07-31T19:55:41.555198+08:00",
      "updated_at": "2023-08-02T15:28:50.884719+08:00",
      "online": false,
      "fictitious": 1,
      "mac": "dc:bd:cc:25:2c:71",
      "name": "t08045415176",
      "type": 1,
      "server": "broker1",
      "version": "0.0.71",
      "online_at": "2023-08-01T20:11:44.373786+08:00",
      "disconnect_at": "2023-08-01T20:14:44.362417+08:00",
      "is_slave": false,
      "main": true,
      "node_id": "0cd8afb4-c686-4987-a9ae-86e98d1ff888",
      "node": null
    },
    "id": "64b8758d-ded2-45c3-bc60-84f23f818a54",
    "manager_order": null,
    "name": "t10324743549",
    "pay_rule": {
      "deposit": 6000,
      "low_money": 0,
      "per_money": 2800,
      "per_time": 60,
      "prepaid": 2000,
      "time": "11:00-24:00",
      "unit": 1
    },
    "pay_rules": [
      {
        "deposit": 6000,
        "low_money": 0,
        "per_money": 2000,
        "per_time": 60,
        "prepaid": 2000,
        "time": "00:00-11:00",
        "unit": 1
      },
      {
        "deposit": 6000,
        "low_money": 0,
        "per_money": 2800,
        "per_time": 60,
        "prepaid": 2000,
        "time": "11:00-24:00",
        "unit": 1
      }
    ],
    "queue_order": null,
    "reserve_order": null,
    "slave": {
      "id": "00000000-0000-0000-0000-000000000000",
      "created_at": "0001-01-01T00:00:00Z",
      "updated_at": "0001-01-01T00:00:00Z",
      "online": false,
      "fictitious": 0,
      "mac": "",
      "name": "",
      "type": 0,
      "server": "",
      "version": "",
      "online_at": "0001-01-01T00:00:00Z",
      "disconnect_at": "0001-01-01T00:00:00Z",
      "is_slave": false,
      "main": false,
      "node_id": "",
      "node": null
    },
    "status": 1,
    "sub_type": "",
    "table_order": null,
    "type": 1
  },
  {
    "address": "A04",
    "area_no": "",
    "device": {
      "id": "760c3667-8e75-4159-89cb-1ba60b4f0b55",
      "created_at": "2023-07-31T19:55:41.555198+08:00",
      "updated_at": "2023-08-02T15:28:50.884719+08:00",
      "online": false,
      "fictitious": 1,
      "mac": "dc:bd:cc:25:2c:71",
      "name": "t08045415176",
      "type": 1,
      "server": "broker1",
      "version": "0.0.71",
      "online_at": "2023-08-01T20:11:44.373786+08:00",
      "disconnect_at": "2023-08-01T20:14:44.362417+08:00",
      "is_slave": false,
      "main": true,
      "node_id": "0cd8afb4-c686-4987-a9ae-86e98d1ff888",
      "node": null
    },
    "id": "2b090295-d784-482b-9b61-03927cfd61a4",
    "manager_order": null,
    "name": "t10429888687",
    "pay_rule": {
      "deposit": 6000,
      "low_money": 0,
      "per_money": 2800,
      "per_time": 60,
      "prepaid": 2000,
      "time": "11:00-24:00",
      "unit": 1
    },
    "pay_rules": [
      {
        "deposit": 6000,
        "low_money": 0,
        "per_money": 2000,
        "per_time": 60,
        "prepaid": 2000,
        "time": "00:00-11:00",
        "unit": 1
      },
      {
        "deposit": 6000,
        "low_money": 0,
        "per_money": 2800,
        "per_time": 60,
        "prepaid": 2000,
        "time": "11:00-24:00",
        "unit": 1
      }
    ],
    "queue_order": null,
    "reserve_order": null,
    "slave": {
      "id": "00000000-0000-0000-0000-000000000000",
      "created_at": "0001-01-01T00:00:00Z",
      "updated_at": "0001-01-01T00:00:00Z",
      "online": false,
      "fictitious": 0,
      "mac": "",
      "name": "",
      "type": 0,
      "server": "",
      "version": "",
      "online_at": "0001-01-01T00:00:00Z",
      "disconnect_at": "0001-01-01T00:00:00Z",
      "is_slave": false,
      "main": false,
      "node_id": "",
      "node": null
    },
    "status": 1,
    "sub_type": "",
    "table_order": null,
    "type": 1
  },
  {
    "address": "A05",
    "area_no": "",
    "device": {
      "id": "760c3667-8e75-4159-89cb-1ba60b4f0b55",
      "created_at": "2023-07-31T19:55:41.555198+08:00",
      "updated_at": "2023-08-02T15:28:50.884719+08:00",
      "online": false,
      "fictitious": 1,
      "mac": "dc:bd:cc:25:2c:71",
      "name": "t08045415176",
      "type": 1,
      "server": "broker1",
      "version": "0.0.71",
      "online_at": "2023-08-01T20:11:44.373786+08:00",
      "disconnect_at": "2023-08-01T20:14:44.362417+08:00",
      "is_slave": false,
      "main": true,
      "node_id": "0cd8afb4-c686-4987-a9ae-86e98d1ff888",
      "node": null
    },
    "id": "3a18ec69-c73d-4ba9-a484-303cb3092d3e",
    "manager_order": null,
    "name": "t10430013820",
    "pay_rule": {
      "deposit": 6000,
      "low_money": 0,
      "per_money": 2800,
      "per_time": 60,
      "prepaid": 2000,
      "time": "11:00-24:00",
      "unit": 1
    },
    "pay_rules": [
      {
        "deposit": 6000,
        "low_money": 0,
        "per_money": 2000,
        "per_time": 60,
        "prepaid": 2000,
        "time": "00:00-11:00",
        "unit": 1
      },
      {
        "deposit": 6000,
        "low_money": 0,
        "per_money": 2800,
        "per_time": 60,
        "prepaid": 2000,
        "time": "11:00-24:00",
        "unit": 1
      }
    ],
    "queue_order": null,
    "reserve_order": null,
    "slave": {
      "id": "00000000-0000-0000-0000-000000000000",
      "created_at": "0001-01-01T00:00:00Z",
      "updated_at": "0001-01-01T00:00:00Z",
      "online": false,
      "fictitious": 0,
      "mac": "",
      "name": "",
      "type": 0,
      "server": "",
      "version": "",
      "online_at": "0001-01-01T00:00:00Z",
      "disconnect_at": "0001-01-01T00:00:00Z",
      "is_slave": false,
      "main": false,
      "node_id": "",
      "node": null
    },
    "status": 1,
    "sub_type": "",
    "table_order": null,
    "type": 1
  },
  {
    "address": "A06",
    "area_no": "",
    "device": {
      "id": "760c3667-8e75-4159-89cb-1ba60b4f0b55",
      "created_at": "2023-07-31T19:55:41.555198+08:00",
      "updated_at": "2023-08-02T15:28:50.884719+08:00",
      "online": false,
      "fictitious": 1,
      "mac": "dc:bd:cc:25:2c:71",
      "name": "t08045415176",
      "type": 1,
      "server": "broker1",
      "version": "0.0.71",
      "online_at": "2023-08-01T20:11:44.373786+08:00",
      "disconnect_at": "2023-08-01T20:14:44.362417+08:00",
      "is_slave": false,
      "main": true,
      "node_id": "0cd8afb4-c686-4987-a9ae-86e98d1ff888",
      "node": null
    },
    "id": "3e8daaf7-c334-4641-aa02-cf567c342e2c",
    "manager_order": null,
    "name": "t10430136624",
    "pay_rule": {
      "deposit": 6000,
      "low_money": 0,
      "per_money": 2800,
      "per_time": 60,
      "prepaid": 2000,
      "time": "11:00-24:00",
      "unit": 1
    },
    "pay_rules": [
      {
        "deposit": 6000,
        "low_money": 0,
        "per_money": 2000,
        "per_time": 60,
        "prepaid": 2000,
        "time": "00:00-11:00",
        "unit": 1
      },
      {
        "deposit": 6000,
        "low_money": 0,
        "per_money": 2800,
        "per_time": 60,
        "prepaid": 2000,
        "time": "11:00-24:00",
        "unit": 1
      }
    ],
    "queue_order": null,
    "reserve_order": null,
    "slave": {
      "id": "00000000-0000-0000-0000-000000000000",
      "created_at": "0001-01-01T00:00:00Z",
      "updated_at": "0001-01-01T00:00:00Z",
      "online": false,
      "fictitious": 0,
      "mac": "",
      "name": "",
      "type": 0,
      "server": "",
      "version": "",
      "online_at": "0001-01-01T00:00:00Z",
      "disconnect_at": "0001-01-01T00:00:00Z",
      "is_slave": false,
      "main": false,
      "node_id": "",
      "node": null
    },
    "status": 1,
    "sub_type": "",
    "table_order": null,
    "type": 1
  },
  {
    "address": "A07",
    "area_no": "",
    "device": {
      "id": "760c3667-8e75-4159-89cb-1ba60b4f0b55",
      "created_at": "2023-07-31T19:55:41.555198+08:00",
      "updated_at": "2023-08-02T15:28:50.884719+08:00",
      "online": false,
      "fictitious": 1,
      "mac": "dc:bd:cc:25:2c:71",
      "name": "t08045415176",
      "type": 1,
      "server": "broker1",
      "version": "0.0.71",
      "online_at": "2023-08-01T20:11:44.373786+08:00",
      "disconnect_at": "2023-08-01T20:14:44.362417+08:00",
      "is_slave": false,
      "main": true,
      "node_id": "0cd8afb4-c686-4987-a9ae-86e98d1ff888",
      "node": null
    },
    "id": "f52e8c6a-30ef-4309-8040-5419c4956d42",
    "manager_order": null,
    "name": "t10430271249",
    "pay_rule": {
      "deposit": 6000,
      "low_money": 0,
      "per_money": 2800,
      "per_time": 60,
      "prepaid": 2000,
      "time": "11:00-24:00",
      "unit": 1
    },
    "pay_rules": [
      {
        "deposit": 6000,
        "low_money": 0,
        "per_money": 2000,
        "per_time": 60,
        "prepaid": 2000,
        "time": "00:00-11:00",
        "unit": 1
      },
      {
        "deposit": 6000,
        "low_money": 0,
        "per_money": 2800,
        "per_time": 60,
        "prepaid": 2000,
        "time": "11:00-24:00",
        "unit": 1
      }
    ],
    "queue_order": null,
    "reserve_order": null,
    "slave": {
      "id": "00000000-0000-0000-0000-000000000000",
      "created_at": "0001-01-01T00:00:00Z",
      "updated_at": "0001-01-01T00:00:00Z",
      "online": false,
      "fictitious": 0,
      "mac": "",
      "name": "",
      "type": 0,
      "server": "",
      "version": "",
      "online_at": "0001-01-01T00:00:00Z",
      "disconnect_at": "0001-01-01T00:00:00Z",
      "is_slave": false,
      "main": false,
      "node_id": "",
      "node": null
    },
    "status": 1,
    "sub_type": "",
    "table_order": null,
    "type": 1
  },
  {
    "address": "A08",
    "area_no": "",
    "device": {
      "id": "760c3667-8e75-4159-89cb-1ba60b4f0b55",
      "created_at": "2023-07-31T19:55:41.555198+08:00",
      "updated_at": "2023-08-02T15:28:50.884719+08:00",
      "online": false,
      "fictitious": 1,
      "mac": "dc:bd:cc:25:2c:71",
      "name": "t08045415176",
      "type": 1,
      "server": "broker1",
      "version": "0.0.71",
      "online_at": "2023-08-01T20:11:44.373786+08:00",
      "disconnect_at": "2023-08-01T20:14:44.362417+08:00",
      "is_slave": false,
      "main": true,
      "node_id": "0cd8afb4-c686-4987-a9ae-86e98d1ff888",
      "node": null
    },
    "id": "e2c3be45-3cf1-4d47-b141-22793e50f5f3",
    "manager_order": null,
    "name": "t10430443801",
    "pay_rule": {
      "deposit": 6000,
      "low_money": 0,
      "per_money": 2800,
      "per_time": 60,
      "prepaid": 2000,
      "time": "11:00-24:00",
      "unit": 1
    },
    "pay_rules": [
      {
        "deposit": 6000,
        "low_money": 0,
        "per_money": 2000,
        "per_time": 60,
        "prepaid": 2000,
        "time": "00:00-11:00",
        "unit": 1
      },
      {
        "deposit": 6000,
        "low_money": 0,
        "per_money": 2800,
        "per_time": 60,
        "prepaid": 2000,
        "time": "11:00-24:00",
        "unit": 1
      }
    ],
    "queue_order": null,
    "reserve_order": null,
    "slave": {
      "id": "00000000-0000-0000-0000-000000000000",
      "created_at": "0001-01-01T00:00:00Z",
      "updated_at": "0001-01-01T00:00:00Z",
      "online": false,
      "fictitious": 0,
      "mac": "",
      "name": "",
      "type": 0,
      "server": "",
      "version": "",
      "online_at": "0001-01-01T00:00:00Z",
      "disconnect_at": "0001-01-01T00:00:00Z",
      "is_slave": false,
      "main": false,
      "node_id": "",
      "node": null
    },
    "status": 1,
    "sub_type": "",
    "table_order": null,
    "type": 1
  },
  {
    "address": "A09",
    "area_no": "",
    "device": {
      "id": "760c3667-8e75-4159-89cb-1ba60b4f0b55",
      "created_at": "2023-07-31T19:55:41.555198+08:00",
      "updated_at": "2023-08-02T15:28:50.884719+08:00",
      "online": false,
      "fictitious": 1,
      "mac": "dc:bd:cc:25:2c:71",
      "name": "t08045415176",
      "type": 1,
      "server": "broker1",
      "version": "0.0.71",
      "online_at": "2023-08-01T20:11:44.373786+08:00",
      "disconnect_at": "2023-08-01T20:14:44.362417+08:00",
      "is_slave": false,
      "main": true,
      "node_id": "0cd8afb4-c686-4987-a9ae-86e98d1ff888",
      "node": null
    },
    "id": "cf66dfe6-a368-4d7f-ac31-ee5bff820acf",
    "manager_order": null,
    "name": "t10430598197",
    "pay_rule": {
      "deposit": 6000,
      "low_money": 0,
      "per_money": 2800,
      "per_time": 60,
      "prepaid": 2000,
      "time": "11:00-24:00",
      "unit": 1
    },
    "pay_rules": [
      {
        "deposit": 6000,
        "low_money": 0,
        "per_money": 2000,
        "per_time": 60,
        "prepaid": 2000,
        "time": "00:00-11:00",
        "unit": 1
      },
      {
        "deposit": 6000,
        "low_money": 0,
        "per_money": 2800,
        "per_time": 60,
        "prepaid": 2000,
        "time": "11:00-24:00",
        "unit": 1
      }
    ],
    "queue_order": null,
    "reserve_order": null,
    "slave": {
      "id": "00000000-0000-0000-0000-000000000000",
      "created_at": "0001-01-01T00:00:00Z",
      "updated_at": "0001-01-01T00:00:00Z",
      "online": false,
      "fictitious": 0,
      "mac": "",
      "name": "",
      "type": 0,
      "server": "",
      "version": "",
      "online_at": "0001-01-01T00:00:00Z",
      "disconnect_at": "0001-01-01T00:00:00Z",
      "is_slave": false,
      "main": false,
      "node_id": "",
      "node": null
    },
    "status": 1,
    "sub_type": "",
    "table_order": null,
    "type": 1
  }
]