[
  {
    "about_table": null,
    "address": "Q01",
    "area_no": "",
    "device": {
      "id": "8f7afe1a-c778-42d6-a83e-fc7afdf47ae0",
      "created_at": "2023-04-23T12:14:05.49267+08:00",
      "updated_at": "2023-08-18T02:13:18.885671+08:00",
      "online": true,
      "fictitious": 1,
      "mac": "e4:08:e7:0d:34:71",
      "name": "t22232454540",
      "type": 1,
      "server": "broker1",
      "version": "0.0.73",
      "online_at": "2023-08-18T02:13:18.878255+08:00",
      "disconnect_at": "2023-08-18T02:13:13.942012+08:00",
      "is_slave": true,
      "main": true,
      "node_id": "010f6859-e2fa-401c-a37e-da5b35a4daab",
      "node": null
    },
    "id": "3b783431-705b-459b-b72c-febdc01e7d8e",
    "manager_order": null,
    "name": "t11991711660",
    "pay_rule": {
      "deposit": 20000,
      "low_money": 0,
      "per_money": 3000,
      "per_time": 60,
      "prepaid": 2000,
      "time": "00:00-12:00",
      "unit": 1
    },
    "pay_rules": [
      {
        "deposit": 20000,
        "low_money": 0,
        "per_money": 3000,
        "per_time": 60,
        "prepaid": 2000,
        "time": "00:00-12:00",
        "unit": 1
      },
      {
        "deposit": 20000,
        "low_money": 0,
        "per_money": 4000,
        "per_time": 60,
        "prepaid": 2000,
        "time": "12:00-24:00",
        "unit": 1
      }
    ],
    "queue_order": null,
    "reserve_order": null,
    "slave": {
      "id": "00000000-0000-0000-0000-000000000000",
      "created_at": "0001-01-01T00:00:00Z",
      "updated_at": "0001-01-01T00:00:00Z",
      "online": false,
      "fictitious": 0,
      "mac": "",
      "name": "",
      "type": 0,
      "server": "",
      "version": "",
      "online_at": "0001-01-01T00:00:00Z",
      "disconnect_at": "0001-01-01T00:00:00Z",
      "is_slave": false,
      "main": false,
      "node_id": "",
      "node": null
    },
    "status": 1,
    "sub_type": "",
    "table_order": null,
    "type": 3,
    "node_name": "深圳新锦安店",
    "address_name": "宝安区新安街道新锦安雅园三期D栋D4栋二层57"
  },
  {
    "about_table": null,
    "address": "A03",
    "area_no": "",
    "device": {
      "id": "8f7afe1a-c778-42d6-a83e-fc7afdf47ae0",
      "created_at": "2023-04-23T12:14:05.49267+08:00",
      "updated_at": "2023-08-18T02:13:18.885671+08:00",
      "online": true,
      "fictitious": 1,
      "mac": "e4:08:e7:0d:34:71",
      "name": "t22232454540",
      "type": 1,
      "server": "broker1",
      "version": "0.0.73",
      "online_at": "2023-08-18T02:13:18.878255+08:00",
      "disconnect_at": "2023-08-18T02:13:13.942012+08:00",
      "is_slave": true,
      "main": true,
      "node_id": "010f6859-e2fa-401c-a37e-da5b35a4daab",
      "node": null
    },
    "id": "7ad32dd2-0e51-440c-b62b-4238ba091fcb",
    "manager_order": null,
    "name": "t11990927122",
    "pay_rule": {
      "deposit": 15000,
      "low_money": 0,
      "per_money": 3500,
      "per_time": 60,
      "prepaid": 2000,
      "time": "00:00-12:00",
      "unit": 1
    },
    "pay_rules": [
      {
        "deposit": 15000,
        "low_money": 0,
        "per_money": 3500,
        "per_time": 60,
        "prepaid": 2000,
        "time": "00:00-12:00",
        "unit": 1
      },
      {
        "deposit": 15000,
        "low_money": 0,
        "per_money": 4500,
        "per_time": 60,
        "prepaid": 2000,
        "time": "12:00-24:00",
        "unit": 1
      }
    ],
    "queue_order": null,
    "reserve_order": null,
    "slave": {
      "id": "00000000-0000-0000-0000-000000000000",
      "created_at": "0001-01-01T00:00:00Z",
      "updated_at": "0001-01-01T00:00:00Z",
      "online": false,
      "fictitious": 0,
      "mac": "",
      "name": "",
      "type": 0,
      "server": "",
      "version": "",
      "online_at": "0001-01-01T00:00:00Z",
      "disconnect_at": "0001-01-01T00:00:00Z",
      "is_slave": false,
      "main": false,
      "node_id": "",
      "node": null
    },
    "status": 2,
    "sub_type": "",
    "table_order": {
      "id": "d965b574-b630-45bc-82d9-71ae2fd6f360",
      "created_at": "2023-08-19T01:19:18.237083+08:00",
      "updated_at": "2023-08-19T01:19:18.241262+08:00",
      "display_id": "23081991582395786771",
      "info": {
        "joins": null,
        "site_name": "深圳新锦安店",
        "site_phone": "19147755022",
        "table_name": "t11990927122",
        "table_type": 1,
        "table_address": "A03",
        "user_nickname": "",
        "balance_deposit": 0,
        "user_avatar_url": ""
      },
      "status": 1,
      "start_at": "2023-08-19T01:19:18.098288+08:00",
      "end_at": "2023-08-19T07:36:18.098288+08:00",
      "pay_way": "wechat",
      "phone": "17775342867",
      "node_id": "010f6859-e2fa-401c-a37e-da5b35a4daab",
      "node": null,
      "member_id": "9f184e85-9050-4b70-ae5a-cd67bdd49761",
      "member": null,
      "social_user_id": "685c37c2-2903-4ea7-a6ea-237ab390a9a3",
      "social_user": {
        "id": "685c37c2-2903-4ea7-a6ea-237ab390a9a3",
        "created_at": "2023-08-17T23:44:10.991155+08:00",
        "updated_at": "2023-08-19T01:19:12.895558+08:00",
        "follow": false,
        "avatar_url": "",
        "nickname": "",
        "phone": "17775342867",
        "about_done_count": 0,
        "about_cancel_count": 0,
        "balance": 0,
        "coupon_count": 0,
        "forbid": false
      },
      "type": 1,
      "play_type": 1,
      "used_time": 16,
      "money": 0,
      "old_money": 0,
      "payed": 15000,
      "deposit": 15000,
      "behalf_pay": false,
      "coupon_money": 0,
      "balance_money": 0,
      "refund_balance": 0,
      "recharge_money": 0,
      "refund_money": 15000,
      "return_money": 0,
      "regular_time": null,
      "pay_rules": [
        {
          "id": "7fc9a7fb-cb4f-4753-aaf4-458a51f90b33",
          "node": null,
          "time": "00:00-12:00",
          "unit": 1,
          "deposit": 15000,
          "node_id": "010f6859-e2fa-401c-a37e-da5b35a4daab",
          "prepaid": 2000,
          "per_time": 60,
          "low_money": 0,
          "per_money": 3500,
          "created_at": "2023-06-17T18:20:07.95836+08:00",
          "updated_at": "2023-06-17T18:23:15.925754+08:00"
        },
        {
          "id": "388354dc-a6a6-4b35-8dc3-8105e46d657b",
          "node": null,
          "time": "12:00-24:00",
          "unit": 1,
          "deposit": 15000,
          "node_id": "010f6859-e2fa-401c-a37e-da5b35a4daab",
          "prepaid": 2000,
          "per_time": 60,
          "low_money": 0,
          "per_money": 4500,
          "created_at": "2023-06-17T18:20:42.949047+08:00",
          "updated_at": "2023-06-17T18:23:08.210646+08:00"
        }
      ],
      "about_table": "",
      "table_type": 1,
      "table_id": "7ad32dd2-0e51-440c-b62b-4238ba091fcb",
      "table": null,
      "reserve_order_id": null,
      "reserver_order": null,
      "coupon_id": "6deede5f-4069-463c-9207-c1cff6923d69",
      "coupon": {
        "id": "6deede5f-4069-463c-9207-c1cff6923d69",
        "created_at": "2023-08-19T01:18:42.082651+08:00",
        "updated_at": "2023-08-19T01:19:18.234576+08:00",
        "name": "【小铁台球】39.9两小时体验券",
        "status": 3,
        "type": 1,
        "sub_types": [],
        "use_type": 2,
        "money": 0,
        "sale_money": 0,
        "time": 120,
        "deposit": true,
        "deduction_deposit": true,
        "valid_day": 30,
        "expired_at": "2023-09-18T01:18:41.974373+08:00",
        "start_at": "2023-08-01T00:00:00+08:00",
        "end_at": "2028-08-01T00:00:00+08:00",
        "remark": "",
        "exchange_id": "866317557",
        "exchange_type": "美团",
        "use_time": "0-1440",
        "way": 1,
        "use_at": "2023-08-19T01:19:18.098288+08:00",
        "use_site_name": "深圳新锦安店",
        "suit_site": "深圳新锦安店",
        "coupon_package_id": "8e3b47c6-0df6-4d43-8a6f-66a3f4c0ab24",
        "coupon_order_id": "f911c8c9-4c5b-4d0b-8316-020273815d78"
      },
      "queue_order_id": null,
      "queue_order": null,
      "behalfer_id": null,
      "behalfer": null,
      "balances": null,
      "pay_rule": {
        "deposit": 15000,
        "low_money": 0,
        "per_money": 3500,
        "per_time": 60,
        "prepaid": 2000,
        "time": "00:00-12:00",
        "unit": 1
      }
    },
    "type": 1,
    "node_name": "深圳新锦安店",
    "address_name": "宝安区新安街道新锦安雅园三期D栋D4栋二层57"
  },
  {
    "about_table": null,
    "address": "A07",
    "area_no": "",
    "device": {
      "id": "8f7afe1a-c778-42d6-a83e-fc7afdf47ae0",
      "created_at": "2023-04-23T12:14:05.49267+08:00",
      "updated_at": "2023-08-18T02:13:18.885671+08:00",
      "online": true,
      "fictitious": 1,
      "mac": "e4:08:e7:0d:34:71",
      "name": "t22232454540",
      "type": 1,
      "server": "broker1",
      "version": "0.0.73",
      "online_at": "2023-08-18T02:13:18.878255+08:00",
      "disconnect_at": "2023-08-18T02:13:13.942012+08:00",
      "is_slave": true,
      "main": true,
      "node_id": "010f6859-e2fa-401c-a37e-da5b35a4daab",
      "node": null
    },
    "id": "98219859-6c58-48d2-8c5d-bc0f7c8b7874",
    "manager_order": null,
    "name": "t16959567345",
    "pay_rule": {
      "deposit": 15000,
      "low_money": 0,
      "per_money": 3500,
      "per_time": 60,
      "prepaid": 2000,
      "time": "00:00-12:00",
      "unit": 1
    },
    "pay_rules": [
      {
        "deposit": 15000,
        "low_money": 0,
        "per_money": 3500,
        "per_time": 60,
        "prepaid": 2000,
        "time": "00:00-12:00",
        "unit": 1
      },
      {
        "deposit": 15000,
        "low_money": 0,
        "per_money": 4500,
        "per_time": 60,
        "prepaid": 2000,
        "time": "12:00-24:00",
        "unit": 1
      }
    ],
    "queue_order": null,
    "reserve_order": null,
    "slave": {
      "id": "00000000-0000-0000-0000-000000000000",
      "created_at": "0001-01-01T00:00:00Z",
      "updated_at": "0001-01-01T00:00:00Z",
      "online": false,
      "fictitious": 0,
      "mac": "",
      "name": "",
      "type": 0,
      "server": "",
      "version": "",
      "online_at": "0001-01-01T00:00:00Z",
      "disconnect_at": "0001-01-01T00:00:00Z",
      "is_slave": false,
      "main": false,
      "node_id": "",
      "node": null
    },
    "status": 1,
    "sub_type": "",
    "table_order": null,
    "type": 1,
    "node_name": "深圳新锦安店",
    "address_name": "宝安区新安街道新锦安雅园三期D栋D4栋二层57"
  },
  {
    "about_table": null,
    "address": "A06",
    "area_no": "",
    "device": {
      "id": "8f7afe1a-c778-42d6-a83e-fc7afdf47ae0",
      "created_at": "2023-04-23T12:14:05.49267+08:00",
      "updated_at": "2023-08-18T02:13:18.885671+08:00",
      "online": true,
      "fictitious": 1,
      "mac": "e4:08:e7:0d:34:71",
      "name": "t22232454540",
      "type": 1,
      "server": "broker1",
      "version": "0.0.73",
      "online_at": "2023-08-18T02:13:18.878255+08:00",
      "disconnect_at": "2023-08-18T02:13:13.942012+08:00",
      "is_slave": true,
      "main": true,
      "node_id": "010f6859-e2fa-401c-a37e-da5b35a4daab",
      "node": null
    },
    "id": "8f1e8be0-c59f-4e32-9958-57c8aaed79fe",
    "manager_order": null,
    "name": "t11991606977",
    "pay_rule": {
      "deposit": 15000,
      "low_money": 0,
      "per_money": 3500,
      "per_time": 60,
      "prepaid": 2000,
      "time": "00:00-12:00",
      "unit": 1
    },
    "pay_rules": [
      {
        "deposit": 15000,
        "low_money": 0,
        "per_money": 3500,
        "per_time": 60,
        "prepaid": 2000,
        "time": "00:00-12:00",
        "unit": 1
      },
      {
        "deposit": 15000,
        "low_money": 0,
        "per_money": 4500,
        "per_time": 60,
        "prepaid": 2000,
        "time": "12:00-24:00",
        "unit": 1
      }
    ],
    "queue_order": null,
    "reserve_order": null,
    "slave": {
      "id": "00000000-0000-0000-0000-000000000000",
      "created_at": "0001-01-01T00:00:00Z",
      "updated_at": "0001-01-01T00:00:00Z",
      "online": false,
      "fictitious": 0,
      "mac": "",
      "name": "",
      "type": 0,
      "server": "",
      "version": "",
      "online_at": "0001-01-01T00:00:00Z",
      "disconnect_at": "0001-01-01T00:00:00Z",
      "is_slave": false,
      "main": false,
      "node_id": "",
      "node": null
    },
    "status": 2,
    "sub_type": "",
    "table_order": {
      "id": "9ebd6273-31bc-430c-b953-104b3976e4ca",
      "created_at": "2023-08-18T22:00:03.224551+08:00",
      "updated_at": "2023-08-18T22:00:03.229515+08:00",
      "display_id": "23081872032204108125",
      "info": {
        "joins": null,
        "site_name": "深圳新锦安店",
        "site_phone": "19147755022",
        "table_name": "t11991606977",
        "table_type": 1,
        "table_address": "A06",
        "user_nickname": "她像母球一样不使唤",
        "balance_deposit": 0,
        "user_avatar_url": "https://table-file.xironiot.com/avatar/1691274884352713520_tmp_1d527222ada9521b8a23178a51e322dae1a19524d60e907a.jpg"
      },
      "status": 1,
      "start_at": "2023-08-18T22:00:03.079738+08:00",
      "end_at": "2023-08-19T06:17:03.079738+08:00",
      "pay_way": "wechat",
      "phone": "18278871097",
      "node_id": "010f6859-e2fa-401c-a37e-da5b35a4daab",
      "node": null,
      "member_id": "2ac2a430-2bf1-43c8-8b16-55f0c42ef6f2",
      "member": null,
      "social_user_id": "370acaf7-d2cb-47b9-8cc1-07d2e34a771e",
      "social_user": {
        "id": "370acaf7-d2cb-47b9-8cc1-07d2e34a771e",
        "created_at": "2023-07-15T21:56:41.423166+08:00",
        "updated_at": "2023-08-18T21:58:42.45505+08:00",
        "follow": true,
        "avatar_url": "https://table-file.xironiot.com/avatar/1691274884352713520_tmp_1d527222ada9521b8a23178a51e322dae1a19524d60e907a.jpg",
        "nickname": "她像母球一样不使唤",
        "phone": "18278871097",
        "about_done_count": 0,
        "about_cancel_count": 0,
        "balance": 0,
        "coupon_count": 0,
        "forbid": false
      },
      "type": 1,
      "play_type": 1,
      "used_time": 215,
      "money": 0,
      "old_money": 0,
      "payed": 15000,
      "deposit": 15000,
      "behalf_pay": false,
      "coupon_money": 0,
      "balance_money": 0,
      "refund_balance": 0,
      "recharge_money": 0,
      "refund_money": 15000,
      "return_money": 0,
      "regular_time": null,
      "pay_rules": [
        {
          "id": "7fc9a7fb-cb4f-4753-aaf4-458a51f90b33",
          "node": null,
          "time": "00:00-12:00",
          "unit": 1,
          "deposit": 15000,
          "node_id": "010f6859-e2fa-401c-a37e-da5b35a4daab",
          "prepaid": 2000,
          "per_time": 60,
          "low_money": 0,
          "per_money": 3500,
          "created_at": "2023-06-17T18:20:07.95836+08:00",
          "updated_at": "2023-06-17T18:23:15.925754+08:00"
        },
        {
          "id": "388354dc-a6a6-4b35-8dc3-8105e46d657b",
          "node": null,
          "time": "12:00-24:00",
          "unit": 1,
          "deposit": 15000,
          "node_id": "010f6859-e2fa-401c-a37e-da5b35a4daab",
          "prepaid": 2000,
          "per_time": 60,
          "low_money": 0,
          "per_money": 4500,
          "created_at": "2023-06-17T18:20:42.949047+08:00",
          "updated_at": "2023-06-17T18:23:08.210646+08:00"
        }
      ],
      "about_table": "",
      "table_type": 1,
      "table_id": "8f1e8be0-c59f-4e32-9958-57c8aaed79fe",
      "table": null,
      "reserve_order_id": null,
      "reserver_order": null,
      "coupon_id": "ef06c6b1-4e07-41a3-ab6f-af692340c06d",
      "coupon": {
        "id": "ef06c6b1-4e07-41a3-ab6f-af692340c06d",
        "created_at": "2023-08-18T21:59:34.958793+08:00",
        "updated_at": "2023-08-18T22:00:03.221478+08:00",
        "name": "【小铁台球】79.9四小时体验券",
        "status": 3,
        "type": 1,
        "sub_types": [],
        "use_type": 2,
        "money": 0,
        "sale_money": 0,
        "time": 240,
        "deposit": true,
        "deduction_deposit": true,
        "valid_day": 30,
        "expired_at": "2023-09-17T21:59:34.841876+08:00",
        "start_at": "2023-08-01T00:00:00+08:00",
        "end_at": "2028-08-01T00:00:00+08:00",
        "remark": "",
        "exchange_id": "866311949",
        "exchange_type": "美团",
        "use_time": "0-1440",
        "way": 1,
        "use_at": "2023-08-18T22:00:03.079738+08:00",
        "use_site_name": "深圳新锦安店",
        "suit_site": "深圳新锦安店",
        "coupon_package_id": "76534724-bc31-4bfc-9dc5-757e2272f7ec",
        "coupon_order_id": "da630558-f692-4fd5-9e86-e2f5b9cc522a"
      },
      "queue_order_id": null,
      "queue_order": null,
      "behalfer_id": null,
      "behalfer": null,
      "balances": null,
      "pay_rule": {
        "deposit": 15000,
        "low_money": 0,
        "per_money": 3500,
        "per_time": 60,
        "prepaid": 2000,
        "time": "00:00-12:00",
        "unit": 1
      }
    },
    "type": 1,
    "node_name": "深圳新锦安店",
    "address_name": "宝安区新安街道新锦安雅园三期D栋D4栋二层57"
  },
  {
    "about_table": null,
    "address": "Q02",
    "area_no": "",
    "device": {
      "id": "8f7afe1a-c778-42d6-a83e-fc7afdf47ae0",
      "created_at": "2023-04-23T12:14:05.49267+08:00",
      "updated_at": "2023-08-18T02:13:18.885671+08:00",
      "online": true,
      "fictitious": 1,
      "mac": "e4:08:e7:0d:34:71",
      "name": "t22232454540",
      "type": 1,
      "server": "broker1",
      "version": "0.0.73",
      "online_at": "2023-08-18T02:13:18.878255+08:00",
      "disconnect_at": "2023-08-18T02:13:13.942012+08:00",
      "is_slave": true,
      "main": true,
      "node_id": "010f6859-e2fa-401c-a37e-da5b35a4daab",
      "node": null
    },
    "id": "b5ba92bd-053d-487e-bddd-188f6d00bd9b",
    "manager_order": null,
    "name": "t11991947403",
    "pay_rule": {
      "deposit": 20000,
      "low_money": 0,
      "per_money": 3000,
      "per_time": 60,
      "prepaid": 2000,
      "time": "00:00-12:00",
      "unit": 1
    },
    "pay_rules": [
      {
        "deposit": 20000,
        "low_money": 0,
        "per_money": 3000,
        "per_time": 60,
        "prepaid": 2000,
        "time": "00:00-12:00",
        "unit": 1
      },
      {
        "deposit": 20000,
        "low_money": 0,
        "per_money": 4000,
        "per_time": 60,
        "prepaid": 2000,
        "time": "12:00-24:00",
        "unit": 1
      }
    ],
    "queue_order": null,
    "reserve_order": null,
    "slave": {
      "id": "00000000-0000-0000-0000-000000000000",
      "created_at": "0001-01-01T00:00:00Z",
      "updated_at": "0001-01-01T00:00:00Z",
      "online": false,
      "fictitious": 0,
      "mac": "",
      "name": "",
      "type": 0,
      "server": "",
      "version": "",
      "online_at": "0001-01-01T00:00:00Z",
      "disconnect_at": "0001-01-01T00:00:00Z",
      "is_slave": false,
      "main": false,
      "node_id": "",
      "node": null
    },
    "status": 2,
    "sub_type": "",
    "table_order": {
      "id": "41cd369c-8828-4653-8bec-ad64e5ae1963",
      "created_at": "2023-08-18T19:46:45.844325+08:00",
      "updated_at": "2023-08-19T01:00:02.15753+08:00",
      "display_id": "23081892058443466347",
      "info": {
        "joins": null,
        "site_name": "深圳新锦安店",
        "site_phone": "19147755022",
        "table_name": "t11991947403",
        "table_type": 3,
        "table_address": "Q02",
        "user_nickname": "如也",
        "balance_deposit": 0,
        "user_avatar_url": "https://table-file.xironiot.com/avatar/1686390917378622292_tmp_439fe95735afee4e6c74122838d06d50.jpg"
      },
      "status": 1,
      "start_at": "2023-08-18T19:46:45.752287+08:00",
      "end_at": "2023-08-19T07:41:45.752287+08:00",
      "pay_way": "wechat",
      "phone": "18632336926",
      "node_id": "010f6859-e2fa-401c-a37e-da5b35a4daab",
      "node": null,
      "member_id": "ba53c6f5-6f4c-4d68-b80f-7267431dcae3",
      "member": null,
      "social_user_id": "72c0adb1-f209-4034-a32a-b6add6f8c5bf",
      "social_user": {
        "id": "72c0adb1-f209-4034-a32a-b6add6f8c5bf",
        "created_at": "2023-06-10T17:44:34.073359+08:00",
        "updated_at": "2023-08-19T01:25:34.018388+08:00",
        "follow": true,
        "avatar_url": "https://table-file.xironiot.com/avatar/1686390917378622292_tmp_439fe95735afee4e6c74122838d06d50.jpg",
        "nickname": "如也",
        "phone": "18632336926",
        "about_done_count": 0,
        "about_cancel_count": 0,
        "balance": 0,
        "coupon_count": 0,
        "forbid": false
      },
      "type": 2,
      "play_type": 1,
      "used_time": 348,
      "money": 21634,
      "old_money": 21634,
      "payed": 40000,
      "deposit": 20000,
      "behalf_pay": false,
      "coupon_money": 0,
      "balance_money": 0,
      "refund_balance": 0,
      "recharge_money": 20000,
      "refund_money": 18366,
      "return_money": 0,
      "regular_time": null,
      "pay_rules": [
        {
          "id": "45899ea1-3b92-493b-9f81-2ff46399739d",
          "node": null,
          "time": "00:00-12:00",
          "unit": 1,
          "deposit": 20000,
          "node_id": "010f6859-e2fa-401c-a37e-da5b35a4daab",
          "prepaid": 2000,
          "per_time": 60,
          "low_money": 0,
          "per_money": 3000,
          "created_at": "2023-06-17T17:59:57.377014+08:00",
          "updated_at": "2023-06-17T18:16:30.999184+08:00"
        },
        {
          "id": "3a9f3a3f-a49f-4e7d-959f-cb6fa72cef1d",
          "node": null,
          "time": "12:00-24:00",
          "unit": 1,
          "deposit": 20000,
          "node_id": "010f6859-e2fa-401c-a37e-da5b35a4daab",
          "prepaid": 2000,
          "per_time": 60,
          "low_money": 0,
          "per_money": 4000,
          "created_at": "2023-06-17T18:01:09.302953+08:00",
          "updated_at": "2023-06-17T18:01:30.196218+08:00"
        }
      ],
      "about_table": "",
      "table_type": 3,
      "table_id": "b5ba92bd-053d-487e-bddd-188f6d00bd9b",
      "table": null,
      "reserve_order_id": "750a0a45-a3bc-4d8a-9541-08925c63ced4",
      "reserver_order": null,
      "coupon_id": null,
      "coupon": null,
      "queue_order_id": null,
      "queue_order": null,
      "behalfer_id": null,
      "behalfer": null,
      "balances": null,
      "pay_rule": {
        "deposit": 20000,
        "low_money": 0,
        "per_money": 3000,
        "per_time": 60,
        "prepaid": 2000,
        "time": "00:00-12:00",
        "unit": 1
      }
    },
    "type": 3,
    "node_name": "深圳新锦安店",
    "address_name": "宝安区新安街道新锦安雅园三期D栋D4栋二层57"
  },
  {
    "about_table": null,
    "address": "V01",
    "area_no": "",
    "device": {
      "id": "8f7afe1a-c778-42d6-a83e-fc7afdf47ae0",
      "created_at": "2023-04-23T12:14:05.49267+08:00",
      "updated_at": "2023-08-18T02:13:18.885671+08:00",
      "online": true,
      "fictitious": 1,
      "mac": "e4:08:e7:0d:34:71",
      "name": "t22232454540",
      "type": 1,
      "server": "broker1",
      "version": "0.0.73",
      "online_at": "2023-08-18T02:13:18.878255+08:00",
      "disconnect_at": "2023-08-18T02:13:13.942012+08:00",
      "is_slave": true,
      "main": true,
      "node_id": "010f6859-e2fa-401c-a37e-da5b35a4daab",
      "node": null
    },
    "id": "14d02c0a-8f95-4b23-998d-e145d5082bef",
    "manager_order": null,
    "name": "t11992941021",
    "pay_rule": {
      "deposit": 20000,
      "low_money": 0,
      "per_money": 5000,
      "per_time": 60,
      "prepaid": 2000,
      "time": "00:00-12:00",
      "unit": 1
    },
    "pay_rules": [
      {
        "deposit": 20000,
        "low_money": 0,
        "per_money": 5000,
        "per_time": 60,
        "prepaid": 2000,
        "time": "00:00-12:00",
        "unit": 1
      },
      {
        "deposit": 20000,
        "low_money": 0,
        "per_money": 6800,
        "per_time": 60,
        "prepaid": 2000,
        "time": "12:00-24:00",
        "unit": 1
      }
    ],
    "queue_order": null,
    "reserve_order": null,
    "slave": {
      "id": "00000000-0000-0000-0000-000000000000",
      "created_at": "0001-01-01T00:00:00Z",
      "updated_at": "0001-01-01T00:00:00Z",
      "online": false,
      "fictitious": 0,
      "mac": "",
      "name": "",
      "type": 0,
      "server": "",
      "version": "",
      "online_at": "0001-01-01T00:00:00Z",
      "disconnect_at": "0001-01-01T00:00:00Z",
      "is_slave": false,
      "main": false,
      "node_id": "",
      "node": null
    },
    "status": 1,
    "sub_type": "",
    "table_order": null,
    "type": 4,
    "node_name": "深圳新锦安店",
    "address_name": "宝安区新安街道新锦安雅园三期D栋D4栋二层57"
  },
  {
    "about_table": null,
    "address": "A04",
    "area_no": "",
    "device": {
      "id": "8f7afe1a-c778-42d6-a83e-fc7afdf47ae0",
      "created_at": "2023-04-23T12:14:05.49267+08:00",
      "updated_at": "2023-08-18T02:13:18.885671+08:00",
      "online": true,
      "fictitious": 1,
      "mac": "e4:08:e7:0d:34:71",
      "name": "t22232454540",
      "type": 1,
      "server": "broker1",
      "version": "0.0.73",
      "online_at": "2023-08-18T02:13:18.878255+08:00",
      "disconnect_at": "2023-08-18T02:13:13.942012+08:00",
      "is_slave": true,
      "main": true,
      "node_id": "010f6859-e2fa-401c-a37e-da5b35a4daab",
      "node": null
    },
    "id": "7a5e21c1-5914-434b-a9e9-cc376eed032d",
    "manager_order": null,
    "name": "t11991024972",
    "pay_rule": {
      "deposit": 15000,
      "low_money": 0,
      "per_money": 3500,
      "per_time": 60,
      "prepaid": 2000,
      "time": "00:00-12:00",
      "unit": 1
    },
    "pay_rules": [
      {
        "deposit": 15000,
        "low_money": 0,
        "per_money": 3500,
        "per_time": 60,
        "prepaid": 2000,
        "time": "00:00-12:00",
        "unit": 1
      },
      {
        "deposit": 15000,
        "low_money": 0,
        "per_money": 4500,
        "per_time": 60,
        "prepaid": 2000,
        "time": "12:00-24:00",
        "unit": 1
      }
    ],
    "queue_order": null,
    "reserve_order": null,
    "slave": {
      "id": "00000000-0000-0000-0000-000000000000",
      "created_at": "0001-01-01T00:00:00Z",
      "updated_at": "0001-01-01T00:00:00Z",
      "online": false,
      "fictitious": 0,
      "mac": "",
      "name": "",
      "type": 0,
      "server": "",
      "version": "",
      "online_at": "0001-01-01T00:00:00Z",
      "disconnect_at": "0001-01-01T00:00:00Z",
      "is_slave": false,
      "main": false,
      "node_id": "",
      "node": null
    },
    "status": 2,
    "sub_type": "",
    "table_order": {
      "id": "6573c7b6-57c4-4604-b3d5-50637c93fc22",
      "created_at": "2023-08-19T01:06:46.283097+08:00",
      "updated_at": "2023-08-19T01:06:46.288182+08:00",
      "display_id": "23081984062838301354",
      "info": {
        "joins": null,
        "site_name": "深圳新锦安店",
        "site_phone": "19147755022",
        "table_name": "t11991024972",
        "table_type": 1,
        "table_address": "A04",
        "user_nickname": "77",
        "balance_deposit": 0,
        "user_avatar_url": "https://table-file.xironiot.com/avatar/1691285677129957868_tmp_e23c505cad230660b115e4a884393740db8c07ce28a3aacb.jpg"
      },
      "status": 1,
      "start_at": "2023-08-19T01:06:46.194315+08:00",
      "end_at": "2023-08-19T05:23:46.194315+08:00",
      "pay_way": "wechat",
      "phone": "13686478876",
      "node_id": "010f6859-e2fa-401c-a37e-da5b35a4daab",
      "node": null,
      "member_id": "4fe88e06-e961-418b-8171-28b6717a2ac8",
      "member": null,
      "social_user_id": "316f1654-d3de-4a8d-8607-fc05f5c08d4d",
      "social_user": {
        "id": "316f1654-d3de-4a8d-8607-fc05f5c08d4d",
        "created_at": "2023-08-06T08:04:14.53618+08:00",
        "updated_at": "2023-08-19T01:06:27.653738+08:00",
        "follow": true,
        "avatar_url": "https://table-file.xironiot.com/avatar/1691285677129957868_tmp_e23c505cad230660b115e4a884393740db8c07ce28a3aacb.jpg",
        "nickname": "77",
        "phone": "13686478876",
        "about_done_count": 0,
        "about_cancel_count": 0,
        "balance": 0,
        "coupon_count": 0,
        "forbid": false
      },
      "type": 1,
      "play_type": 1,
      "used_time": 28,
      "money": 1634,
      "old_money": 1634,
      "payed": 15000,
      "deposit": 15000,
      "behalf_pay": false,
      "coupon_money": 0,
      "balance_money": 0,
      "refund_balance": 0,
      "recharge_money": 0,
      "refund_money": 13366,
      "return_money": 0,
      "regular_time": null,
      "pay_rules": [
        {
          "id": "7fc9a7fb-cb4f-4753-aaf4-458a51f90b33",
          "node": null,
          "time": "00:00-12:00",
          "unit": 1,
          "deposit": 15000,
          "node_id": "010f6859-e2fa-401c-a37e-da5b35a4daab",
          "prepaid": 2000,
          "per_time": 60,
          "low_money": 0,
          "per_money": 3500,
          "created_at": "2023-06-17T18:20:07.95836+08:00",
          "updated_at": "2023-06-17T18:23:15.925754+08:00"
        },
        {
          "id": "388354dc-a6a6-4b35-8dc3-8105e46d657b",
          "node": null,
          "time": "12:00-24:00",
          "unit": 1,
          "deposit": 15000,
          "node_id": "010f6859-e2fa-401c-a37e-da5b35a4daab",
          "prepaid": 2000,
          "per_time": 60,
          "low_money": 0,
          "per_money": 4500,
          "created_at": "2023-06-17T18:20:42.949047+08:00",
          "updated_at": "2023-06-17T18:23:08.210646+08:00"
        }
      ],
      "about_table": "",
      "table_type": 1,
      "table_id": "7a5e21c1-5914-434b-a9e9-cc376eed032d",
      "table": null,
      "reserve_order_id": null,
      "reserver_order": null,
      "coupon_id": null,
      "coupon": null,
      "queue_order_id": null,
      "queue_order": null,
      "behalfer_id": null,
      "behalfer": null,
      "balances": null,
      "pay_rule": {
        "deposit": 15000,
        "low_money": 0,
        "per_money": 3500,
        "per_time": 60,
        "prepaid": 2000,
        "time": "00:00-12:00",
        "unit": 1
      }
    },
    "type": 1,
    "node_name": "深圳新锦安店",
    "address_name": "宝安区新安街道新锦安雅园三期D栋D4栋二层57"
  },
  {
    "about_table": null,
    "address": "A01",
    "area_no": "",
    "device": {
      "id": "8f7afe1a-c778-42d6-a83e-fc7afdf47ae0",
      "created_at": "2023-04-23T12:14:05.49267+08:00",
      "updated_at": "2023-08-18T02:13:18.885671+08:00",
      "online": true,
      "fictitious": 1,
      "mac": "e4:08:e7:0d:34:71",
      "name": "t22232454540",
      "type": 1,
      "server": "broker1",
      "version": "0.0.73",
      "online_at": "2023-08-18T02:13:18.878255+08:00",
      "disconnect_at": "2023-08-18T02:13:13.942012+08:00",
      "is_slave": true,
      "main": true,
      "node_id": "010f6859-e2fa-401c-a37e-da5b35a4daab",
      "node": null
    },
    "id": "f127289c-a787-4f6e-80ff-a78087111755",
    "manager_order": null,
    "name": "t11990215588",
    "pay_rule": {
      "deposit": 15000,
      "low_money": 0,
      "per_money": 3500,
      "per_time": 60,
      "prepaid": 2000,
      "time": "00:00-12:00",
      "unit": 1
    },
    "pay_rules": [
      {
        "deposit": 15000,
        "low_money": 0,
        "per_money": 3500,
        "per_time": 60,
        "prepaid": 2000,
        "time": "00:00-12:00",
        "unit": 1
      },
      {
        "deposit": 15000,
        "low_money": 0,
        "per_money": 4500,
        "per_time": 60,
        "prepaid": 2000,
        "time": "12:00-24:00",
        "unit": 1
      }
    ],
    "queue_order": null,
    "reserve_order": null,
    "slave": {
      "id": "00000000-0000-0000-0000-000000000000",
      "created_at": "0001-01-01T00:00:00Z",
      "updated_at": "0001-01-01T00:00:00Z",
      "online": false,
      "fictitious": 0,
      "mac": "",
      "name": "",
      "type": 0,
      "server": "",
      "version": "",
      "online_at": "0001-01-01T00:00:00Z",
      "disconnect_at": "0001-01-01T00:00:00Z",
      "is_slave": false,
      "main": false,
      "node_id": "",
      "node": null
    },
    "status": 2,
    "sub_type": "",
    "table_order": {
      "id": "b3f26553-5b60-498a-b645-a3de164ba37b",
      "created_at": "2023-08-19T00:48:55.317264+08:00",
      "updated_at": "2023-08-19T00:48:55.322158+08:00",
      "display_id": "23081973353157577198",
      "info": {
        "joins": null,
        "site_name": "深圳新锦安店",
        "site_phone": "19147755022",
        "table_name": "t11990215588",
        "table_type": 1,
        "table_address": "A01",
        "user_nickname": "edkn",
        "balance_deposit": 0,
        "user_avatar_url": "https://table-file.xironiot.com/avatar/1689351852441220405_tmp_fe828f39c3af3a0f53da594b01cd79e6.jpg"
      },
      "status": 1,
      "start_at": "2023-08-19T00:48:55.174674+08:00",
      "end_at": "2023-08-19T06:05:55.174674+08:00",
      "pay_way": "wechat",
      "phone": "13168025640",
      "node_id": "010f6859-e2fa-401c-a37e-da5b35a4daab",
      "node": null,
      "member_id": "d7dba2ed-a9d9-4aed-aaf8-efc94e5befa8",
      "member": null,
      "social_user_id": "6fbe1921-5e2a-495e-8305-2fc4fdb6f61a",
      "social_user": {
        "id": "6fbe1921-5e2a-495e-8305-2fc4fdb6f61a",
        "created_at": "2023-06-03T21:17:59.614151+08:00",
        "updated_at": "2023-08-19T00:39:21.674009+08:00",
        "follow": true,
        "avatar_url": "https://table-file.xironiot.com/avatar/1689351852441220405_tmp_fe828f39c3af3a0f53da594b01cd79e6.jpg",
        "nickname": "edkn",
        "phone": "13168025640",
        "about_done_count": 0,
        "about_cancel_count": 0,
        "balance": 0,
        "coupon_count": 0,
        "forbid": false
      },
      "type": 1,
      "play_type": 1,
      "used_time": 46,
      "money": 0,
      "old_money": 0,
      "payed": 15000,
      "deposit": 15000,
      "behalf_pay": false,
      "coupon_money": 0,
      "balance_money": 0,
      "refund_balance": 0,
      "recharge_money": 0,
      "refund_money": 15000,
      "return_money": 0,
      "regular_time": null,
      "pay_rules": [
        {
          "id": "7fc9a7fb-cb4f-4753-aaf4-458a51f90b33",
          "node": null,
          "time": "00:00-12:00",
          "unit": 1,
          "deposit": 15000,
          "node_id": "010f6859-e2fa-401c-a37e-da5b35a4daab",
          "prepaid": 2000,
          "per_time": 60,
          "low_money": 0,
          "per_money": 3500,
          "created_at": "2023-06-17T18:20:07.95836+08:00",
          "updated_at": "2023-06-17T18:23:15.925754+08:00"
        },
        {
          "id": "388354dc-a6a6-4b35-8dc3-8105e46d657b",
          "node": null,
          "time": "12:00-24:00",
          "unit": 1,
          "deposit": 15000,
          "node_id": "010f6859-e2fa-401c-a37e-da5b35a4daab",
          "prepaid": 2000,
          "per_time": 60,
          "low_money": 0,
          "per_money": 4500,
          "created_at": "2023-06-17T18:20:42.949047+08:00",
          "updated_at": "2023-06-17T18:23:08.210646+08:00"
        }
      ],
      "about_table": "",
      "table_type": 1,
      "table_id": "f127289c-a787-4f6e-80ff-a78087111755",
      "table": null,
      "reserve_order_id": null,
      "reserver_order": null,
      "coupon_id": "42dd87ec-90d1-4526-8be8-da83cbd787dc",
      "coupon": {
        "id": "42dd87ec-90d1-4526-8be8-da83cbd787dc",
        "created_at": "2023-08-19T00:39:32.929876+08:00",
        "updated_at": "2023-08-19T00:48:55.314032+08:00",
        "name": "【小铁台球】14.9一小时体验券",
        "status": 3,
        "type": 1,
        "sub_types": [],
        "use_type": 2,
        "money": 0,
        "sale_money": 0,
        "time": 60,
        "deposit": true,
        "deduction_deposit": true,
        "valid_day": 30,
        "expired_at": "2023-09-18T00:39:32.807092+08:00",
        "start_at": "2023-08-01T00:00:00+08:00",
        "end_at": "2028-08-01T00:00:00+08:00",
        "remark": "",
        "exchange_id": "866587935",
        "exchange_type": "美团",
        "use_time": "0-1440",
        "way": 1,
        "use_at": "2023-08-19T00:48:55.174674+08:00",
        "use_site_name": "深圳新锦安店",
        "suit_site": "深圳新锦安店",
        "coupon_package_id": "41da7aa9-bc56-4e22-b84f-a8a4cc96d8ef",
        "coupon_order_id": "f2548723-1541-465e-9917-c6be6cbbf88f"
      },
      "queue_order_id": null,
      "queue_order": null,
      "behalfer_id": null,
      "behalfer": null,
      "balances": null,
      "pay_rule": {
        "deposit": 15000,
        "low_money": 0,
        "per_money": 3500,
        "per_time": 60,
        "prepaid": 2000,
        "time": "00:00-12:00",
        "unit": 1
      }
    },
    "type": 1,
    "node_name": "深圳新锦安店",
    "address_name": "宝安区新安街道新锦安雅园三期D栋D4栋二层57"
  },
  {
    "about_table": null,
    "address": "A02",
    "area_no": "",
    "device": {
      "id": "8f7afe1a-c778-42d6-a83e-fc7afdf47ae0",
      "created_at": "2023-04-23T12:14:05.49267+08:00",
      "updated_at": "2023-08-18T02:13:18.885671+08:00",
      "online": true,
      "fictitious": 1,
      "mac": "e4:08:e7:0d:34:71",
      "name": "t22232454540",
      "type": 1,
      "server": "broker1",
      "version": "0.0.73",
      "online_at": "2023-08-18T02:13:18.878255+08:00",
      "disconnect_at": "2023-08-18T02:13:13.942012+08:00",
      "is_slave": true,
      "main": true,
      "node_id": "010f6859-e2fa-401c-a37e-da5b35a4daab",
      "node": null
    },
    "id": "2fb3e5e0-5cb6-4704-a205-f737b963f016",
    "manager_order": null,
    "name": "t11990784254",
    "pay_rule": {
      "deposit": 15000,
      "low_money": 0,
      "per_money": 3500,
      "per_time": 60,
      "prepaid": 2000,
      "time": "00:00-12:00",
      "unit": 1
    },
    "pay_rules": [
      {
        "deposit": 15000,
        "low_money": 0,
        "per_money": 3500,
        "per_time": 60,
        "prepaid": 2000,
        "time": "00:00-12:00",
        "unit": 1
      },
      {
        "deposit": 15000,
        "low_money": 0,
        "per_money": 4500,
        "per_time": 60,
        "prepaid": 2000,
        "time": "12:00-24:00",
        "unit": 1
      }
    ],
    "queue_order": null,
    "reserve_order": null,
    "slave": {
      "id": "00000000-0000-0000-0000-000000000000",
      "created_at": "0001-01-01T00:00:00Z",
      "updated_at": "0001-01-01T00:00:00Z",
      "online": false,
      "fictitious": 0,
      "mac": "",
      "name": "",
      "type": 0,
      "server": "",
      "version": "",
      "online_at": "0001-01-01T00:00:00Z",
      "disconnect_at": "0001-01-01T00:00:00Z",
      "is_slave": false,
      "main": false,
      "node_id": "",
      "node": null
    },
    "status": 1,
    "sub_type": "",
    "table_order": null,
    "type": 1,
    "node_name": "深圳新锦安店",
    "address_name": "宝安区新安街道新锦安雅园三期D栋D4栋二层57"
  },
  {
    "about_table": null,
    "address": "A05",
    "area_no": "",
    "device": {
      "id": "8f7afe1a-c778-42d6-a83e-fc7afdf47ae0",
      "created_at": "2023-04-23T12:14:05.49267+08:00",
      "updated_at": "2023-08-18T02:13:18.885671+08:00",
      "online": true,
      "fictitious": 1,
      "mac": "e4:08:e7:0d:34:71",
      "name": "t22232454540",
      "type": 1,
      "server": "broker1",
      "version": "0.0.73",
      "online_at": "2023-08-18T02:13:18.878255+08:00",
      "disconnect_at": "2023-08-18T02:13:13.942012+08:00",
      "is_slave": true,
      "main": true,
      "node_id": "010f6859-e2fa-401c-a37e-da5b35a4daab",
      "node": null
    },
    "id": "395f81ed-be29-426e-b08b-648f664dcc16",
    "manager_order": null,
    "name": "t11991491752",
    "pay_rule": {
      "deposit": 15000,
      "low_money": 0,
      "per_money": 3500,
      "per_time": 60,
      "prepaid": 2000,
      "time": "00:00-12:00",
      "unit": 1
    },
    "pay_rules": [
      {
        "deposit": 15000,
        "low_money": 0,
        "per_money": 3500,
        "per_time": 60,
        "prepaid": 2000,
        "time": "00:00-12:00",
        "unit": 1
      },
      {
        "deposit": 15000,
        "low_money": 0,
        "per_money": 4500,
        "per_time": 60,
        "prepaid": 2000,
        "time": "12:00-24:00",
        "unit": 1
      }
    ],
    "queue_order": null,
    "reserve_order": null,
    "slave": {
      "id": "00000000-0000-0000-0000-000000000000",
      "created_at": "0001-01-01T00:00:00Z",
      "updated_at": "0001-01-01T00:00:00Z",
      "online": false,
      "fictitious": 0,
      "mac": "",
      "name": "",
      "type": 0,
      "server": "",
      "version": "",
      "online_at": "0001-01-01T00:00:00Z",
      "disconnect_at": "0001-01-01T00:00:00Z",
      "is_slave": false,
      "main": false,
      "node_id": "",
      "node": null
    },
    "status": 1,
    "sub_type": "",
    "table_order": null,
    "type": 1,
    "node_name": "深圳新锦安店",
    "address_name": "宝安区新安街道新锦安雅园三期D栋D4栋二层57"
  },
  {
    "about_table": null,
    "address": "Q03",
    "area_no": "",
    "device": {
      "id": "8f7afe1a-c778-42d6-a83e-fc7afdf47ae0",
      "created_at": "2023-04-23T12:14:05.49267+08:00",
      "updated_at": "2023-08-18T02:13:18.885671+08:00",
      "online": true,
      "fictitious": 1,
      "mac": "e4:08:e7:0d:34:71",
      "name": "t22232454540",
      "type": 1,
      "server": "broker1",
      "version": "0.0.73",
      "online_at": "2023-08-18T02:13:18.878255+08:00",
      "disconnect_at": "2023-08-18T02:13:13.942012+08:00",
      "is_slave": true,
      "main": true,
      "node_id": "010f6859-e2fa-401c-a37e-da5b35a4daab",
      "node": null
    },
    "id": "e7a32e74-8693-4b88-b408-4831013f6c50",
    "manager_order": null,
    "name": "t11992821672",
    "pay_rule": {
      "deposit": 20000,
      "low_money": 0,
      "per_money": 3000,
      "per_time": 60,
      "prepaid": 2000,
      "time": "00:00-12:00",
      "unit": 1
    },
    "pay_rules": [
      {
        "deposit": 20000,
        "low_money": 0,
        "per_money": 3000,
        "per_time": 60,
        "prepaid": 2000,
        "time": "00:00-12:00",
        "unit": 1
      },
      {
        "deposit": 20000,
        "low_money": 0,
        "per_money": 4000,
        "per_time": 60,
        "prepaid": 2000,
        "time": "12:00-24:00",
        "unit": 1
      }
    ],
    "queue_order": null,
    "reserve_order": null,
    "slave": {
      "id": "00000000-0000-0000-0000-000000000000",
      "created_at": "0001-01-01T00:00:00Z",
      "updated_at": "0001-01-01T00:00:00Z",
      "online": false,
      "fictitious": 0,
      "mac": "",
      "name": "",
      "type": 0,
      "server": "",
      "version": "",
      "online_at": "0001-01-01T00:00:00Z",
      "disconnect_at": "0001-01-01T00:00:00Z",
      "is_slave": false,
      "main": false,
      "node_id": "",
      "node": null
    },
    "status": 2,
    "sub_type": "",
    "table_order": {
      "id": "9f74ff4c-dd52-4ae4-ab98-c8541936b799",
      "created_at": "2023-08-18T18:51:02.00824+08:00",
      "updated_at": "2023-08-18T18:51:02.014331+08:00",
      "display_id": "23081858620085625431",
      "info": {
        "joins": null,
        "site_name": "深圳新锦安店",
        "site_phone": "19147755022",
        "table_name": "t11992821672",
        "table_type": 3,
        "table_address": "Q03",
        "user_nickname": "啊啊",
        "balance_deposit": 0,
        "user_avatar_url": "https://table-file.xironiot.com/avatar/1692009017808202949_tmp_08c7b0a6ffd2f89fee06b22a9c904f900b01a9e9c4ad7b01.jpg"
      },
      "status": 1,
      "start_at": "2023-08-18T18:51:01.844835+08:00",
      "end_at": "2023-08-19T09:31:01.844835+08:00",
      "pay_way": "wechat",
      "phone": "13388300011",
      "node_id": "010f6859-e2fa-401c-a37e-da5b35a4daab",
      "node": null,
      "member_id": "6474664f-be90-477b-a1c3-76dd8e23f78a",
      "member": null,
      "social_user_id": "f3cef791-eacd-48ee-afc9-be2517ff7b76",
      "social_user": {
        "id": "f3cef791-eacd-48ee-afc9-be2517ff7b76",
        "created_at": "2023-08-12T19:18:41.486877+08:00",
        "updated_at": "2023-08-18T18:50:27.254187+08:00",
        "follow": true,
        "avatar_url": "https://table-file.xironiot.com/avatar/1692009017808202949_tmp_08c7b0a6ffd2f89fee06b22a9c904f900b01a9e9c4ad7b01.jpg",
        "nickname": "啊啊",
        "phone": "13388300011",
        "about_done_count": 0,
        "about_cancel_count": 0,
        "balance": 0,
        "coupon_count": 0,
        "forbid": false
      },
      "type": 2,
      "play_type": 1,
      "used_time": 404,
      "money": 0,
      "old_money": 0,
      "payed": 20000,
      "deposit": 20000,
      "behalf_pay": false,
      "coupon_money": 0,
      "balance_money": 0,
      "refund_balance": 0,
      "recharge_money": 0,
      "refund_money": 20000,
      "return_money": 0,
      "regular_time": null,
      "pay_rules": [
        {
          "id": "45899ea1-3b92-493b-9f81-2ff46399739d",
          "node": null,
          "time": "00:00-12:00",
          "unit": 1,
          "deposit": 20000,
          "node_id": "010f6859-e2fa-401c-a37e-da5b35a4daab",
          "prepaid": 2000,
          "per_time": 60,
          "low_money": 0,
          "per_money": 3000,
          "created_at": "2023-06-17T17:59:57.377014+08:00",
          "updated_at": "2023-06-17T18:16:30.999184+08:00"
        },
        {
          "id": "3a9f3a3f-a49f-4e7d-959f-cb6fa72cef1d",
          "node": null,
          "time": "12:00-24:00",
          "unit": 1,
          "deposit": 20000,
          "node_id": "010f6859-e2fa-401c-a37e-da5b35a4daab",
          "prepaid": 2000,
          "per_time": 60,
          "low_money": 0,
          "per_money": 4000,
          "created_at": "2023-06-17T18:01:09.302953+08:00",
          "updated_at": "2023-06-17T18:01:30.196218+08:00"
        }
      ],
      "about_table": "",
      "table_type": 3,
      "table_id": "e7a32e74-8693-4b88-b408-4831013f6c50",
      "table": null,
      "reserve_order_id": null,
      "reserver_order": null,
      "coupon_id": "d26a083d-1e55-4985-8c0d-002acb7fba7e",
      "coupon": {
        "id": "d26a083d-1e55-4985-8c0d-002acb7fba7e",
        "created_at": "2023-08-18T18:50:44.646999+08:00",
        "updated_at": "2023-08-18T18:51:02.004842+08:00",
        "name": "【小铁棋牌】149八小时体验券",
        "status": 3,
        "type": 1,
        "sub_types": [],
        "use_type": 4,
        "money": 0,
        "sale_money": 0,
        "time": 480,
        "deposit": true,
        "deduction_deposit": true,
        "valid_day": 30,
        "expired_at": "2023-09-17T18:50:44.525138+08:00",
        "start_at": "2023-08-01T00:00:00+08:00",
        "end_at": "2028-08-01T00:00:00+08:00",
        "remark": "",
        "exchange_id": "866507276",
        "exchange_type": "美团",
        "use_time": "0-1440",
        "way": 1,
        "use_at": "2023-08-18T18:51:01.844835+08:00",
        "use_site_name": "深圳新锦安店",
        "suit_site": "深圳新锦安店",
        "coupon_package_id": "71ba7f37-000b-4c65-87ee-1af537643e74",
        "coupon_order_id": "98f54f4e-b0d4-4c1f-bfcc-77be4d687c1b"
      },
      "queue_order_id": null,
      "queue_order": null,
      "behalfer_id": null,
      "behalfer": null,
      "balances": null,
      "pay_rule": {
        "deposit": 20000,
        "low_money": 0,
        "per_money": 3000,
        "per_time": 60,
        "prepaid": 2000,
        "time": "00:00-12:00",
        "unit": 1
      }
    },
    "type": 3,
    "node_name": "深圳新锦安店",
    "address_name": "宝安区新安街道新锦安雅园三期D栋D4栋二层57"
  }
]