[
  {
    "address": "Q01",
    "area_no": "",
    "device": {
      "id": "0590f910-f1e7-4533-afd9-311829745a02",
      "created_at": "2023-05-24T15:07:28.963956+08:00",
      "updated_at": "2023-07-19T06:02:59.19961+08:00",
      "online": true,
      "fictitious": 1,
      "mac": "e4:08:e7:0d:34:89",
      "name": "t49120489781",
      "type": 1,
      "server": "broker1",
      "version": "0.0.71",
      "online_at": "2023-07-19T06:02:59.192609+08:00",
      "disconnect_at": "2023-07-14T01:03:17.011729+08:00",
      "is_slave": false,
      "main": true,
      "node_id": "13171e08-a12b-4bba-8cbf-94cbc74bc097",
      "node": null
    },
    "id": "f2e6a55d-04a1-491b-89f7-bde555b7d783",
    "manager_order": {
      "id": "295bde4d-9268-4249-8736-57580933fc08",
      "created_at": "2023-07-20T19:31:01.992395+08:00",
      "updated_at": "2023-07-20T19:31:01.992396+08:00",
      "display_id": "23072026619994784974",
      "info": {
        "site_name": "宝安区恒丰工业城",
        "table_name": "t68956371407",
        "table_type": 3,
        "table_address": "Q01"
      },
      "status": 1,
      "start_at": "2023-07-20T19:31:01.946316+08:00",
      "end_at": "0001-01-01T08:05:43+08:05",
      "phone": "",
      "used_time": 173,
      "money": 8650,
      "payed": 0,
      "refund_money": 0,
      "pay_id": "",
      "type": 2,
      "pay_rule": {
        "deposit": 20000,
        "low_money": 0,
        "per_money": 3000,
        "per_time": 60,
        "prepaid": 1000,
        "time": "12:00-24:00",
        "unit": 1
      },
      "pay_rules": [
        {
          "id": "9d57cff0-db25-4674-88c6-3b635ce0af70",
          "node": null,
          "time": "12:00-24:00",
          "unit": 1,
          "deposit": 20000,
          "node_id": "13171e08-a12b-4bba-8cbf-94cbc74bc097",
          "prepaid": 1000,
          "per_time": 60,
          "low_money": 0,
          "per_money": 3000,
          "created_at": "2023-06-25T15:13:20.796456+08:00",
          "updated_at": "2023-07-08T07:31:09.544608+08:00"
        },
        {
          "id": "2325497b-4131-4098-85d1-84bf9f923e63",
          "node": null,
          "time": "00:00-12:00",
          "unit": 1,
          "deposit": 20000,
          "node_id": "13171e08-a12b-4bba-8cbf-94cbc74bc097",
          "prepaid": 1000,
          "per_time": 60,
          "low_money": 0,
          "per_money": 3000,
          "created_at": "2023-06-25T15:14:13.587639+08:00",
          "updated_at": "2023-07-08T07:30:21.15509+08:00"
        }
      ],
      "table_id": "f2e6a55d-04a1-491b-89f7-bde555b7d783",
      "table": null,
      "node_id": "13171e08-a12b-4bba-8cbf-94cbc74bc097",
      "node": null,
      "manager_id": "5ee55e80-b12c-4398-9905-a6a7d16d1b32",
      "manager": null
    },
    "name": "t68956371407",
    "pay_rule": {
      "deposit": 20000,
      "low_money": 0,
      "per_money": 3000,
      "per_time": 60,
      "prepaid": 1000,
      "time": "12:00-24:00",
      "unit": 1
    },
    "pay_rules": [
      {
        "deposit": 20000,
        "low_money": 0,
        "per_money": 3000,
        "per_time": 60,
        "prepaid": 1000,
        "time": "12:00-24:00",
        "unit": 1
      },
      {
        "deposit": 20000,
        "low_money": 0,
        "per_money": 3000,
        "per_time": 60,
        "prepaid": 1000,
        "time": "00:00-12:00",
        "unit": 1
      }
    ],
    "reserve_order": null,
    "slave": {
      "id": "00000000-0000-0000-0000-000000000000",
      "created_at": "0001-01-01T00:00:00Z",
      "updated_at": "0001-01-01T00:00:00Z",
      "online": false,
      "fictitious": 0,
      "mac": "",
      "name": "",
      "type": 0,
      "server": "",
      "version": "",
      "online_at": "0001-01-01T00:00:00Z",
      "disconnect_at": "0001-01-01T00:00:00Z",
      "is_slave": false,
      "main": false,
      "node_id": "",
      "node": null
    },
    "status": 5,
    "sub_type": "",
    "table_order": null,
    "type": 3
  },
  {
    "address": "A01",
    "area_no": "",
    "device": {
      "id": "0590f910-f1e7-4533-afd9-311829745a02",
      "created_at": "2023-05-24T15:07:28.963956+08:00",
      "updated_at": "2023-07-19T06:02:59.19961+08:00",
      "online": true,
      "fictitious": 1,
      "mac": "e4:08:e7:0d:34:89",
      "name": "t49120489781",
      "type": 1,
      "server": "broker1",
      "version": "0.0.71",
      "online_at": "2023-07-19T06:02:59.192609+08:00",
      "disconnect_at": "2023-07-14T01:03:17.011729+08:00",
      "is_slave": false,
      "main": true,
      "node_id": "13171e08-a12b-4bba-8cbf-94cbc74bc097",
      "node": null
    },
    "id": "f011a063-f876-4060-a03c-3dc3fc2e42dc",
    "manager_order": null,
    "name": "t68955213139",
    "pay_rule": {
      "deposit": 6000,
      "low_money": 0,
      "per_money": 3000,
      "per_time": 60,
      "prepaid": 1000,
      "time": "11:00-24:00",
      "unit": 1
    },
    "pay_rules": [
      {
        "deposit": 6000,
        "low_money": 0,
        "per_money": 2500,
        "per_time": 60,
        "prepaid": 1000,
        "time": "00:00-11:00",
        "unit": 1
      },
      {
        "deposit": 6000,
        "low_money": 0,
        "per_money": 3000,
        "per_time": 60,
        "prepaid": 1000,
        "time": "11:00-24:00",
        "unit": 1
      }
    ],
    "reserve_order": null,
    "slave": {
      "id": "00000000-0000-0000-0000-000000000000",
      "created_at": "0001-01-01T00:00:00Z",
      "updated_at": "0001-01-01T00:00:00Z",
      "online": false,
      "fictitious": 0,
      "mac": "",
      "name": "",
      "type": 0,
      "server": "",
      "version": "",
      "online_at": "0001-01-01T00:00:00Z",
      "disconnect_at": "0001-01-01T00:00:00Z",
      "is_slave": false,
      "main": false,
      "node_id": "",
      "node": null
    },
    "status": 2,
    "sub_type": "",
    "table_order": {
      "id": "b2e38fe5-46a7-4242-bc70-45d5f8ae7374",
      "created_at": "2023-07-20T20:52:58.347609+08:00",
      "updated_at": "2023-07-20T20:52:58.352075+08:00",
      "display_id": "23072075783403661863",
      "info": {
        "site_name": "宝安区恒丰工业城",
        "site_phone": "15112299551",
        "table_name": "t68955213139",
        "table_type": 1,
        "table_address": "A01",
        "user_nickname": "",
        "balance_deposit": 6000,
        "user_avatar_url": ""
      },
      "status": 1,
      "start_at": "2023-07-20T20:52:58.223116+08:00",
      "end_at": "2023-07-20T22:52:58.223116+08:00",
      "pay_way": "wechat",
      "phone": "13983530354",
      "node_id": "13171e08-a12b-4bba-8cbf-94cbc74bc097",
      "node": null,
      "member_id": "e4814818-22fa-424a-89ba-4c7e8bd52d8f",
      "member": null,
      "social_user_id": "2dcc2ef1-86f6-4c85-a2d4-c3fd1cce1746",
      "social_user": {
        "id": "2dcc2ef1-86f6-4c85-a2d4-c3fd1cce1746",
        "created_at": "2023-02-26T21:46:25.610183+08:00",
        "updated_at": "2023-07-20T20:52:50.903399+08:00",
        "follow": true,
        "avatar_url": "",
        "nickname": "",
        "phone": "13983530354",
        "balance": 0,
        "coupon_count": 0,
        "forbid": false
      },
      "type": 1,
      "used_time": 91,
      "money": 4550,
      "old_money": 4550,
      "payed": 0,
      "deposit": 6000,
      "behalf_pay": false,
      "coupon_money": 0,
      "balance_money": 6000,
      "refund_balance": 0,
      "recharge_money": 0,
      "refund_money": 0,
      "return_money": 0,
      "regular_time": null,
      "pay_rules": [
        {
          "id": "791c7511-d120-495f-8d9c-6a558fd4b4c7",
          "node": null,
          "time": "00:00-11:00",
          "unit": 1,
          "deposit": 6000,
          "node_id": "13171e08-a12b-4bba-8cbf-94cbc74bc097",
          "prepaid": 1000,
          "per_time": 60,
          "low_money": 0,
          "per_money": 2500,
          "created_at": "2023-06-15T16:08:32.85173+08:00",
          "updated_at": "2023-06-25T14:57:52.296212+08:00"
        },
        {
          "id": "236af90e-724e-46ff-b65d-26f82955fa29",
          "node": null,
          "time": "11:00-24:00",
          "unit": 1,
          "deposit": 6000,
          "node_id": "13171e08-a12b-4bba-8cbf-94cbc74bc097",
          "prepaid": 1000,
          "per_time": 60,
          "low_money": 0,
          "per_money": 3000,
          "created_at": "2023-06-15T16:08:32.851732+08:00",
          "updated_at": "2023-06-25T14:57:20.641017+08:00"
        }
      ],
      "table_id": "f011a063-f876-4060-a03c-3dc3fc2e42dc",
      "table": null,
      "reserve_order_id": null,
      "reserver_order": null,
      "coupon_id": null,
      "coupon": null,
      "behalfer_id": null,
      "behalfer": null,
      "balances": null,
      "pay_rule": {
        "deposit": 6000,
        "low_money": 0,
        "per_money": 3000,
        "per_time": 60,
        "prepaid": 1000,
        "time": "11:00-24:00",
        "unit": 1
      }
    },
    "type": 1
  },
  {
    "address": "A02",
    "area_no": "",
    "device": {
      "id": "0590f910-f1e7-4533-afd9-311829745a02",
      "created_at": "2023-05-24T15:07:28.963956+08:00",
      "updated_at": "2023-07-19T06:02:59.19961+08:00",
      "online": true,
      "fictitious": 1,
      "mac": "e4:08:e7:0d:34:89",
      "name": "t49120489781",
      "type": 1,
      "server": "broker1",
      "version": "0.0.71",
      "online_at": "2023-07-19T06:02:59.192609+08:00",
      "disconnect_at": "2023-07-14T01:03:17.011729+08:00",
      "is_slave": false,
      "main": true,
      "node_id": "13171e08-a12b-4bba-8cbf-94cbc74bc097",
      "node": null
    },
    "id": "d5945ce1-6ddc-416a-84f4-62921c91d285",
    "manager_order": null,
    "name": "t68955734323",
    "pay_rule": {
      "deposit": 6000,
      "low_money": 0,
      "per_money": 3000,
      "per_time": 60,
      "prepaid": 1000,
      "time": "11:00-24:00",
      "unit": 1
    },
    "pay_rules": [
      {
        "deposit": 6000,
        "low_money": 0,
        "per_money": 2500,
        "per_time": 60,
        "prepaid": 1000,
        "time": "00:00-11:00",
        "unit": 1
      },
      {
        "deposit": 6000,
        "low_money": 0,
        "per_money": 3000,
        "per_time": 60,
        "prepaid": 1000,
        "time": "11:00-24:00",
        "unit": 1
      }
    ],
    "reserve_order": null,
    "slave": {
      "id": "00000000-0000-0000-0000-000000000000",
      "created_at": "0001-01-01T00:00:00Z",
      "updated_at": "0001-01-01T00:00:00Z",
      "online": false,
      "fictitious": 0,
      "mac": "",
      "name": "",
      "type": 0,
      "server": "",
      "version": "",
      "online_at": "0001-01-01T00:00:00Z",
      "disconnect_at": "0001-01-01T00:00:00Z",
      "is_slave": false,
      "main": false,
      "node_id": "",
      "node": null
    },
    "status": 2,
    "sub_type": "",
    "table_order": {
      "id": "1af311d8-45f7-40ed-a67e-83fcb57c7e76",
      "created_at": "2023-07-20T21:30:26.218083+08:00",
      "updated_at": "2023-07-20T21:30:26.223895+08:00",
      "display_id": "23072098262166953717",
      "info": {
        "site_name": "宝安区恒丰工业城",
        "site_phone": "15112299551",
        "table_name": "t68955734323",
        "table_type": 1,
        "table_address": "A02",
        "user_nickname": "",
        "balance_deposit": 6000,
        "user_avatar_url": ""
      },
      "status": 1,
      "start_at": "2023-07-20T21:30:26.083573+08:00",
      "end_at": "2023-07-20T23:30:26.083573+08:00",
      "pay_way": "wechat",
      "phone": "13544110542",
      "node_id": "13171e08-a12b-4bba-8cbf-94cbc74bc097",
      "node": null,
      "member_id": "9410a265-8647-42d3-943b-92c271ef84c0",
      "member": null,
      "social_user_id": "41f4024f-1648-41b6-b35f-951ea2da825f",
      "social_user": {
        "id": "41f4024f-1648-41b6-b35f-951ea2da825f",
        "created_at": "2023-07-06T19:58:57.369848+08:00",
        "updated_at": "2023-07-20T21:27:23.415851+08:00",
        "follow": true,
        "avatar_url": "",
        "nickname": "",
        "phone": "13544110542",
        "balance": 0,
        "coupon_count": 0,
        "forbid": false
      },
      "type": 1,
      "used_time": 53,
      "money": 2650,
      "old_money": 2650,
      "payed": 0,
      "deposit": 6000,
      "behalf_pay": false,
      "coupon_money": 0,
      "balance_money": 6000,
      "refund_balance": 0,
      "recharge_money": 0,
      "refund_money": 0,
      "return_money": 0,
      "regular_time": null,
      "pay_rules": [
        {
          "id": "791c7511-d120-495f-8d9c-6a558fd4b4c7",
          "node": null,
          "time": "00:00-11:00",
          "unit": 1,
          "deposit": 6000,
          "node_id": "13171e08-a12b-4bba-8cbf-94cbc74bc097",
          "prepaid": 1000,
          "per_time": 60,
          "low_money": 0,
          "per_money": 2500,
          "created_at": "2023-06-15T16:08:32.85173+08:00",
          "updated_at": "2023-06-25T14:57:52.296212+08:00"
        },
        {
          "id": "236af90e-724e-46ff-b65d-26f82955fa29",
          "node": null,
          "time": "11:00-24:00",
          "unit": 1,
          "deposit": 6000,
          "node_id": "13171e08-a12b-4bba-8cbf-94cbc74bc097",
          "prepaid": 1000,
          "per_time": 60,
          "low_money": 0,
          "per_money": 3000,
          "created_at": "2023-06-15T16:08:32.851732+08:00",
          "updated_at": "2023-06-25T14:57:20.641017+08:00"
        }
      ],
      "table_id": "d5945ce1-6ddc-416a-84f4-62921c91d285",
      "table": null,
      "reserve_order_id": null,
      "reserver_order": null,
      "coupon_id": null,
      "coupon": null,
      "behalfer_id": null,
      "behalfer": null,
      "balances": null,
      "pay_rule": {
        "deposit": 6000,
        "low_money": 0,
        "per_money": 3000,
        "per_time": 60,
        "prepaid": 1000,
        "time": "11:00-24:00",
        "unit": 1
      }
    },
    "type": 1
  },
  {
    "address": "Q02",
    "area_no": "",
    "device": {
      "id": "0590f910-f1e7-4533-afd9-311829745a02",
      "created_at": "2023-05-24T15:07:28.963956+08:00",
      "updated_at": "2023-07-19T06:02:59.19961+08:00",
      "online": true,
      "fictitious": 1,
      "mac": "e4:08:e7:0d:34:89",
      "name": "t49120489781",
      "type": 1,
      "server": "broker1",
      "version": "0.0.71",
      "online_at": "2023-07-19T06:02:59.192609+08:00",
      "disconnect_at": "2023-07-14T01:03:17.011729+08:00",
      "is_slave": false,
      "main": true,
      "node_id": "13171e08-a12b-4bba-8cbf-94cbc74bc097",
      "node": null
    },
    "id": "f61db07f-d3b0-4f88-947c-d3107245ea03",
    "manager_order": null,
    "name": "t68956470757",
    "pay_rule": {
      "deposit": 20000,
      "low_money": 0,
      "per_money": 3000,
      "per_time": 60,
      "prepaid": 1000,
      "time": "12:00-24:00",
      "unit": 1
    },
    "pay_rules": [
      {
        "deposit": 20000,
        "low_money": 0,
        "per_money": 3000,
        "per_time": 60,
        "prepaid": 1000,
        "time": "12:00-24:00",
        "unit": 1
      },
      {
        "deposit": 20000,
        "low_money": 0,
        "per_money": 3000,
        "per_time": 60,
        "prepaid": 1000,
        "time": "00:00-12:00",
        "unit": 1
      }
    ],
    "reserve_order": null,
    "slave": {
      "id": "00000000-0000-0000-0000-000000000000",
      "created_at": "0001-01-01T00:00:00Z",
      "updated_at": "0001-01-01T00:00:00Z",
      "online": false,
      "fictitious": 0,
      "mac": "",
      "name": "",
      "type": 0,
      "server": "",
      "version": "",
      "online_at": "0001-01-01T00:00:00Z",
      "disconnect_at": "0001-01-01T00:00:00Z",
      "is_slave": false,
      "main": false,
      "node_id": "",
      "node": null
    },
    "status": 1,
    "sub_type": "",
    "table_order": null,
    "type": 3
  },
  {
    "address": "A03",
    "area_no": "",
    "device": {
      "id": "0590f910-f1e7-4533-afd9-311829745a02",
      "created_at": "2023-05-24T15:07:28.963956+08:00",
      "updated_at": "2023-07-19T06:02:59.19961+08:00",
      "online": true,
      "fictitious": 1,
      "mac": "e4:08:e7:0d:34:89",
      "name": "t49120489781",
      "type": 1,
      "server": "broker1",
      "version": "0.0.71",
      "online_at": "2023-07-19T06:02:59.192609+08:00",
      "disconnect_at": "2023-07-14T01:03:17.011729+08:00",
      "is_slave": false,
      "main": true,
      "node_id": "13171e08-a12b-4bba-8cbf-94cbc74bc097",
      "node": null
    },
    "id": "f10f5997-0f41-472a-b7a2-5db24d68c611",
    "manager_order": null,
    "name": "t68956036925",
    "pay_rule": {
      "deposit": 6000,
      "low_money": 0,
      "per_money": 3000,
      "per_time": 60,
      "prepaid": 1000,
      "time": "11:00-24:00",
      "unit": 1
    },
    "pay_rules": [
      {
        "deposit": 6000,
        "low_money": 0,
        "per_money": 2500,
        "per_time": 60,
        "prepaid": 1000,
        "time": "00:00-11:00",
        "unit": 1
      },
      {
        "deposit": 6000,
        "low_money": 0,
        "per_money": 3000,
        "per_time": 60,
        "prepaid": 1000,
        "time": "11:00-24:00",
        "unit": 1
      }
    ],
    "reserve_order": null,
    "slave": {
      "id": "00000000-0000-0000-0000-000000000000",
      "created_at": "0001-01-01T00:00:00Z",
      "updated_at": "0001-01-01T00:00:00Z",
      "online": false,
      "fictitious": 0,
      "mac": "",
      "name": "",
      "type": 0,
      "server": "",
      "version": "",
      "online_at": "0001-01-01T00:00:00Z",
      "disconnect_at": "0001-01-01T00:00:00Z",
      "is_slave": false,
      "main": false,
      "node_id": "",
      "node": null
    },
    "status": 1,
    "sub_type": "",
    "table_order": null,
    "type": 1
  }
]