[
  {
    "address": "Q01",
    "area_no": "",
    "device": {
      "id": "0590f910-f1e7-4533-afd9-311829745a02",
      "created_at": "2023-05-24T15:07:28.963956+08:00",
      "updated_at": "2023-07-22T16:09:39.771665+08:00",
      "online": true,
      "fictitious": 1,
      "mac": "e4:08:e7:0d:34:89",
      "name": "t49120489781",
      "type": 1,
      "server": "broker1",
      "version": "0.0.71",
      "online_at": "2023-07-22T16:09:39.764693+08:00",
      "disconnect_at": "2023-07-21T16:00:29.019036+08:00",
      "is_slave": false,
      "main": true,
      "node_id": "13171e08-a12b-4bba-8cbf-94cbc74bc097",
      "node": null
    },
    "id": "f2e6a55d-04a1-491b-89f7-bde555b7d783",
    "manager_order": null,
    "name": "t68956371407",
    "pay_rule": {
      "deposit": 20000,
      "low_money": 0,
      "per_money": 3000,
      "per_time": 60,
      "prepaid": 1000,
      "time": "00:00-12:00",
      "unit": 1
    },
    "pay_rules": [
      {
        "deposit": 20000,
        "low_money": 0,
        "per_money": 3000,
        "per_time": 60,
        "prepaid": 1000,
        "time": "12:00-24:00",
        "unit": 1
      },
      {
        "deposit": 20000,
        "low_money": 0,
        "per_money": 3000,
        "per_time": 60,
        "prepaid": 1000,
        "time": "00:00-12:00",
        "unit": 1
      }
    ],
    "reserve_order": null,
    "slave": {
      "id": "00000000-0000-0000-0000-000000000000",
      "created_at": "0001-01-01T00:00:00Z",
      "updated_at": "0001-01-01T00:00:00Z",
      "online": false,
      "fictitious": 0,
      "mac": "",
      "name": "",
      "type": 0,
      "server": "",
      "version": "",
      "online_at": "0001-01-01T00:00:00Z",
      "disconnect_at": "0001-01-01T00:00:00Z",
      "is_slave": false,
      "main": false,
      "node_id": "",
      "node": null
    },
    "status": 1,
    "sub_type": "",
    "table_order": null,
    "type": 3
  },
  {
    "address": "A01",
    "area_no": "",
    "device": {
      "id": "0590f910-f1e7-4533-afd9-311829745a02",
      "created_at": "2023-05-24T15:07:28.963956+08:00",
      "updated_at": "2023-07-22T16:09:39.771665+08:00",
      "online": true,
      "fictitious": 1,
      "mac": "e4:08:e7:0d:34:89",
      "name": "t49120489781",
      "type": 1,
      "server": "broker1",
      "version": "0.0.71",
      "online_at": "2023-07-22T16:09:39.764693+08:00",
      "disconnect_at": "2023-07-21T16:00:29.019036+08:00",
      "is_slave": false,
      "main": true,
      "node_id": "13171e08-a12b-4bba-8cbf-94cbc74bc097",
      "node": null
    },
    "id": "f011a063-f876-4060-a03c-3dc3fc2e42dc",
    "manager_order": null,
    "name": "t68955213139",
    "pay_rule": {
      "deposit": 6000,
      "low_money": 0,
      "per_money": 2500,
      "per_time": 60,
      "prepaid": 1000,
      "time": "00:00-11:00",
      "unit": 1
    },
    "pay_rules": [
      {
        "deposit": 6000,
        "low_money": 0,
        "per_money": 2500,
        "per_time": 60,
        "prepaid": 1000,
        "time": "00:00-11:00",
        "unit": 1
      },
      {
        "deposit": 6000,
        "low_money": 0,
        "per_money": 3000,
        "per_time": 60,
        "prepaid": 1000,
        "time": "11:00-24:00",
        "unit": 1
      }
    ],
    "reserve_order": null,
    "slave": {
      "id": "00000000-0000-0000-0000-000000000000",
      "created_at": "0001-01-01T00:00:00Z",
      "updated_at": "0001-01-01T00:00:00Z",
      "online": false,
      "fictitious": 0,
      "mac": "",
      "name": "",
      "type": 0,
      "server": "",
      "version": "",
      "online_at": "0001-01-01T00:00:00Z",
      "disconnect_at": "0001-01-01T00:00:00Z",
      "is_slave": false,
      "main": false,
      "node_id": "",
      "node": null
    },
    "status": 1,
    "sub_type": "",
    "table_order": null,
    "type": 1
  },
  {
    "address": "A02",
    "area_no": "",
    "device": {
      "id": "0590f910-f1e7-4533-afd9-311829745a02",
      "created_at": "2023-05-24T15:07:28.963956+08:00",
      "updated_at": "2023-07-22T16:09:39.771665+08:00",
      "online": true,
      "fictitious": 1,
      "mac": "e4:08:e7:0d:34:89",
      "name": "t49120489781",
      "type": 1,
      "server": "broker1",
      "version": "0.0.71",
      "online_at": "2023-07-22T16:09:39.764693+08:00",
      "disconnect_at": "2023-07-21T16:00:29.019036+08:00",
      "is_slave": false,
      "main": true,
      "node_id": "13171e08-a12b-4bba-8cbf-94cbc74bc097",
      "node": null
    },
    "id": "d5945ce1-6ddc-416a-84f4-62921c91d285",
    "manager_order": null,
    "name": "t68955734323",
    "pay_rule": {
      "deposit": 6000,
      "low_money": 0,
      "per_money": 2500,
      "per_time": 60,
      "prepaid": 1000,
      "time": "00:00-11:00",
      "unit": 1
    },
    "pay_rules": [
      {
        "deposit": 6000,
        "low_money": 0,
        "per_money": 2500,
        "per_time": 60,
        "prepaid": 1000,
        "time": "00:00-11:00",
        "unit": 1
      },
      {
        "deposit": 6000,
        "low_money": 0,
        "per_money": 3000,
        "per_time": 60,
        "prepaid": 1000,
        "time": "11:00-24:00",
        "unit": 1
      }
    ],
    "reserve_order": null,
    "slave": {
      "id": "00000000-0000-0000-0000-000000000000",
      "created_at": "0001-01-01T00:00:00Z",
      "updated_at": "0001-01-01T00:00:00Z",
      "online": false,
      "fictitious": 0,
      "mac": "",
      "name": "",
      "type": 0,
      "server": "",
      "version": "",
      "online_at": "0001-01-01T00:00:00Z",
      "disconnect_at": "0001-01-01T00:00:00Z",
      "is_slave": false,
      "main": false,
      "node_id": "",
      "node": null
    },
    "status": 1,
    "sub_type": "",
    "table_order": null,
    "type": 1
  },
  {
    "address": "Q02",
    "area_no": "",
    "device": {
      "id": "0590f910-f1e7-4533-afd9-311829745a02",
      "created_at": "2023-05-24T15:07:28.963956+08:00",
      "updated_at": "2023-07-22T16:09:39.771665+08:00",
      "online": true,
      "fictitious": 1,
      "mac": "e4:08:e7:0d:34:89",
      "name": "t49120489781",
      "type": 1,
      "server": "broker1",
      "version": "0.0.71",
      "online_at": "2023-07-22T16:09:39.764693+08:00",
      "disconnect_at": "2023-07-21T16:00:29.019036+08:00",
      "is_slave": false,
      "main": true,
      "node_id": "13171e08-a12b-4bba-8cbf-94cbc74bc097",
      "node": null
    },
    "id": "f61db07f-d3b0-4f88-947c-d3107245ea03",
    "manager_order": null,
    "name": "t68956470757",
    "pay_rule": {
      "deposit": 20000,
      "low_money": 0,
      "per_money": 3000,
      "per_time": 60,
      "prepaid": 1000,
      "time": "00:00-12:00",
      "unit": 1
    },
    "pay_rules": [
      {
        "deposit": 20000,
        "low_money": 0,
        "per_money": 3000,
        "per_time": 60,
        "prepaid": 1000,
        "time": "12:00-24:00",
        "unit": 1
      },
      {
        "deposit": 20000,
        "low_money": 0,
        "per_money": 3000,
        "per_time": 60,
        "prepaid": 1000,
        "time": "00:00-12:00",
        "unit": 1
      }
    ],
    "reserve_order": null,
    "slave": {
      "id": "00000000-0000-0000-0000-000000000000",
      "created_at": "0001-01-01T00:00:00Z",
      "updated_at": "0001-01-01T00:00:00Z",
      "online": false,
      "fictitious": 0,
      "mac": "",
      "name": "",
      "type": 0,
      "server": "",
      "version": "",
      "online_at": "0001-01-01T00:00:00Z",
      "disconnect_at": "0001-01-01T00:00:00Z",
      "is_slave": false,
      "main": false,
      "node_id": "",
      "node": null
    },
    "status": 1,
    "sub_type": "",
    "table_order": null,
    "type": 3
  },
  {
    "address": "A03",
    "area_no": "",
    "device": {
      "id": "0590f910-f1e7-4533-afd9-311829745a02",
      "created_at": "2023-05-24T15:07:28.963956+08:00",
      "updated_at": "2023-07-22T16:09:39.771665+08:00",
      "online": true,
      "fictitious": 1,
      "mac": "e4:08:e7:0d:34:89",
      "name": "t49120489781",
      "type": 1,
      "server": "broker1",
      "version": "0.0.71",
      "online_at": "2023-07-22T16:09:39.764693+08:00",
      "disconnect_at": "2023-07-21T16:00:29.019036+08:00",
      "is_slave": false,
      "main": true,
      "node_id": "13171e08-a12b-4bba-8cbf-94cbc74bc097",
      "node": null
    },
    "id": "f10f5997-0f41-472a-b7a2-5db24d68c611",
    "manager_order": null,
    "name": "t68956036925",
    "pay_rule": {
      "deposit": 6000,
      "low_money": 0,
      "per_money": 2500,
      "per_time": 60,
      "prepaid": 1000,
      "time": "00:00-11:00",
      "unit": 1
    },
    "pay_rules": [
      {
        "deposit": 6000,
        "low_money": 0,
        "per_money": 2500,
        "per_time": 60,
        "prepaid": 1000,
        "time": "00:00-11:00",
        "unit": 1
      },
      {
        "deposit": 6000,
        "low_money": 0,
        "per_money": 3000,
        "per_time": 60,
        "prepaid": 1000,
        "time": "11:00-24:00",
        "unit": 1
      }
    ],
    "reserve_order": null,
    "slave": {
      "id": "00000000-0000-0000-0000-000000000000",
      "created_at": "0001-01-01T00:00:00Z",
      "updated_at": "0001-01-01T00:00:00Z",
      "online": false,
      "fictitious": 0,
      "mac": "",
      "name": "",
      "type": 0,
      "server": "",
      "version": "",
      "online_at": "0001-01-01T00:00:00Z",
      "disconnect_at": "0001-01-01T00:00:00Z",
      "is_slave": false,
      "main": false,
      "node_id": "",
      "node": null
    },
    "status": 2,
    "sub_type": "",
    "table_order": {
      "id": "6305fc6f-e5c5-4eb0-b64f-86942dc33743",
      "created_at": "2023-07-24T02:09:51.746771+08:00",
      "updated_at": "2023-07-24T02:09:51.751942+08:00",
      "display_id": "23072457917454817079",
      "info": {
        "site_name": "宝安区恒丰工业城",
        "site_phone": "15112299551",
        "table_name": "t68956036925",
        "table_type": 1,
        "table_address": "A03",
        "user_nickname": "",
        "balance_deposit": 0,
        "user_avatar_url": ""
      },
      "status": 1,
      "start_at": "2023-07-24T02:09:51.60478+08:00",
      "end_at": "2023-07-24T05:33:51.60478+08:00",
      "pay_way": "wechat",
      "phone": "19532279441",
      "node_id": "13171e08-a12b-4bba-8cbf-94cbc74bc097",
      "node": null,
      "member_id": "5848faed-04ac-400a-879f-b75bea639242",
      "member": null,
      "social_user_id": "959c27ec-bb80-4ba9-b8de-bf0cd19611b1",
      "social_user": {
        "id": "959c27ec-bb80-4ba9-b8de-bf0cd19611b1",
        "created_at": "2023-07-24T02:09:29.999389+08:00",
        "updated_at": "2023-07-24T02:09:44.046588+08:00",
        "follow": true,
        "avatar_url": "",
        "nickname": "",
        "phone": "19532279441",
        "balance": 0,
        "coupon_count": 0,
        "forbid": false
      },
      "type": 1,
      "used_time": 10,
      "money": 0,
      "old_money": 0,
      "payed": 6000,
      "deposit": 6000,
      "behalf_pay": false,
      "coupon_money": 0,
      "balance_money": 0,
      "refund_balance": 0,
      "recharge_money": 0,
      "refund_money": 6000,
      "return_money": 0,
      "regular_time": null,
      "pay_rules": [
        {
          "id": "791c7511-d120-495f-8d9c-6a558fd4b4c7",
          "node": null,
          "time": "00:00-11:00",
          "unit": 1,
          "deposit": 6000,
          "node_id": "13171e08-a12b-4bba-8cbf-94cbc74bc097",
          "prepaid": 1000,
          "per_time": 60,
          "low_money": 0,
          "per_money": 2500,
          "created_at": "2023-06-15T16:08:32.85173+08:00",
          "updated_at": "2023-06-25T14:57:52.296212+08:00"
        },
        {
          "id": "236af90e-724e-46ff-b65d-26f82955fa29",
          "node": null,
          "time": "11:00-24:00",
          "unit": 1,
          "deposit": 6000,
          "node_id": "13171e08-a12b-4bba-8cbf-94cbc74bc097",
          "prepaid": 1000,
          "per_time": 60,
          "low_money": 0,
          "per_money": 3000,
          "created_at": "2023-06-15T16:08:32.851732+08:00",
          "updated_at": "2023-06-25T14:57:20.641017+08:00"
        }
      ],
      "table_id": "f10f5997-0f41-472a-b7a2-5db24d68c611",
      "table": null,
      "reserve_order_id": null,
      "reserver_order": null,
      "coupon_id": "80feb5b4-8122-4c85-9aaf-5906559f0d3c",
      "coupon": {
        "id": "80feb5b4-8122-4c85-9aaf-5906559f0d3c",
        "created_at": "2023-07-24T02:09:51.568204+08:00",
        "updated_at": "2023-07-24T02:09:51.743553+08:00",
        "name": "新店开业9.9一小时",
        "status": 3,
        "type": 1,
        "sub_types": null,
        "use_type": 1,
        "money": 0,
        "sale_money": 990,
        "time": 60,
        "deposit": true,
        "deduction_deposit": true,
        "valid_day": 7,
        "expired_at": "2023-07-31T02:09:51.457135+08:00",
        "start_at": "2023-06-15T16:08:33.441326+08:00",
        "end_at": "2024-06-14T16:08:33.441326+08:00",
        "remark": "",
        "exchange_id": "新店开业9.9一小时",
        "exchange_type": "小铁",
        "use_time": "",
        "way": 2,
        "use_at": "2023-07-24T02:09:51.60478+08:00",
        "use_site_name": "宝安区恒丰工业城",
        "suit_site": "宝安区恒丰工业城",
        "coupon_package_id": "2e356c31-8213-422c-992d-e41af29a1de8",
        "coupon_order_id": "4584acf8-1e7a-4f22-8939-bda198d366e7"
      },
      "behalfer_id": null,
      "behalfer": null,
      "balances": null,
      "pay_rule": {
        "deposit": 6000,
        "low_money": 0,
        "per_money": 2500,
        "per_time": 60,
        "prepaid": 1000,
        "time": "00:00-11:00",
        "unit": 1
      }
    },
    "type": 1
  }
]