[
  {
    "address": "A01",
    "area_no": "",
    "device": {
      "id": "0590f910-f1e7-4533-afd9-311829745a02",
      "created_at": "2023-05-24T15:07:28.963956+08:00",
      "updated_at": "2023-07-26T06:50:56.908671+08:00",
      "online": true,
      "fictitious": 1,
      "mac": "e4:08:e7:0d:34:89",
      "name": "t49120489781",
      "type": 1,
      "server": "broker1",
      "version": "0.0.71",
      "online_at": "2023-07-26T06:50:56.901778+08:00",
      "disconnect_at": "2023-07-21T16:00:29.019036+08:00",
      "is_slave": false,
      "main": true,
      "node_id": "13171e08-a12b-4bba-8cbf-94cbc74bc097",
      "node": null
    },
    "id": "f011a063-f876-4060-a03c-3dc3fc2e42dc",
    "manager_order": null,
    "name": "t68955213139",
    "pay_rule": {
      "deposit": 6000,
      "low_money": 0,
      "per_money": 3000,
      "per_time": 60,
      "prepaid": 1000,
      "time": "11:00-24:00",
      "unit": 1
    },
    "pay_rules": [
      {
        "deposit": 6000,
        "low_money": 0,
        "per_money": 2500,
        "per_time": 60,
        "prepaid": 1000,
        "time": "00:00-11:00",
        "unit": 1
      },
      {
        "deposit": 6000,
        "low_money": 0,
        "per_money": 3000,
        "per_time": 60,
        "prepaid": 1000,
        "time": "11:00-24:00",
        "unit": 1
      }
    ],
    "queue_order": null,
    "reserve_order": null,
    "slave": {
      "id": "00000000-0000-0000-0000-000000000000",
      "created_at": "0001-01-01T00:00:00Z",
      "updated_at": "0001-01-01T00:00:00Z",
      "online": false,
      "fictitious": 0,
      "mac": "",
      "name": "",
      "type": 0,
      "server": "",
      "version": "",
      "online_at": "0001-01-01T00:00:00Z",
      "disconnect_at": "0001-01-01T00:00:00Z",
      "is_slave": false,
      "main": false,
      "node_id": "",
      "node": null
    },
    "status": 1,
    "sub_type": "",
    "table_order": null,
    "type": 1
  },
  {
    "address": "Q01",
    "area_no": "",
    "device": {
      "id": "0590f910-f1e7-4533-afd9-311829745a02",
      "created_at": "2023-05-24T15:07:28.963956+08:00",
      "updated_at": "2023-07-26T06:50:56.908671+08:00",
      "online": true,
      "fictitious": 1,
      "mac": "e4:08:e7:0d:34:89",
      "name": "t49120489781",
      "type": 1,
      "server": "broker1",
      "version": "0.0.71",
      "online_at": "2023-07-26T06:50:56.901778+08:00",
      "disconnect_at": "2023-07-21T16:00:29.019036+08:00",
      "is_slave": false,
      "main": true,
      "node_id": "13171e08-a12b-4bba-8cbf-94cbc74bc097",
      "node": null
    },
    "id": "f2e6a55d-04a1-491b-89f7-bde555b7d783",
    "manager_order": null,
    "name": "t68956371407",
    "pay_rule": {
      "deposit": 20000,
      "low_money": 0,
      "per_money": 3000,
      "per_time": 60,
      "prepaid": 1000,
      "time": "12:00-24:00",
      "unit": 1
    },
    "pay_rules": [
      {
        "deposit": 20000,
        "low_money": 0,
        "per_money": 3000,
        "per_time": 60,
        "prepaid": 1000,
        "time": "12:00-24:00",
        "unit": 1
      },
      {
        "deposit": 20000,
        "low_money": 0,
        "per_money": 3000,
        "per_time": 60,
        "prepaid": 1000,
        "time": "00:00-12:00",
        "unit": 1
      }
    ],
    "queue_order": null,
    "reserve_order": null,
    "slave": {
      "id": "00000000-0000-0000-0000-000000000000",
      "created_at": "0001-01-01T00:00:00Z",
      "updated_at": "0001-01-01T00:00:00Z",
      "online": false,
      "fictitious": 0,
      "mac": "",
      "name": "",
      "type": 0,
      "server": "",
      "version": "",
      "online_at": "0001-01-01T00:00:00Z",
      "disconnect_at": "0001-01-01T00:00:00Z",
      "is_slave": false,
      "main": false,
      "node_id": "",
      "node": null
    },
    "status": 1,
    "sub_type": "",
    "table_order": null,
    "type": 3
  },
  {
    "address": "A02",
    "area_no": "",
    "device": {
      "id": "0590f910-f1e7-4533-afd9-311829745a02",
      "created_at": "2023-05-24T15:07:28.963956+08:00",
      "updated_at": "2023-07-26T06:50:56.908671+08:00",
      "online": true,
      "fictitious": 1,
      "mac": "e4:08:e7:0d:34:89",
      "name": "t49120489781",
      "type": 1,
      "server": "broker1",
      "version": "0.0.71",
      "online_at": "2023-07-26T06:50:56.901778+08:00",
      "disconnect_at": "2023-07-21T16:00:29.019036+08:00",
      "is_slave": false,
      "main": true,
      "node_id": "13171e08-a12b-4bba-8cbf-94cbc74bc097",
      "node": null
    },
    "id": "d5945ce1-6ddc-416a-84f4-62921c91d285",
    "manager_order": null,
    "name": "t68955734323",
    "pay_rule": {
      "deposit": 6000,
      "low_money": 0,
      "per_money": 3000,
      "per_time": 60,
      "prepaid": 1000,
      "time": "11:00-24:00",
      "unit": 1
    },
    "pay_rules": [
      {
        "deposit": 6000,
        "low_money": 0,
        "per_money": 2500,
        "per_time": 60,
        "prepaid": 1000,
        "time": "00:00-11:00",
        "unit": 1
      },
      {
        "deposit": 6000,
        "low_money": 0,
        "per_money": 3000,
        "per_time": 60,
        "prepaid": 1000,
        "time": "11:00-24:00",
        "unit": 1
      }
    ],
    "queue_order": null,
    "reserve_order": null,
    "slave": {
      "id": "00000000-0000-0000-0000-000000000000",
      "created_at": "0001-01-01T00:00:00Z",
      "updated_at": "0001-01-01T00:00:00Z",
      "online": false,
      "fictitious": 0,
      "mac": "",
      "name": "",
      "type": 0,
      "server": "",
      "version": "",
      "online_at": "0001-01-01T00:00:00Z",
      "disconnect_at": "0001-01-01T00:00:00Z",
      "is_slave": false,
      "main": false,
      "node_id": "",
      "node": null
    },
    "status": 1,
    "sub_type": "",
    "table_order": null,
    "type": 1
  },
  {
    "address": "Q02",
    "area_no": "",
    "device": {
      "id": "0590f910-f1e7-4533-afd9-311829745a02",
      "created_at": "2023-05-24T15:07:28.963956+08:00",
      "updated_at": "2023-07-26T06:50:56.908671+08:00",
      "online": true,
      "fictitious": 1,
      "mac": "e4:08:e7:0d:34:89",
      "name": "t49120489781",
      "type": 1,
      "server": "broker1",
      "version": "0.0.71",
      "online_at": "2023-07-26T06:50:56.901778+08:00",
      "disconnect_at": "2023-07-21T16:00:29.019036+08:00",
      "is_slave": false,
      "main": true,
      "node_id": "13171e08-a12b-4bba-8cbf-94cbc74bc097",
      "node": null
    },
    "id": "f61db07f-d3b0-4f88-947c-d3107245ea03",
    "manager_order": null,
    "name": "t68956470757",
    "pay_rule": {
      "deposit": 20000,
      "low_money": 0,
      "per_money": 3000,
      "per_time": 60,
      "prepaid": 1000,
      "time": "12:00-24:00",
      "unit": 1
    },
    "pay_rules": [
      {
        "deposit": 20000,
        "low_money": 0,
        "per_money": 3000,
        "per_time": 60,
        "prepaid": 1000,
        "time": "12:00-24:00",
        "unit": 1
      },
      {
        "deposit": 20000,
        "low_money": 0,
        "per_money": 3000,
        "per_time": 60,
        "prepaid": 1000,
        "time": "00:00-12:00",
        "unit": 1
      }
    ],
    "queue_order": null,
    "reserve_order": null,
    "slave": {
      "id": "00000000-0000-0000-0000-000000000000",
      "created_at": "0001-01-01T00:00:00Z",
      "updated_at": "0001-01-01T00:00:00Z",
      "online": false,
      "fictitious": 0,
      "mac": "",
      "name": "",
      "type": 0,
      "server": "",
      "version": "",
      "online_at": "0001-01-01T00:00:00Z",
      "disconnect_at": "0001-01-01T00:00:00Z",
      "is_slave": false,
      "main": false,
      "node_id": "",
      "node": null
    },
    "status": 1,
    "sub_type": "",
    "table_order": null,
    "type": 3
  },
  {
    "address": "A03",
    "area_no": "",
    "device": {
      "id": "0590f910-f1e7-4533-afd9-311829745a02",
      "created_at": "2023-05-24T15:07:28.963956+08:00",
      "updated_at": "2023-07-26T06:50:56.908671+08:00",
      "online": true,
      "fictitious": 1,
      "mac": "e4:08:e7:0d:34:89",
      "name": "t49120489781",
      "type": 1,
      "server": "broker1",
      "version": "0.0.71",
      "online_at": "2023-07-26T06:50:56.901778+08:00",
      "disconnect_at": "2023-07-21T16:00:29.019036+08:00",
      "is_slave": false,
      "main": true,
      "node_id": "13171e08-a12b-4bba-8cbf-94cbc74bc097",
      "node": null
    },
    "id": "f10f5997-0f41-472a-b7a2-5db24d68c611",
    "manager_order": null,
    "name": "t68956036925",
    "pay_rule": {
      "deposit": 6000,
      "low_money": 0,
      "per_money": 3000,
      "per_time": 60,
      "prepaid": 1000,
      "time": "11:00-24:00",
      "unit": 1
    },
    "pay_rules": [
      {
        "deposit": 6000,
        "low_money": 0,
        "per_money": 2500,
        "per_time": 60,
        "prepaid": 1000,
        "time": "00:00-11:00",
        "unit": 1
      },
      {
        "deposit": 6000,
        "low_money": 0,
        "per_money": 3000,
        "per_time": 60,
        "prepaid": 1000,
        "time": "11:00-24:00",
        "unit": 1
      }
    ],
    "queue_order": null,
    "reserve_order": null,
    "slave": {
      "id": "00000000-0000-0000-0000-000000000000",
      "created_at": "0001-01-01T00:00:00Z",
      "updated_at": "0001-01-01T00:00:00Z",
      "online": false,
      "fictitious": 0,
      "mac": "",
      "name": "",
      "type": 0,
      "server": "",
      "version": "",
      "online_at": "0001-01-01T00:00:00Z",
      "disconnect_at": "0001-01-01T00:00:00Z",
      "is_slave": false,
      "main": false,
      "node_id": "",
      "node": null
    },
    "status": 2,
    "sub_type": "",
    "table_order": {
      "id": "41711b51-bd78-4c54-8dbd-570a1ced1265",
      "created_at": "2023-07-27T15:39:32.3357+08:00",
      "updated_at": "2023-07-27T15:39:32.341167+08:00",
      "display_id": "23072735723377939392",
      "info": {
        "site_name": "宝安区恒丰工业城",
        "site_phone": "15112299551",
        "table_name": "t68956036925",
        "table_type": 1,
        "table_address": "A03",
        "user_nickname": "Z._",
        "balance_deposit": 0,
        "user_avatar_url": "https://table-file.xironiot.com/avatar/1690179044742275443_tmp_d1450c17edc6c7cad05a82b6f38b01b6f28bcf83472995b3.jpg"
      },
      "status": 1,
      "start_at": "2023-07-27T15:39:32.243017+08:00",
      "end_at": "2023-07-27T17:39:32.243017+08:00",
      "pay_way": "wechat",
      "phone": "17717762325",
      "node_id": "13171e08-a12b-4bba-8cbf-94cbc74bc097",
      "node": null,
      "member_id": "67a0378c-3283-4a80-b9a0-b2421f9b882c",
      "member": null,
      "social_user_id": "1f27a612-c415-484d-9fa3-26f16357a243",
      "social_user": {
        "id": "1f27a612-c415-484d-9fa3-26f16357a243",
        "created_at": "2023-07-24T13:34:52.146574+08:00",
        "updated_at": "2023-07-27T15:39:21.800558+08:00",
        "follow": true,
        "avatar_url": "https://table-file.xironiot.com/avatar/1690179044742275443_tmp_d1450c17edc6c7cad05a82b6f38b01b6f28bcf83472995b3.jpg",
        "nickname": "Z._",
        "phone": "17717762325",
        "balance": 0,
        "coupon_count": 0,
        "forbid": false
      },
      "type": 1,
      "used_time": 14,
      "money": 700,
      "old_money": 700,
      "payed": 6000,
      "deposit": 6000,
      "behalf_pay": false,
      "coupon_money": 0,
      "balance_money": 0,
      "refund_balance": 0,
      "recharge_money": 0,
      "refund_money": 5300,
      "return_money": 0,
      "regular_time": null,
      "pay_rules": [
        {
          "id": "791c7511-d120-495f-8d9c-6a558fd4b4c7",
          "node": null,
          "time": "00:00-11:00",
          "unit": 1,
          "deposit": 6000,
          "node_id": "13171e08-a12b-4bba-8cbf-94cbc74bc097",
          "prepaid": 1000,
          "per_time": 60,
          "low_money": 0,
          "per_money": 2500,
          "created_at": "2023-06-15T16:08:32.85173+08:00",
          "updated_at": "2023-06-25T14:57:52.296212+08:00"
        },
        {
          "id": "236af90e-724e-46ff-b65d-26f82955fa29",
          "node": null,
          "time": "11:00-24:00",
          "unit": 1,
          "deposit": 6000,
          "node_id": "13171e08-a12b-4bba-8cbf-94cbc74bc097",
          "prepaid": 1000,
          "per_time": 60,
          "low_money": 0,
          "per_money": 3000,
          "created_at": "2023-06-15T16:08:32.851732+08:00",
          "updated_at": "2023-06-25T14:57:20.641017+08:00"
        }
      ],
      "table_type": 1,
      "table_id": "f10f5997-0f41-472a-b7a2-5db24d68c611",
      "table": null,
      "reserve_order_id": null,
      "reserver_order": null,
      "coupon_id": null,
      "coupon": null,
      "queue_order_id": null,
      "queue_order": null,
      "behalfer_id": null,
      "behalfer": null,
      "balances": null,
      "pay_rule": {
        "deposit": 6000,
        "low_money": 0,
        "per_money": 3000,
        "per_time": 60,
        "prepaid": 1000,
        "time": "11:00-24:00",
        "unit": 1
      }
    },
    "type": 1
  }
]