[
  {
    "address": "A01",
    "area_no": "",
    "device": {
      "id": "0590f910-f1e7-4533-afd9-311829745a02",
      "created_at": "2023-05-24T15:07:28.963956+08:00",
      "updated_at": "2023-07-26T06:50:56.908671+08:00",
      "online": true,
      "fictitious": 1,
      "mac": "e4:08:e7:0d:34:89",
      "name": "t49120489781",
      "type": 1,
      "server": "broker1",
      "version": "0.0.71",
      "online_at": "2023-07-26T06:50:56.901778+08:00",
      "disconnect_at": "2023-07-21T16:00:29.019036+08:00",
      "is_slave": false,
      "main": true,
      "node_id": "13171e08-a12b-4bba-8cbf-94cbc74bc097",
      "node": null
    },
    "id": "f011a063-f876-4060-a03c-3dc3fc2e42dc",
    "manager_order": null,
    "name": "t68955213139",
    "pay_rule": {
      "deposit": 6000,
      "low_money": 0,
      "per_money": 3000,
      "per_time": 60,
      "prepaid": 1000,
      "time": "11:00-24:00",
      "unit": 1
    },
    "pay_rules": [
      {
        "deposit": 6000,
        "low_money": 0,
        "per_money": 2500,
        "per_time": 60,
        "prepaid": 1000,
        "time": "00:00-11:00",
        "unit": 1
      },
      {
        "deposit": 6000,
        "low_money": 0,
        "per_money": 3000,
        "per_time": 60,
        "prepaid": 1000,
        "time": "11:00-24:00",
        "unit": 1
      }
    ],
    "reserve_order": null,
    "slave": {
      "id": "00000000-0000-0000-0000-000000000000",
      "created_at": "0001-01-01T00:00:00Z",
      "updated_at": "0001-01-01T00:00:00Z",
      "online": false,
      "fictitious": 0,
      "mac": "",
      "name": "",
      "type": 0,
      "server": "",
      "version": "",
      "online_at": "0001-01-01T00:00:00Z",
      "disconnect_at": "0001-01-01T00:00:00Z",
      "is_slave": false,
      "main": false,
      "node_id": "",
      "node": null
    },
    "status": 2,
    "sub_type": "",
    "table_order": {
      "id": "59c835e5-2287-4a2e-88c1-378b3b0cd99d",
      "created_at": "2023-07-26T21:34:14.420673+08:00",
      "updated_at": "2023-07-26T21:34:14.425967+08:00",
      "display_id": "23072684544268567123",
      "info": {
        "site_name": "宝安区恒丰工业城",
        "site_phone": "15112299551",
        "table_name": "t68955213139",
        "table_type": 1,
        "table_address": "A01",
        "user_nickname": "",
        "balance_deposit": 0,
        "user_avatar_url": ""
      },
      "status": 1,
      "start_at": "2023-07-26T21:34:14.178349+08:00",
      "end_at": "2023-07-27T00:40:14.178349+08:00",
      "pay_way": "wechat",
      "phone": "18609728846",
      "node_id": "13171e08-a12b-4bba-8cbf-94cbc74bc097",
      "node": null,
      "member_id": "21b25382-7992-4223-8077-aecc499fe76d",
      "member": null,
      "social_user_id": "b0165932-6e83-4220-af32-f2008cb84cf8",
      "social_user": {
        "id": "b0165932-6e83-4220-af32-f2008cb84cf8",
        "created_at": "2023-07-26T21:33:51.15252+08:00",
        "updated_at": "2023-07-26T21:34:02.343742+08:00",
        "follow": true,
        "avatar_url": "",
        "nickname": "",
        "phone": "18609728846",
        "balance": 0,
        "coupon_count": 0,
        "forbid": false
      },
      "type": 1,
      "used_time": 6,
      "money": 0,
      "old_money": 0,
      "payed": 6000,
      "deposit": 6000,
      "behalf_pay": false,
      "coupon_money": 0,
      "balance_money": 0,
      "refund_balance": 0,
      "recharge_money": 0,
      "refund_money": 6000,
      "return_money": 0,
      "regular_time": null,
      "pay_rules": [
        {
          "id": "791c7511-d120-495f-8d9c-6a558fd4b4c7",
          "node": null,
          "time": "00:00-11:00",
          "unit": 1,
          "deposit": 6000,
          "node_id": "13171e08-a12b-4bba-8cbf-94cbc74bc097",
          "prepaid": 1000,
          "per_time": 60,
          "low_money": 0,
          "per_money": 2500,
          "created_at": "2023-06-15T16:08:32.85173+08:00",
          "updated_at": "2023-06-25T14:57:52.296212+08:00"
        },
        {
          "id": "236af90e-724e-46ff-b65d-26f82955fa29",
          "node": null,
          "time": "11:00-24:00",
          "unit": 1,
          "deposit": 6000,
          "node_id": "13171e08-a12b-4bba-8cbf-94cbc74bc097",
          "prepaid": 1000,
          "per_time": 60,
          "low_money": 0,
          "per_money": 3000,
          "created_at": "2023-06-15T16:08:32.851732+08:00",
          "updated_at": "2023-06-25T14:57:20.641017+08:00"
        }
      ],
      "table_type": 1,
      "table_id": "f011a063-f876-4060-a03c-3dc3fc2e42dc",
      "table": null,
      "reserve_order_id": null,
      "reserver_order": null,
      "coupon_id": "81006a5a-27ec-4e57-852a-09f470db3ec5",
      "coupon": {
        "id": "81006a5a-27ec-4e57-852a-09f470db3ec5",
        "created_at": "2023-07-26T21:34:14.140601+08:00",
        "updated_at": "2023-07-26T21:34:14.417068+08:00",
        "name": "新店开业9.9一小时",
        "status": 3,
        "type": 1,
        "sub_types": null,
        "use_type": 1,
        "money": 0,
        "sale_money": 990,
        "time": 60,
        "deposit": true,
        "deduction_deposit": true,
        "valid_day": 7,
        "expired_at": "2023-08-02T21:34:14.026268+08:00",
        "start_at": "2023-06-15T16:08:33.441326+08:00",
        "end_at": "2024-06-14T16:08:33.441326+08:00",
        "remark": "",
        "exchange_id": "新店开业9.9一小时",
        "exchange_type": "小铁",
        "use_time": "",
        "way": 2,
        "use_at": "2023-07-26T21:34:14.178349+08:00",
        "use_site_name": "宝安区恒丰工业城",
        "suit_site": "宝安区恒丰工业城",
        "coupon_package_id": "2e356c31-8213-422c-992d-e41af29a1de8",
        "coupon_order_id": "b3858839-199a-4258-9ff0-6837fcfe1e3f"
      },
      "queue_order_id": null,
      "queue_order": null,
      "behalfer_id": null,
      "behalfer": null,
      "balances": null,
      "pay_rule": {
        "deposit": 6000,
        "low_money": 0,
        "per_money": 3000,
        "per_time": 60,
        "prepaid": 1000,
        "time": "11:00-24:00",
        "unit": 1
      }
    },
    "type": 1
  },
  {
    "address": "Q01",
    "area_no": "",
    "device": {
      "id": "0590f910-f1e7-4533-afd9-311829745a02",
      "created_at": "2023-05-24T15:07:28.963956+08:00",
      "updated_at": "2023-07-26T06:50:56.908671+08:00",
      "online": true,
      "fictitious": 1,
      "mac": "e4:08:e7:0d:34:89",
      "name": "t49120489781",
      "type": 1,
      "server": "broker1",
      "version": "0.0.71",
      "online_at": "2023-07-26T06:50:56.901778+08:00",
      "disconnect_at": "2023-07-21T16:00:29.019036+08:00",
      "is_slave": false,
      "main": true,
      "node_id": "13171e08-a12b-4bba-8cbf-94cbc74bc097",
      "node": null
    },
    "id": "f2e6a55d-04a1-491b-89f7-bde555b7d783",
    "manager_order": null,
    "name": "t68956371407",
    "pay_rule": {
      "deposit": 20000,
      "low_money": 0,
      "per_money": 3000,
      "per_time": 60,
      "prepaid": 1000,
      "time": "12:00-24:00",
      "unit": 1
    },
    "pay_rules": [
      {
        "deposit": 20000,
        "low_money": 0,
        "per_money": 3000,
        "per_time": 60,
        "prepaid": 1000,
        "time": "12:00-24:00",
        "unit": 1
      },
      {
        "deposit": 20000,
        "low_money": 0,
        "per_money": 3000,
        "per_time": 60,
        "prepaid": 1000,
        "time": "00:00-12:00",
        "unit": 1
      }
    ],
    "reserve_order": null,
    "slave": {
      "id": "00000000-0000-0000-0000-000000000000",
      "created_at": "0001-01-01T00:00:00Z",
      "updated_at": "0001-01-01T00:00:00Z",
      "online": false,
      "fictitious": 0,
      "mac": "",
      "name": "",
      "type": 0,
      "server": "",
      "version": "",
      "online_at": "0001-01-01T00:00:00Z",
      "disconnect_at": "0001-01-01T00:00:00Z",
      "is_slave": false,
      "main": false,
      "node_id": "",
      "node": null
    },
    "status": 1,
    "sub_type": "",
    "table_order": null,
    "type": 3
  },
  {
    "address": "A02",
    "area_no": "",
    "device": {
      "id": "0590f910-f1e7-4533-afd9-311829745a02",
      "created_at": "2023-05-24T15:07:28.963956+08:00",
      "updated_at": "2023-07-26T06:50:56.908671+08:00",
      "online": true,
      "fictitious": 1,
      "mac": "e4:08:e7:0d:34:89",
      "name": "t49120489781",
      "type": 1,
      "server": "broker1",
      "version": "0.0.71",
      "online_at": "2023-07-26T06:50:56.901778+08:00",
      "disconnect_at": "2023-07-21T16:00:29.019036+08:00",
      "is_slave": false,
      "main": true,
      "node_id": "13171e08-a12b-4bba-8cbf-94cbc74bc097",
      "node": null
    },
    "id": "d5945ce1-6ddc-416a-84f4-62921c91d285",
    "manager_order": null,
    "name": "t68955734323",
    "pay_rule": {
      "deposit": 6000,
      "low_money": 0,
      "per_money": 3000,
      "per_time": 60,
      "prepaid": 1000,
      "time": "11:00-24:00",
      "unit": 1
    },
    "pay_rules": [
      {
        "deposit": 6000,
        "low_money": 0,
        "per_money": 2500,
        "per_time": 60,
        "prepaid": 1000,
        "time": "00:00-11:00",
        "unit": 1
      },
      {
        "deposit": 6000,
        "low_money": 0,
        "per_money": 3000,
        "per_time": 60,
        "prepaid": 1000,
        "time": "11:00-24:00",
        "unit": 1
      }
    ],
    "reserve_order": null,
    "slave": {
      "id": "00000000-0000-0000-0000-000000000000",
      "created_at": "0001-01-01T00:00:00Z",
      "updated_at": "0001-01-01T00:00:00Z",
      "online": false,
      "fictitious": 0,
      "mac": "",
      "name": "",
      "type": 0,
      "server": "",
      "version": "",
      "online_at": "0001-01-01T00:00:00Z",
      "disconnect_at": "0001-01-01T00:00:00Z",
      "is_slave": false,
      "main": false,
      "node_id": "",
      "node": null
    },
    "status": 2,
    "sub_type": "",
    "table_order": {
      "id": "80839aa9-a03e-447d-b243-dd98cb551e7f",
      "created_at": "2023-07-26T21:17:07.29153+08:00",
      "updated_at": "2023-07-26T21:17:07.295944+08:00",
      "display_id": "23072674272906518540",
      "info": {
        "site_name": "宝安区恒丰工业城",
        "site_phone": "15112299551",
        "table_name": "t68955734323",
        "table_type": 1,
        "table_address": "A02",
        "user_nickname": "",
        "balance_deposit": 6000,
        "user_avatar_url": ""
      },
      "status": 1,
      "start_at": "2023-07-26T21:17:07.158679+08:00",
      "end_at": "2023-07-26T23:17:07.158679+08:00",
      "pay_way": "wechat",
      "phone": "13717117034",
      "node_id": "13171e08-a12b-4bba-8cbf-94cbc74bc097",
      "node": null,
      "member_id": "d2e8945a-df2e-49ae-ae0d-9e9acd717621",
      "member": null,
      "social_user_id": "8c468b11-85f6-4b01-b168-53b94ad8e4de",
      "social_user": {
        "id": "8c468b11-85f6-4b01-b168-53b94ad8e4de",
        "created_at": "2023-07-02T05:28:17.436153+08:00",
        "updated_at": "2023-07-26T21:16:50.390858+08:00",
        "follow": true,
        "avatar_url": "",
        "nickname": "",
        "phone": "13717117034",
        "balance": 0,
        "coupon_count": 0,
        "forbid": false
      },
      "type": 1,
      "used_time": 23,
      "money": 1150,
      "old_money": 1150,
      "payed": 0,
      "deposit": 6000,
      "behalf_pay": false,
      "coupon_money": 0,
      "balance_money": 6000,
      "refund_balance": 0,
      "recharge_money": 0,
      "refund_money": 0,
      "return_money": 0,
      "regular_time": null,
      "pay_rules": [
        {
          "id": "791c7511-d120-495f-8d9c-6a558fd4b4c7",
          "node": null,
          "time": "00:00-11:00",
          "unit": 1,
          "deposit": 6000,
          "node_id": "13171e08-a12b-4bba-8cbf-94cbc74bc097",
          "prepaid": 1000,
          "per_time": 60,
          "low_money": 0,
          "per_money": 2500,
          "created_at": "2023-06-15T16:08:32.85173+08:00",
          "updated_at": "2023-06-25T14:57:52.296212+08:00"
        },
        {
          "id": "236af90e-724e-46ff-b65d-26f82955fa29",
          "node": null,
          "time": "11:00-24:00",
          "unit": 1,
          "deposit": 6000,
          "node_id": "13171e08-a12b-4bba-8cbf-94cbc74bc097",
          "prepaid": 1000,
          "per_time": 60,
          "low_money": 0,
          "per_money": 3000,
          "created_at": "2023-06-15T16:08:32.851732+08:00",
          "updated_at": "2023-06-25T14:57:20.641017+08:00"
        }
      ],
      "table_type": 1,
      "table_id": "d5945ce1-6ddc-416a-84f4-62921c91d285",
      "table": null,
      "reserve_order_id": null,
      "reserver_order": null,
      "coupon_id": null,
      "coupon": null,
      "queue_order_id": null,
      "queue_order": null,
      "behalfer_id": null,
      "behalfer": null,
      "balances": null,
      "pay_rule": {
        "deposit": 6000,
        "low_money": 0,
        "per_money": 3000,
        "per_time": 60,
        "prepaid": 1000,
        "time": "11:00-24:00",
        "unit": 1
      }
    },
    "type": 1
  },
  {
    "address": "Q02",
    "area_no": "",
    "device": {
      "id": "0590f910-f1e7-4533-afd9-311829745a02",
      "created_at": "2023-05-24T15:07:28.963956+08:00",
      "updated_at": "2023-07-26T06:50:56.908671+08:00",
      "online": true,
      "fictitious": 1,
      "mac": "e4:08:e7:0d:34:89",
      "name": "t49120489781",
      "type": 1,
      "server": "broker1",
      "version": "0.0.71",
      "online_at": "2023-07-26T06:50:56.901778+08:00",
      "disconnect_at": "2023-07-21T16:00:29.019036+08:00",
      "is_slave": false,
      "main": true,
      "node_id": "13171e08-a12b-4bba-8cbf-94cbc74bc097",
      "node": null
    },
    "id": "f61db07f-d3b0-4f88-947c-d3107245ea03",
    "manager_order": {
      "id": "44c0fb06-0d3d-47c5-8839-a919147493a9",
      "created_at": "2023-07-26T21:04:14.972784+08:00",
      "updated_at": "2023-07-26T21:04:14.972784+08:00",
      "display_id": "23072666549726334371",
      "info": {
        "site_name": "宝安区恒丰工业城",
        "table_name": "t68956470757",
        "table_type": 3,
        "table_address": "Q02"
      },
      "status": 1,
      "start_at": "2023-07-26T21:04:14.928039+08:00",
      "end_at": "0001-01-01T08:05:43+08:05",
      "phone": "",
      "used_time": 36,
      "money": 1800,
      "payed": 0,
      "refund_money": 0,
      "pay_id": "",
      "type": 2,
      "pay_rule": {
        "deposit": 20000,
        "low_money": 0,
        "per_money": 3000,
        "per_time": 60,
        "prepaid": 1000,
        "time": "12:00-24:00",
        "unit": 1
      },
      "pay_rules": [
        {
          "id": "9d57cff0-db25-4674-88c6-3b635ce0af70",
          "node": null,
          "time": "12:00-24:00",
          "unit": 1,
          "deposit": 20000,
          "node_id": "13171e08-a12b-4bba-8cbf-94cbc74bc097",
          "prepaid": 1000,
          "per_time": 60,
          "low_money": 0,
          "per_money": 3000,
          "created_at": "2023-06-25T15:13:20.796456+08:00",
          "updated_at": "2023-07-08T07:31:09.544608+08:00"
        },
        {
          "id": "2325497b-4131-4098-85d1-84bf9f923e63",
          "node": null,
          "time": "00:00-12:00",
          "unit": 1,
          "deposit": 20000,
          "node_id": "13171e08-a12b-4bba-8cbf-94cbc74bc097",
          "prepaid": 1000,
          "per_time": 60,
          "low_money": 0,
          "per_money": 3000,
          "created_at": "2023-06-25T15:14:13.587639+08:00",
          "updated_at": "2023-07-08T07:30:21.15509+08:00"
        }
      ],
      "table_id": "f61db07f-d3b0-4f88-947c-d3107245ea03",
      "table": null,
      "node_id": "13171e08-a12b-4bba-8cbf-94cbc74bc097",
      "node": null,
      "manager_id": "5ee55e80-b12c-4398-9905-a6a7d16d1b32",
      "manager": null
    },
    "name": "t68956470757",
    "pay_rule": {
      "deposit": 20000,
      "low_money": 0,
      "per_money": 3000,
      "per_time": 60,
      "prepaid": 1000,
      "time": "12:00-24:00",
      "unit": 1
    },
    "pay_rules": [
      {
        "deposit": 20000,
        "low_money": 0,
        "per_money": 3000,
        "per_time": 60,
        "prepaid": 1000,
        "time": "12:00-24:00",
        "unit": 1
      },
      {
        "deposit": 20000,
        "low_money": 0,
        "per_money": 3000,
        "per_time": 60,
        "prepaid": 1000,
        "time": "00:00-12:00",
        "unit": 1
      }
    ],
    "reserve_order": null,
    "slave": {
      "id": "00000000-0000-0000-0000-000000000000",
      "created_at": "0001-01-01T00:00:00Z",
      "updated_at": "0001-01-01T00:00:00Z",
      "online": false,
      "fictitious": 0,
      "mac": "",
      "name": "",
      "type": 0,
      "server": "",
      "version": "",
      "online_at": "0001-01-01T00:00:00Z",
      "disconnect_at": "0001-01-01T00:00:00Z",
      "is_slave": false,
      "main": false,
      "node_id": "",
      "node": null
    },
    "status": 5,
    "sub_type": "",
    "table_order": null,
    "type": 3
  },
  {
    "address": "A03",
    "area_no": "",
    "device": {
      "id": "0590f910-f1e7-4533-afd9-311829745a02",
      "created_at": "2023-05-24T15:07:28.963956+08:00",
      "updated_at": "2023-07-26T06:50:56.908671+08:00",
      "online": true,
      "fictitious": 1,
      "mac": "e4:08:e7:0d:34:89",
      "name": "t49120489781",
      "type": 1,
      "server": "broker1",
      "version": "0.0.71",
      "online_at": "2023-07-26T06:50:56.901778+08:00",
      "disconnect_at": "2023-07-21T16:00:29.019036+08:00",
      "is_slave": false,
      "main": true,
      "node_id": "13171e08-a12b-4bba-8cbf-94cbc74bc097",
      "node": null
    },
    "id": "f10f5997-0f41-472a-b7a2-5db24d68c611",
    "manager_order": null,
    "name": "t68956036925",
    "pay_rule": {
      "deposit": 6000,
      "low_money": 0,
      "per_money": 3000,
      "per_time": 60,
      "prepaid": 1000,
      "time": "11:00-24:00",
      "unit": 1
    },
    "pay_rules": [
      {
        "deposit": 6000,
        "low_money": 0,
        "per_money": 2500,
        "per_time": 60,
        "prepaid": 1000,
        "time": "00:00-11:00",
        "unit": 1
      },
      {
        "deposit": 6000,
        "low_money": 0,
        "per_money": 3000,
        "per_time": 60,
        "prepaid": 1000,
        "time": "11:00-24:00",
        "unit": 1
      }
    ],
    "reserve_order": null,
    "slave": {
      "id": "00000000-0000-0000-0000-000000000000",
      "created_at": "0001-01-01T00:00:00Z",
      "updated_at": "0001-01-01T00:00:00Z",
      "online": false,
      "fictitious": 0,
      "mac": "",
      "name": "",
      "type": 0,
      "server": "",
      "version": "",
      "online_at": "0001-01-01T00:00:00Z",
      "disconnect_at": "0001-01-01T00:00:00Z",
      "is_slave": false,
      "main": false,
      "node_id": "",
      "node": null
    },
    "status": 2,
    "sub_type": "",
    "table_order": {
      "id": "793a530a-fb5d-499d-bcf3-eb60d9ee7f66",
      "created_at": "2023-07-26T19:47:01.935778+08:00",
      "updated_at": "2023-07-26T19:47:01.940638+08:00",
      "display_id": "23072620219343957958",
      "info": {
        "site_name": "宝安区恒丰工业城",
        "site_phone": "15112299551",
        "table_name": "t68956036925",
        "table_type": 1,
        "table_address": "A03",
        "user_nickname": "世俗",
        "balance_deposit": 6000,
        "user_avatar_url": "https://table-file.xironiot.com/avatar/1688133853839784580_tmp_d4da50b75b2f9f8256579f802ecc10ce.jpg"
      },
      "status": 1,
      "start_at": "2023-07-26T19:47:01.78626+08:00",
      "end_at": "2023-07-26T21:47:01.78626+08:00",
      "pay_way": "wechat",
      "phone": "17722412733",
      "node_id": "13171e08-a12b-4bba-8cbf-94cbc74bc097",
      "node": null,
      "member_id": "24ed376e-fb43-4b32-8259-177ca6114962",
      "member": null,
      "social_user_id": "41416122-2cec-45c0-b1db-3552ab57b3dc",
      "social_user": {
        "id": "41416122-2cec-45c0-b1db-3552ab57b3dc",
        "created_at": "2023-06-30T20:23:47.559639+08:00",
        "updated_at": "2023-07-26T20:38:57.807369+08:00",
        "follow": true,
        "avatar_url": "https://table-file.xironiot.com/avatar/1688133853839784580_tmp_d4da50b75b2f9f8256579f802ecc10ce.jpg",
        "nickname": "世俗",
        "phone": "17722412733",
        "balance": 0,
        "coupon_count": 0,
        "forbid": false
      },
      "type": 1,
      "used_time": 114,
      "money": 5700,
      "old_money": 5700,
      "payed": 0,
      "deposit": 6000,
      "behalf_pay": false,
      "coupon_money": 0,
      "balance_money": 6000,
      "refund_balance": 0,
      "recharge_money": 0,
      "refund_money": 0,
      "return_money": 0,
      "regular_time": null,
      "pay_rules": [
        {
          "id": "791c7511-d120-495f-8d9c-6a558fd4b4c7",
          "node": null,
          "time": "00:00-11:00",
          "unit": 1,
          "deposit": 6000,
          "node_id": "13171e08-a12b-4bba-8cbf-94cbc74bc097",
          "prepaid": 1000,
          "per_time": 60,
          "low_money": 0,
          "per_money": 2500,
          "created_at": "2023-06-15T16:08:32.85173+08:00",
          "updated_at": "2023-06-25T14:57:52.296212+08:00"
        },
        {
          "id": "236af90e-724e-46ff-b65d-26f82955fa29",
          "node": null,
          "time": "11:00-24:00",
          "unit": 1,
          "deposit": 6000,
          "node_id": "13171e08-a12b-4bba-8cbf-94cbc74bc097",
          "prepaid": 1000,
          "per_time": 60,
          "low_money": 0,
          "per_money": 3000,
          "created_at": "2023-06-15T16:08:32.851732+08:00",
          "updated_at": "2023-06-25T14:57:20.641017+08:00"
        }
      ],
      "table_type": 1,
      "table_id": "f10f5997-0f41-472a-b7a2-5db24d68c611",
      "table": null,
      "reserve_order_id": null,
      "reserver_order": null,
      "coupon_id": null,
      "coupon": null,
      "queue_order_id": null,
      "queue_order": null,
      "behalfer_id": null,
      "behalfer": null,
      "balances": null,
      "pay_rule": {
        "deposit": 6000,
        "low_money": 0,
        "per_money": 3000,
        "per_time": 60,
        "prepaid": 1000,
        "time": "11:00-24:00",
        "unit": 1
      }
    },
    "type": 1
  }
]