[
  {
    "address": "Q01",
    "area_no": "",
    "device": {
      "id": "0590f910-f1e7-4533-afd9-311829745a02",
      "created_at": "2023-05-24T15:07:28.963956+08:00",
      "updated_at": "2023-07-22T16:09:39.771665+08:00",
      "online": true,
      "fictitious": 1,
      "mac": "e4:08:e7:0d:34:89",
      "name": "t49120489781",
      "type": 1,
      "server": "broker1",
      "version": "0.0.71",
      "online_at": "2023-07-22T16:09:39.764693+08:00",
      "disconnect_at": "2023-07-21T16:00:29.019036+08:00",
      "is_slave": false,
      "main": true,
      "node_id": "13171e08-a12b-4bba-8cbf-94cbc74bc097",
      "node": null
    },
    "id": "f2e6a55d-04a1-491b-89f7-bde555b7d783",
    "manager_order": null,
    "name": "t68956371407",
    "pay_rule": {
      "deposit": 20000,
      "low_money": 0,
      "per_money": 3000,
      "per_time": 60,
      "prepaid": 1000,
      "time": "12:00-24:00",
      "unit": 1
    },
    "pay_rules": [
      {
        "deposit": 20000,
        "low_money": 0,
        "per_money": 3000,
        "per_time": 60,
        "prepaid": 1000,
        "time": "12:00-24:00",
        "unit": 1
      },
      {
        "deposit": 20000,
        "low_money": 0,
        "per_money": 3000,
        "per_time": 60,
        "prepaid": 1000,
        "time": "00:00-12:00",
        "unit": 1
      }
    ],
    "reserve_order": null,
    "slave": {
      "id": "00000000-0000-0000-0000-000000000000",
      "created_at": "0001-01-01T00:00:00Z",
      "updated_at": "0001-01-01T00:00:00Z",
      "online": false,
      "fictitious": 0,
      "mac": "",
      "name": "",
      "type": 0,
      "server": "",
      "version": "",
      "online_at": "0001-01-01T00:00:00Z",
      "disconnect_at": "0001-01-01T00:00:00Z",
      "is_slave": false,
      "main": false,
      "node_id": "",
      "node": null
    },
    "status": 2,
    "sub_type": "",
    "table_order": {
      "id": "d89f976a-215e-4262-889b-8064817dafd1",
      "created_at": "2023-07-22T12:36:37.122991+08:00",
      "updated_at": "2023-07-22T12:36:37.128601+08:00",
      "display_id": "23072205971212141969",
      "info": {
        "site_name": "宝安区恒丰工业城",
        "site_phone": "15112299551",
        "table_name": "t68956371407",
        "table_type": 3,
        "table_address": "Q01",
        "user_nickname": "李勇生",
        "balance_deposit": 0,
        "user_avatar_url": "https://table-file.xironiot.com/avatar/1689953321094816262_tmp_40a900e79a4dc2c1cddce7b413ff89f1cefcc44d599ec8f2.jpg"
      },
      "status": 1,
      "start_at": "2023-07-22T12:36:37.037702+08:00",
      "end_at": "2023-07-22T19:16:37.037702+08:00",
      "pay_way": "wechat",
      "phone": "13590406002",
      "node_id": "13171e08-a12b-4bba-8cbf-94cbc74bc097",
      "node": null,
      "member_id": "99c8b4c8-4f89-4a60-bb72-8c25d8f3c8a9",
      "member": null,
      "social_user_id": "055fbdc2-d9a9-48dc-88c0-f0bf93684d44",
      "social_user": {
        "id": "055fbdc2-d9a9-48dc-88c0-f0bf93684d44",
        "created_at": "2023-07-21T17:42:52.564289+08:00",
        "updated_at": "2023-07-22T12:36:16.560768+08:00",
        "follow": true,
        "avatar_url": "https://table-file.xironiot.com/avatar/1689953321094816262_tmp_40a900e79a4dc2c1cddce7b413ff89f1cefcc44d599ec8f2.jpg",
        "nickname": "李勇生",
        "phone": "13590406002",
        "balance": 0,
        "coupon_count": 0,
        "forbid": false
      },
      "type": 2,
      "used_time": 337,
      "money": 16850,
      "old_money": 16850,
      "payed": 20000,
      "deposit": 20000,
      "behalf_pay": false,
      "coupon_money": 0,
      "balance_money": 0,
      "refund_balance": 0,
      "recharge_money": 0,
      "refund_money": 3150,
      "return_money": 0,
      "regular_time": null,
      "pay_rules": [
        {
          "id": "9d57cff0-db25-4674-88c6-3b635ce0af70",
          "node": null,
          "time": "12:00-24:00",
          "unit": 1,
          "deposit": 20000,
          "node_id": "13171e08-a12b-4bba-8cbf-94cbc74bc097",
          "prepaid": 1000,
          "per_time": 60,
          "low_money": 0,
          "per_money": 3000,
          "created_at": "2023-06-25T15:13:20.796456+08:00",
          "updated_at": "2023-07-08T07:31:09.544608+08:00"
        },
        {
          "id": "2325497b-4131-4098-85d1-84bf9f923e63",
          "node": null,
          "time": "00:00-12:00",
          "unit": 1,
          "deposit": 20000,
          "node_id": "13171e08-a12b-4bba-8cbf-94cbc74bc097",
          "prepaid": 1000,
          "per_time": 60,
          "low_money": 0,
          "per_money": 3000,
          "created_at": "2023-06-25T15:14:13.587639+08:00",
          "updated_at": "2023-07-08T07:30:21.15509+08:00"
        }
      ],
      "table_id": "f2e6a55d-04a1-491b-89f7-bde555b7d783",
      "table": null,
      "reserve_order_id": null,
      "reserver_order": null,
      "coupon_id": null,
      "coupon": null,
      "behalfer_id": null,
      "behalfer": null,
      "balances": null,
      "pay_rule": {
        "deposit": 20000,
        "low_money": 0,
        "per_money": 3000,
        "per_time": 60,
        "prepaid": 1000,
        "time": "12:00-24:00",
        "unit": 1
      }
    },
    "type": 3
  },
  {
    "address": "A01",
    "area_no": "",
    "device": {
      "id": "0590f910-f1e7-4533-afd9-311829745a02",
      "created_at": "2023-05-24T15:07:28.963956+08:00",
      "updated_at": "2023-07-22T16:09:39.771665+08:00",
      "online": true,
      "fictitious": 1,
      "mac": "e4:08:e7:0d:34:89",
      "name": "t49120489781",
      "type": 1,
      "server": "broker1",
      "version": "0.0.71",
      "online_at": "2023-07-22T16:09:39.764693+08:00",
      "disconnect_at": "2023-07-21T16:00:29.019036+08:00",
      "is_slave": false,
      "main": true,
      "node_id": "13171e08-a12b-4bba-8cbf-94cbc74bc097",
      "node": null
    },
    "id": "f011a063-f876-4060-a03c-3dc3fc2e42dc",
    "manager_order": null,
    "name": "t68955213139",
    "pay_rule": {
      "deposit": 6000,
      "low_money": 0,
      "per_money": 3000,
      "per_time": 60,
      "prepaid": 1000,
      "time": "11:00-24:00",
      "unit": 1
    },
    "pay_rules": [
      {
        "deposit": 6000,
        "low_money": 0,
        "per_money": 2500,
        "per_time": 60,
        "prepaid": 1000,
        "time": "00:00-11:00",
        "unit": 1
      },
      {
        "deposit": 6000,
        "low_money": 0,
        "per_money": 3000,
        "per_time": 60,
        "prepaid": 1000,
        "time": "11:00-24:00",
        "unit": 1
      }
    ],
    "reserve_order": null,
    "slave": {
      "id": "00000000-0000-0000-0000-000000000000",
      "created_at": "0001-01-01T00:00:00Z",
      "updated_at": "0001-01-01T00:00:00Z",
      "online": false,
      "fictitious": 0,
      "mac": "",
      "name": "",
      "type": 0,
      "server": "",
      "version": "",
      "online_at": "0001-01-01T00:00:00Z",
      "disconnect_at": "0001-01-01T00:00:00Z",
      "is_slave": false,
      "main": false,
      "node_id": "",
      "node": null
    },
    "status": 1,
    "sub_type": "",
    "table_order": null,
    "type": 1
  },
  {
    "address": "A02",
    "area_no": "",
    "device": {
      "id": "0590f910-f1e7-4533-afd9-311829745a02",
      "created_at": "2023-05-24T15:07:28.963956+08:00",
      "updated_at": "2023-07-22T16:09:39.771665+08:00",
      "online": true,
      "fictitious": 1,
      "mac": "e4:08:e7:0d:34:89",
      "name": "t49120489781",
      "type": 1,
      "server": "broker1",
      "version": "0.0.71",
      "online_at": "2023-07-22T16:09:39.764693+08:00",
      "disconnect_at": "2023-07-21T16:00:29.019036+08:00",
      "is_slave": false,
      "main": true,
      "node_id": "13171e08-a12b-4bba-8cbf-94cbc74bc097",
      "node": null
    },
    "id": "d5945ce1-6ddc-416a-84f4-62921c91d285",
    "manager_order": null,
    "name": "t68955734323",
    "pay_rule": {
      "deposit": 6000,
      "low_money": 0,
      "per_money": 3000,
      "per_time": 60,
      "prepaid": 1000,
      "time": "11:00-24:00",
      "unit": 1
    },
    "pay_rules": [
      {
        "deposit": 6000,
        "low_money": 0,
        "per_money": 2500,
        "per_time": 60,
        "prepaid": 1000,
        "time": "00:00-11:00",
        "unit": 1
      },
      {
        "deposit": 6000,
        "low_money": 0,
        "per_money": 3000,
        "per_time": 60,
        "prepaid": 1000,
        "time": "11:00-24:00",
        "unit": 1
      }
    ],
    "reserve_order": null,
    "slave": {
      "id": "00000000-0000-0000-0000-000000000000",
      "created_at": "0001-01-01T00:00:00Z",
      "updated_at": "0001-01-01T00:00:00Z",
      "online": false,
      "fictitious": 0,
      "mac": "",
      "name": "",
      "type": 0,
      "server": "",
      "version": "",
      "online_at": "0001-01-01T00:00:00Z",
      "disconnect_at": "0001-01-01T00:00:00Z",
      "is_slave": false,
      "main": false,
      "node_id": "",
      "node": null
    },
    "status": 2,
    "sub_type": "",
    "table_order": {
      "id": "fa0de0a2-ea32-4c7f-8200-b3f5738fd9de",
      "created_at": "2023-07-22T17:42:27.386435+08:00",
      "updated_at": "2023-07-22T17:42:27.391376+08:00",
      "display_id": "23072289473856390784",
      "info": {
        "site_name": "宝安区恒丰工业城",
        "site_phone": "15112299551",
        "table_name": "t68955734323",
        "table_type": 1,
        "table_address": "A02",
        "user_nickname": "",
        "balance_deposit": 3208,
        "user_avatar_url": ""
      },
      "status": 1,
      "start_at": "2023-07-22T17:42:27.255719+08:00",
      "end_at": "2023-07-22T19:42:27.255719+08:00",
      "pay_way": "wechat",
      "phone": "13243872537",
      "node_id": "13171e08-a12b-4bba-8cbf-94cbc74bc097",
      "node": null,
      "member_id": "644def65-387f-4dcc-895d-00eee7a61433",
      "member": null,
      "social_user_id": "8d1c9999-2f4b-4e84-85b5-a1b83a144589",
      "social_user": {
        "id": "8d1c9999-2f4b-4e84-85b5-a1b83a144589",
        "created_at": "2023-07-04T01:30:39.914936+08:00",
        "updated_at": "2023-07-22T17:42:14.658+08:00",
        "follow": true,
        "avatar_url": "",
        "nickname": "",
        "phone": "13243872537",
        "balance": 0,
        "coupon_count": 0,
        "forbid": false
      },
      "type": 1,
      "used_time": 32,
      "money": 1600,
      "old_money": 1600,
      "payed": 2792,
      "deposit": 6000,
      "behalf_pay": false,
      "coupon_money": 0,
      "balance_money": 3208,
      "refund_balance": 0,
      "recharge_money": 0,
      "refund_money": 2792,
      "return_money": 0,
      "regular_time": null,
      "pay_rules": [
        {
          "id": "791c7511-d120-495f-8d9c-6a558fd4b4c7",
          "node": null,
          "time": "00:00-11:00",
          "unit": 1,
          "deposit": 6000,
          "node_id": "13171e08-a12b-4bba-8cbf-94cbc74bc097",
          "prepaid": 1000,
          "per_time": 60,
          "low_money": 0,
          "per_money": 2500,
          "created_at": "2023-06-15T16:08:32.85173+08:00",
          "updated_at": "2023-06-25T14:57:52.296212+08:00"
        },
        {
          "id": "236af90e-724e-46ff-b65d-26f82955fa29",
          "node": null,
          "time": "11:00-24:00",
          "unit": 1,
          "deposit": 6000,
          "node_id": "13171e08-a12b-4bba-8cbf-94cbc74bc097",
          "prepaid": 1000,
          "per_time": 60,
          "low_money": 0,
          "per_money": 3000,
          "created_at": "2023-06-15T16:08:32.851732+08:00",
          "updated_at": "2023-06-25T14:57:20.641017+08:00"
        }
      ],
      "table_id": "d5945ce1-6ddc-416a-84f4-62921c91d285",
      "table": null,
      "reserve_order_id": null,
      "reserver_order": null,
      "coupon_id": null,
      "coupon": null,
      "behalfer_id": null,
      "behalfer": null,
      "balances": null,
      "pay_rule": {
        "deposit": 6000,
        "low_money": 0,
        "per_money": 3000,
        "per_time": 60,
        "prepaid": 1000,
        "time": "11:00-24:00",
        "unit": 1
      }
    },
    "type": 1
  },
  {
    "address": "Q02",
    "area_no": "",
    "device": {
      "id": "0590f910-f1e7-4533-afd9-311829745a02",
      "created_at": "2023-05-24T15:07:28.963956+08:00",
      "updated_at": "2023-07-22T16:09:39.771665+08:00",
      "online": true,
      "fictitious": 1,
      "mac": "e4:08:e7:0d:34:89",
      "name": "t49120489781",
      "type": 1,
      "server": "broker1",
      "version": "0.0.71",
      "online_at": "2023-07-22T16:09:39.764693+08:00",
      "disconnect_at": "2023-07-21T16:00:29.019036+08:00",
      "is_slave": false,
      "main": true,
      "node_id": "13171e08-a12b-4bba-8cbf-94cbc74bc097",
      "node": null
    },
    "id": "f61db07f-d3b0-4f88-947c-d3107245ea03",
    "manager_order": null,
    "name": "t68956470757",
    "pay_rule": {
      "deposit": 20000,
      "low_money": 0,
      "per_money": 3000,
      "per_time": 60,
      "prepaid": 1000,
      "time": "12:00-24:00",
      "unit": 1
    },
    "pay_rules": [
      {
        "deposit": 20000,
        "low_money": 0,
        "per_money": 3000,
        "per_time": 60,
        "prepaid": 1000,
        "time": "12:00-24:00",
        "unit": 1
      },
      {
        "deposit": 20000,
        "low_money": 0,
        "per_money": 3000,
        "per_time": 60,
        "prepaid": 1000,
        "time": "00:00-12:00",
        "unit": 1
      }
    ],
    "reserve_order": null,
    "slave": {
      "id": "00000000-0000-0000-0000-000000000000",
      "created_at": "0001-01-01T00:00:00Z",
      "updated_at": "0001-01-01T00:00:00Z",
      "online": false,
      "fictitious": 0,
      "mac": "",
      "name": "",
      "type": 0,
      "server": "",
      "version": "",
      "online_at": "0001-01-01T00:00:00Z",
      "disconnect_at": "0001-01-01T00:00:00Z",
      "is_slave": false,
      "main": false,
      "node_id": "",
      "node": null
    },
    "status": 1,
    "sub_type": "",
    "table_order": null,
    "type": 3
  },
  {
    "address": "A03",
    "area_no": "",
    "device": {
      "id": "0590f910-f1e7-4533-afd9-311829745a02",
      "created_at": "2023-05-24T15:07:28.963956+08:00",
      "updated_at": "2023-07-22T16:09:39.771665+08:00",
      "online": true,
      "fictitious": 1,
      "mac": "e4:08:e7:0d:34:89",
      "name": "t49120489781",
      "type": 1,
      "server": "broker1",
      "version": "0.0.71",
      "online_at": "2023-07-22T16:09:39.764693+08:00",
      "disconnect_at": "2023-07-21T16:00:29.019036+08:00",
      "is_slave": false,
      "main": true,
      "node_id": "13171e08-a12b-4bba-8cbf-94cbc74bc097",
      "node": null
    },
    "id": "f10f5997-0f41-472a-b7a2-5db24d68c611",
    "manager_order": null,
    "name": "t68956036925",
    "pay_rule": {
      "deposit": 6000,
      "low_money": 0,
      "per_money": 3000,
      "per_time": 60,
      "prepaid": 1000,
      "time": "11:00-24:00",
      "unit": 1
    },
    "pay_rules": [
      {
        "deposit": 6000,
        "low_money": 0,
        "per_money": 2500,
        "per_time": 60,
        "prepaid": 1000,
        "time": "00:00-11:00",
        "unit": 1
      },
      {
        "deposit": 6000,
        "low_money": 0,
        "per_money": 3000,
        "per_time": 60,
        "prepaid": 1000,
        "time": "11:00-24:00",
        "unit": 1
      }
    ],
    "reserve_order": null,
    "slave": {
      "id": "00000000-0000-0000-0000-000000000000",
      "created_at": "0001-01-01T00:00:00Z",
      "updated_at": "0001-01-01T00:00:00Z",
      "online": false,
      "fictitious": 0,
      "mac": "",
      "name": "",
      "type": 0,
      "server": "",
      "version": "",
      "online_at": "0001-01-01T00:00:00Z",
      "disconnect_at": "0001-01-01T00:00:00Z",
      "is_slave": false,
      "main": false,
      "node_id": "",
      "node": null
    },
    "status": 2,
    "sub_type": "",
    "table_order": {
      "id": "67bb1dea-dcb1-4463-841f-122553e494c8",
      "created_at": "2023-07-22T18:09:26.450455+08:00",
      "updated_at": "2023-07-22T18:09:26.45555+08:00",
      "display_id": "23072205664506993543",
      "info": {
        "site_name": "宝安区恒丰工业城",
        "site_phone": "15112299551",
        "table_name": "t68956036925",
        "table_type": 1,
        "table_address": "A03",
        "user_nickname": "",
        "balance_deposit": 0,
        "user_avatar_url": ""
      },
      "status": 1,
      "start_at": "2023-07-22T18:09:26.308644+08:00",
      "end_at": "2023-07-22T21:09:26.308644+08:00",
      "pay_way": "wechat",
      "phone": "18166112916",
      "node_id": "13171e08-a12b-4bba-8cbf-94cbc74bc097",
      "node": null,
      "member_id": "61d7bc13-c9c6-4855-8b94-1fcad7a99a17",
      "member": null,
      "social_user_id": "1eb7fb7e-dc91-4d01-85f6-6de27c5feff6",
      "social_user": {
        "id": "1eb7fb7e-dc91-4d01-85f6-6de27c5feff6",
        "created_at": "2023-07-22T18:08:38.130316+08:00",
        "updated_at": "2023-07-22T18:09:19.073508+08:00",
        "follow": true,
        "avatar_url": "",
        "nickname": "",
        "phone": "18166112916",
        "balance": 0,
        "coupon_count": 0,
        "forbid": false
      },
      "type": 1,
      "used_time": 5,
      "money": 0,
      "old_money": 0,
      "payed": 6000,
      "deposit": 6000,
      "behalf_pay": false,
      "coupon_money": 0,
      "balance_money": 0,
      "refund_balance": 0,
      "recharge_money": 0,
      "refund_money": 6000,
      "return_money": 0,
      "regular_time": null,
      "pay_rules": [
        {
          "id": "791c7511-d120-495f-8d9c-6a558fd4b4c7",
          "node": null,
          "time": "00:00-11:00",
          "unit": 1,
          "deposit": 6000,
          "node_id": "13171e08-a12b-4bba-8cbf-94cbc74bc097",
          "prepaid": 1000,
          "per_time": 60,
          "low_money": 0,
          "per_money": 2500,
          "created_at": "2023-06-15T16:08:32.85173+08:00",
          "updated_at": "2023-06-25T14:57:52.296212+08:00"
        },
        {
          "id": "236af90e-724e-46ff-b65d-26f82955fa29",
          "node": null,
          "time": "11:00-24:00",
          "unit": 1,
          "deposit": 6000,
          "node_id": "13171e08-a12b-4bba-8cbf-94cbc74bc097",
          "prepaid": 1000,
          "per_time": 60,
          "low_money": 0,
          "per_money": 3000,
          "created_at": "2023-06-15T16:08:32.851732+08:00",
          "updated_at": "2023-06-25T14:57:20.641017+08:00"
        }
      ],
      "table_id": "f10f5997-0f41-472a-b7a2-5db24d68c611",
      "table": null,
      "reserve_order_id": null,
      "reserver_order": null,
      "coupon_id": "7ce3a8c4-fddb-4bfd-bf6e-6d62e0ff0464",
      "coupon": {
        "id": "7ce3a8c4-fddb-4bfd-bf6e-6d62e0ff0464",
        "created_at": "2023-07-22T18:09:26.271084+08:00",
        "updated_at": "2023-07-22T18:09:26.447323+08:00",
        "name": "新店开业9.9一小时",
        "status": 3,
        "type": 1,
        "sub_types": null,
        "use_type": 1,
        "money": 0,
        "sale_money": 990,
        "time": 60,
        "deposit": true,
        "deduction_deposit": true,
        "valid_day": 7,
        "expired_at": "2023-07-29T18:09:26.163137+08:00",
        "start_at": "2023-06-15T16:08:33.441326+08:00",
        "end_at": "2024-06-14T16:08:33.441326+08:00",
        "remark": "",
        "exchange_id": "新店开业9.9一小时",
        "exchange_type": "小铁",
        "use_time": "",
        "way": 2,
        "use_at": "2023-07-22T18:09:26.308644+08:00",
        "use_site_name": "宝安区恒丰工业城",
        "suit_site": "宝安区恒丰工业城",
        "coupon_package_id": "2e356c31-8213-422c-992d-e41af29a1de8",
        "coupon_order_id": "36794fe1-d0b8-4535-8811-ee7f4ecd94c8"
      },
      "behalfer_id": null,
      "behalfer": null,
      "balances": null,
      "pay_rule": {
        "deposit": 6000,
        "low_money": 0,
        "per_money": 3000,
        "per_time": 60,
        "prepaid": 1000,
        "time": "11:00-24:00",
        "unit": 1
      }
    },
    "type": 1
  }
]