[
  {
    "address": "A01",
    "area_no": "",
    "device": {
      "id": "3cfe1982-7454-41da-b1ee-8aab69441812",
      "created_at": "2023-06-17T16:42:16.784783+08:00",
      "updated_at": "2023-07-18T10:01:11.638502+08:00",
      "online": false,
      "fictitious": 1,
      "mac": "dc:bd:cc:25:2c:51",
      "name": "t69913367115",
      "type": 1,
      "server": "broker1",
      "version": "0.0.63",
      "online_at": "2023-06-28T14:35:21.352827+08:00",
      "disconnect_at": "2023-06-28T14:39:51.355398+08:00",
      "is_slave": false,
      "main": true,
      "node_id": "147d3530-6554-46c0-8328-ade36345e29f",
      "node": null
    },
    "id": "69cbf2d8-e563-45ab-8cb6-dbc70dcf44e8",
    "manager_order": null,
    "name": "t96457286850",
    "pay_rule": {
      "deposit": 6000,
      "low_money": 0,
      "per_money": 2000,
      "per_time": 60,
      "prepaid": 2000,
      "time": "00:00-11:00",
      "unit": 1
    },
    "pay_rules": [
      {
        "deposit": 6000,
        "low_money": 0,
        "per_money": 2000,
        "per_time": 60,
        "prepaid": 2000,
        "time": "00:00-11:00",
        "unit": 1
      },
      {
        "deposit": 6000,
        "low_money": 0,
        "per_money": 2800,
        "per_time": 60,
        "prepaid": 2000,
        "time": "11:00-24:00",
        "unit": 1
      }
    ],
    "reserve_order": null,
    "slave": {
      "id": "00000000-0000-0000-0000-000000000000",
      "created_at": "0001-01-01T00:00:00Z",
      "updated_at": "0001-01-01T00:00:00Z",
      "online": false,
      "fictitious": 0,
      "mac": "",
      "name": "",
      "type": 0,
      "server": "",
      "version": "",
      "online_at": "0001-01-01T00:00:00Z",
      "disconnect_at": "0001-01-01T00:00:00Z",
      "is_slave": false,
      "main": false,
      "node_id": "",
      "node": null
    },
    "status": 1,
    "sub_type": "",
    "table_order": null,
    "type": 1
  },
  {
    "address": "A02",
    "area_no": "",
    "device": {
      "id": "3cfe1982-7454-41da-b1ee-8aab69441812",
      "created_at": "2023-06-17T16:42:16.784783+08:00",
      "updated_at": "2023-07-18T10:01:11.638502+08:00",
      "online": false,
      "fictitious": 1,
      "mac": "dc:bd:cc:25:2c:51",
      "name": "t69913367115",
      "type": 1,
      "server": "broker1",
      "version": "0.0.63",
      "online_at": "2023-06-28T14:35:21.352827+08:00",
      "disconnect_at": "2023-06-28T14:39:51.355398+08:00",
      "is_slave": false,
      "main": true,
      "node_id": "147d3530-6554-46c0-8328-ade36345e29f",
      "node": null
    },
    "id": "b5e3d6b6-bcfc-4018-b62e-563cbcff6b01",
    "manager_order": null,
    "name": "t96457635557",
    "pay_rule": {
      "deposit": 6000,
      "low_money": 0,
      "per_money": 2000,
      "per_time": 60,
      "prepaid": 2000,
      "time": "00:00-11:00",
      "unit": 1
    },
    "pay_rules": [
      {
        "deposit": 6000,
        "low_money": 0,
        "per_money": 2000,
        "per_time": 60,
        "prepaid": 2000,
        "time": "00:00-11:00",
        "unit": 1
      },
      {
        "deposit": 6000,
        "low_money": 0,
        "per_money": 2800,
        "per_time": 60,
        "prepaid": 2000,
        "time": "11:00-24:00",
        "unit": 1
      }
    ],
    "reserve_order": null,
    "slave": {
      "id": "00000000-0000-0000-0000-000000000000",
      "created_at": "0001-01-01T00:00:00Z",
      "updated_at": "0001-01-01T00:00:00Z",
      "online": false,
      "fictitious": 0,
      "mac": "",
      "name": "",
      "type": 0,
      "server": "",
      "version": "",
      "online_at": "0001-01-01T00:00:00Z",
      "disconnect_at": "0001-01-01T00:00:00Z",
      "is_slave": false,
      "main": false,
      "node_id": "",
      "node": null
    },
    "status": 1,
    "sub_type": "",
    "table_order": null,
    "type": 1
  },
  {
    "address": "A03",
    "area_no": "",
    "device": {
      "id": "3cfe1982-7454-41da-b1ee-8aab69441812",
      "created_at": "2023-06-17T16:42:16.784783+08:00",
      "updated_at": "2023-07-18T10:01:11.638502+08:00",
      "online": false,
      "fictitious": 1,
      "mac": "dc:bd:cc:25:2c:51",
      "name": "t69913367115",
      "type": 1,
      "server": "broker1",
      "version": "0.0.63",
      "online_at": "2023-06-28T14:35:21.352827+08:00",
      "disconnect_at": "2023-06-28T14:39:51.355398+08:00",
      "is_slave": false,
      "main": true,
      "node_id": "147d3530-6554-46c0-8328-ade36345e29f",
      "node": null
    },
    "id": "dfbede7c-0116-45c1-976a-4ecd1b8ddb0c",
    "manager_order": null,
    "name": "t96458143965",
    "pay_rule": {
      "deposit": 6000,
      "low_money": 0,
      "per_money": 2000,
      "per_time": 60,
      "prepaid": 2000,
      "time": "00:00-11:00",
      "unit": 1
    },
    "pay_rules": [
      {
        "deposit": 6000,
        "low_money": 0,
        "per_money": 2000,
        "per_time": 60,
        "prepaid": 2000,
        "time": "00:00-11:00",
        "unit": 1
      },
      {
        "deposit": 6000,
        "low_money": 0,
        "per_money": 2800,
        "per_time": 60,
        "prepaid": 2000,
        "time": "11:00-24:00",
        "unit": 1
      }
    ],
    "reserve_order": null,
    "slave": {
      "id": "00000000-0000-0000-0000-000000000000",
      "created_at": "0001-01-01T00:00:00Z",
      "updated_at": "0001-01-01T00:00:00Z",
      "online": false,
      "fictitious": 0,
      "mac": "",
      "name": "",
      "type": 0,
      "server": "",
      "version": "",
      "online_at": "0001-01-01T00:00:00Z",
      "disconnect_at": "0001-01-01T00:00:00Z",
      "is_slave": false,
      "main": false,
      "node_id": "",
      "node": null
    },
    "status": 1,
    "sub_type": "",
    "table_order": null,
    "type": 1
  },
  {
    "address": "A04",
    "area_no": "",
    "device": {
      "id": "3cfe1982-7454-41da-b1ee-8aab69441812",
      "created_at": "2023-06-17T16:42:16.784783+08:00",
      "updated_at": "2023-07-18T10:01:11.638502+08:00",
      "online": false,
      "fictitious": 1,
      "mac": "dc:bd:cc:25:2c:51",
      "name": "t69913367115",
      "type": 1,
      "server": "broker1",
      "version": "0.0.63",
      "online_at": "2023-06-28T14:35:21.352827+08:00",
      "disconnect_at": "2023-06-28T14:39:51.355398+08:00",
      "is_slave": false,
      "main": true,
      "node_id": "147d3530-6554-46c0-8328-ade36345e29f",
      "node": null
    },
    "id": "4fd7e538-6cb9-4315-952d-87794eecfe17",
    "manager_order": null,
    "name": "t96458256371",
    "pay_rule": {
      "deposit": 6000,
      "low_money": 0,
      "per_money": 2000,
      "per_time": 60,
      "prepaid": 2000,
      "time": "00:00-11:00",
      "unit": 1
    },
    "pay_rules": [
      {
        "deposit": 6000,
        "low_money": 0,
        "per_money": 2000,
        "per_time": 60,
        "prepaid": 2000,
        "time": "00:00-11:00",
        "unit": 1
      },
      {
        "deposit": 6000,
        "low_money": 0,
        "per_money": 2800,
        "per_time": 60,
        "prepaid": 2000,
        "time": "11:00-24:00",
        "unit": 1
      }
    ],
    "reserve_order": null,
    "slave": {
      "id": "00000000-0000-0000-0000-000000000000",
      "created_at": "0001-01-01T00:00:00Z",
      "updated_at": "0001-01-01T00:00:00Z",
      "online": false,
      "fictitious": 0,
      "mac": "",
      "name": "",
      "type": 0,
      "server": "",
      "version": "",
      "online_at": "0001-01-01T00:00:00Z",
      "disconnect_at": "0001-01-01T00:00:00Z",
      "is_slave": false,
      "main": false,
      "node_id": "",
      "node": null
    },
    "status": 1,
    "sub_type": "",
    "table_order": null,
    "type": 1
  }
]