[
  {
    "address": "A01",
    "area_no": "",
    "device": {
      "id": "3cfe1982-7454-41da-b1ee-8aab69441812",
      "created_at": "2023-06-17T16:42:16.784783+08:00",
      "updated_at": "2023-07-18T10:01:11.638502+08:00",
      "online": false,
      "fictitious": 1,
      "mac": "dc:bd:cc:25:2c:51",
      "name": "t69913367115",
      "type": 1,
      "server": "broker1",
      "version": "0.0.63",
      "online_at": "2023-06-28T14:35:21.352827+08:00",
      "disconnect_at": "2023-06-28T14:39:51.355398+08:00",
      "is_slave": false,
      "main": true,
      "node_id": "147d3530-6554-46c0-8328-ade36345e29f",
      "node": null
    },
    "id": "69cbf2d8-e563-45ab-8cb6-dbc70dcf44e8",
    "manager_order": null,
    "name": "t96457286850",
    "pay_rule": {
      "deposit": 6000,
      "low_money": 0,
      "per_money": 2800,
      "per_time": 60,
      "prepaid": 2000,
      "time": "11:00-24:00",
      "unit": 1
    },
    "pay_rules": [
      {
        "deposit": 6000,
        "low_money": 0,
        "per_money": 2000,
        "per_time": 60,
        "prepaid": 2000,
        "time": "00:00-11:00",
        "unit": 1
      },
      {
        "deposit": 6000,
        "low_money": 0,
        "per_money": 2800,
        "per_time": 60,
        "prepaid": 2000,
        "time": "11:00-24:00",
        "unit": 1
      }
    ],
    "reserve_order": null,
    "slave": {
      "id": "00000000-0000-0000-0000-000000000000",
      "created_at": "0001-01-01T00:00:00Z",
      "updated_at": "0001-01-01T00:00:00Z",
      "online": false,
      "fictitious": 0,
      "mac": "",
      "name": "",
      "type": 0,
      "server": "",
      "version": "",
      "online_at": "0001-01-01T00:00:00Z",
      "disconnect_at": "0001-01-01T00:00:00Z",
      "is_slave": false,
      "main": false,
      "node_id": "",
      "node": null
    },
    "status": 1,
    "sub_type": "",
    "table_order": null,
    "type": 1
  },
  {
    "address": "A02",
    "area_no": "",
    "device": {
      "id": "3cfe1982-7454-41da-b1ee-8aab69441812",
      "created_at": "2023-06-17T16:42:16.784783+08:00",
      "updated_at": "2023-07-18T10:01:11.638502+08:00",
      "online": false,
      "fictitious": 1,
      "mac": "dc:bd:cc:25:2c:51",
      "name": "t69913367115",
      "type": 1,
      "server": "broker1",
      "version": "0.0.63",
      "online_at": "2023-06-28T14:35:21.352827+08:00",
      "disconnect_at": "2023-06-28T14:39:51.355398+08:00",
      "is_slave": false,
      "main": true,
      "node_id": "147d3530-6554-46c0-8328-ade36345e29f",
      "node": null
    },
    "id": "b5e3d6b6-bcfc-4018-b62e-563cbcff6b01",
    "manager_order": null,
    "name": "t96457635557",
    "pay_rule": {
      "deposit": 6000,
      "low_money": 0,
      "per_money": 2800,
      "per_time": 60,
      "prepaid": 2000,
      "time": "11:00-24:00",
      "unit": 1
    },
    "pay_rules": [
      {
        "deposit": 6000,
        "low_money": 0,
        "per_money": 2000,
        "per_time": 60,
        "prepaid": 2000,
        "time": "00:00-11:00",
        "unit": 1
      },
      {
        "deposit": 6000,
        "low_money": 0,
        "per_money": 2800,
        "per_time": 60,
        "prepaid": 2000,
        "time": "11:00-24:00",
        "unit": 1
      }
    ],
    "reserve_order": null,
    "slave": {
      "id": "00000000-0000-0000-0000-000000000000",
      "created_at": "0001-01-01T00:00:00Z",
      "updated_at": "0001-01-01T00:00:00Z",
      "online": false,
      "fictitious": 0,
      "mac": "",
      "name": "",
      "type": 0,
      "server": "",
      "version": "",
      "online_at": "0001-01-01T00:00:00Z",
      "disconnect_at": "0001-01-01T00:00:00Z",
      "is_slave": false,
      "main": false,
      "node_id": "",
      "node": null
    },
    "status": 1,
    "sub_type": "",
    "table_order": null,
    "type": 1
  },
  {
    "address": "A03",
    "area_no": "",
    "device": {
      "id": "3cfe1982-7454-41da-b1ee-8aab69441812",
      "created_at": "2023-06-17T16:42:16.784783+08:00",
      "updated_at": "2023-07-18T10:01:11.638502+08:00",
      "online": false,
      "fictitious": 1,
      "mac": "dc:bd:cc:25:2c:51",
      "name": "t69913367115",
      "type": 1,
      "server": "broker1",
      "version": "0.0.63",
      "online_at": "2023-06-28T14:35:21.352827+08:00",
      "disconnect_at": "2023-06-28T14:39:51.355398+08:00",
      "is_slave": false,
      "main": true,
      "node_id": "147d3530-6554-46c0-8328-ade36345e29f",
      "node": null
    },
    "id": "dfbede7c-0116-45c1-976a-4ecd1b8ddb0c",
    "manager_order": null,
    "name": "t96458143965",
    "pay_rule": {
      "deposit": 6000,
      "low_money": 0,
      "per_money": 2800,
      "per_time": 60,
      "prepaid": 2000,
      "time": "11:00-24:00",
      "unit": 1
    },
    "pay_rules": [
      {
        "deposit": 6000,
        "low_money": 0,
        "per_money": 2000,
        "per_time": 60,
        "prepaid": 2000,
        "time": "00:00-11:00",
        "unit": 1
      },
      {
        "deposit": 6000,
        "low_money": 0,
        "per_money": 2800,
        "per_time": 60,
        "prepaid": 2000,
        "time": "11:00-24:00",
        "unit": 1
      }
    ],
    "reserve_order": null,
    "slave": {
      "id": "00000000-0000-0000-0000-000000000000",
      "created_at": "0001-01-01T00:00:00Z",
      "updated_at": "0001-01-01T00:00:00Z",
      "online": false,
      "fictitious": 0,
      "mac": "",
      "name": "",
      "type": 0,
      "server": "",
      "version": "",
      "online_at": "0001-01-01T00:00:00Z",
      "disconnect_at": "0001-01-01T00:00:00Z",
      "is_slave": false,
      "main": false,
      "node_id": "",
      "node": null
    },
    "status": 1,
    "sub_type": "",
    "table_order": null,
    "type": 1
  },
  {
    "address": "A04",
    "area_no": "",
    "device": {
      "id": "3cfe1982-7454-41da-b1ee-8aab69441812",
      "created_at": "2023-06-17T16:42:16.784783+08:00",
      "updated_at": "2023-07-18T10:01:11.638502+08:00",
      "online": false,
      "fictitious": 1,
      "mac": "dc:bd:cc:25:2c:51",
      "name": "t69913367115",
      "type": 1,
      "server": "broker1",
      "version": "0.0.63",
      "online_at": "2023-06-28T14:35:21.352827+08:00",
      "disconnect_at": "2023-06-28T14:39:51.355398+08:00",
      "is_slave": false,
      "main": true,
      "node_id": "147d3530-6554-46c0-8328-ade36345e29f",
      "node": null
    },
    "id": "4fd7e538-6cb9-4315-952d-87794eecfe17",
    "manager_order": null,
    "name": "t96458256371",
    "pay_rule": {
      "deposit": 6000,
      "low_money": 0,
      "per_money": 2800,
      "per_time": 60,
      "prepaid": 2000,
      "time": "11:00-24:00",
      "unit": 1
    },
    "pay_rules": [
      {
        "deposit": 6000,
        "low_money": 0,
        "per_money": 2000,
        "per_time": 60,
        "prepaid": 2000,
        "time": "00:00-11:00",
        "unit": 1
      },
      {
        "deposit": 6000,
        "low_money": 0,
        "per_money": 2800,
        "per_time": 60,
        "prepaid": 2000,
        "time": "11:00-24:00",
        "unit": 1
      }
    ],
    "reserve_order": null,
    "slave": {
      "id": "00000000-0000-0000-0000-000000000000",
      "created_at": "0001-01-01T00:00:00Z",
      "updated_at": "0001-01-01T00:00:00Z",
      "online": false,
      "fictitious": 0,
      "mac": "",
      "name": "",
      "type": 0,
      "server": "",
      "version": "",
      "online_at": "0001-01-01T00:00:00Z",
      "disconnect_at": "0001-01-01T00:00:00Z",
      "is_slave": false,
      "main": false,
      "node_id": "",
      "node": null
    },
    "status": 1,
    "sub_type": "",
    "table_order": null,
    "type": 1
  },
  {
    "address": "Q01",
    "area_no": "",
    "device": {
      "id": "3cfe1982-7454-41da-b1ee-8aab69441812",
      "created_at": "2023-06-17T16:42:16.784783+08:00",
      "updated_at": "2023-07-18T10:01:11.638502+08:00",
      "online": false,
      "fictitious": 1,
      "mac": "dc:bd:cc:25:2c:51",
      "name": "t69913367115",
      "type": 1,
      "server": "broker1",
      "version": "0.0.63",
      "online_at": "2023-06-28T14:35:21.352827+08:00",
      "disconnect_at": "2023-06-28T14:39:51.355398+08:00",
      "is_slave": false,
      "main": true,
      "node_id": "147d3530-6554-46c0-8328-ade36345e29f",
      "node": null
    },
    "id": "a6e080af-b906-48be-b92e-f271464806cd",
    "manager_order": null,
    "name": "t96458741873",
    "pay_rule": {
      "deposit": 6000,
      "low_money": 0,
      "per_money": 2800,
      "per_time": 60,
      "prepaid": 2000,
      "time": "11:00-24:00",
      "unit": 1
    },
    "pay_rules": [
      {
        "deposit": 6000,
        "low_money": 0,
        "per_money": 2000,
        "per_time": 60,
        "prepaid": 2000,
        "time": "00:00-11:00",
        "unit": 1
      },
      {
        "deposit": 6000,
        "low_money": 0,
        "per_money": 2800,
        "per_time": 60,
        "prepaid": 2000,
        "time": "11:00-24:00",
        "unit": 1
      }
    ],
    "reserve_order": null,
    "slave": {
      "id": "00000000-0000-0000-0000-000000000000",
      "created_at": "0001-01-01T00:00:00Z",
      "updated_at": "0001-01-01T00:00:00Z",
      "online": false,
      "fictitious": 0,
      "mac": "",
      "name": "",
      "type": 0,
      "server": "",
      "version": "",
      "online_at": "0001-01-01T00:00:00Z",
      "disconnect_at": "0001-01-01T00:00:00Z",
      "is_slave": false,
      "main": false,
      "node_id": "",
      "node": null
    },
    "status": 1,
    "sub_type": "",
    "table_order": null,
    "type": 3
  },
  {
    "address": "Q02",
    "area_no": "",
    "device": {
      "id": "3cfe1982-7454-41da-b1ee-8aab69441812",
      "created_at": "2023-06-17T16:42:16.784783+08:00",
      "updated_at": "2023-07-18T10:01:11.638502+08:00",
      "online": false,
      "fictitious": 1,
      "mac": "dc:bd:cc:25:2c:51",
      "name": "t69913367115",
      "type": 1,
      "server": "broker1",
      "version": "0.0.63",
      "online_at": "2023-06-28T14:35:21.352827+08:00",
      "disconnect_at": "2023-06-28T14:39:51.355398+08:00",
      "is_slave": false,
      "main": true,
      "node_id": "147d3530-6554-46c0-8328-ade36345e29f",
      "node": null
    },
    "id": "a7a2da26-6690-4c83-87d0-2758a1bd8141",
    "manager_order": null,
    "name": "t96458863153",
    "pay_rule": {
      "deposit": 6000,
      "low_money": 0,
      "per_money": 2800,
      "per_time": 60,
      "prepaid": 2000,
      "time": "11:00-24:00",
      "unit": 1
    },
    "pay_rules": [
      {
        "deposit": 6000,
        "low_money": 0,
        "per_money": 2000,
        "per_time": 60,
        "prepaid": 2000,
        "time": "00:00-11:00",
        "unit": 1
      },
      {
        "deposit": 6000,
        "low_money": 0,
        "per_money": 2800,
        "per_time": 60,
        "prepaid": 2000,
        "time": "11:00-24:00",
        "unit": 1
      }
    ],
    "reserve_order": null,
    "slave": {
      "id": "00000000-0000-0000-0000-000000000000",
      "created_at": "0001-01-01T00:00:00Z",
      "updated_at": "0001-01-01T00:00:00Z",
      "online": false,
      "fictitious": 0,
      "mac": "",
      "name": "",
      "type": 0,
      "server": "",
      "version": "",
      "online_at": "0001-01-01T00:00:00Z",
      "disconnect_at": "0001-01-01T00:00:00Z",
      "is_slave": false,
      "main": false,
      "node_id": "",
      "node": null
    },
    "status": 1,
    "sub_type": "",
    "table_order": null,
    "type": 3
  },
  {
    "address": "Q03",
    "area_no": "",
    "device": {
      "id": "3cfe1982-7454-41da-b1ee-8aab69441812",
      "created_at": "2023-06-17T16:42:16.784783+08:00",
      "updated_at": "2023-07-18T10:01:11.638502+08:00",
      "online": false,
      "fictitious": 1,
      "mac": "dc:bd:cc:25:2c:51",
      "name": "t69913367115",
      "type": 1,
      "server": "broker1",
      "version": "0.0.63",
      "online_at": "2023-06-28T14:35:21.352827+08:00",
      "disconnect_at": "2023-06-28T14:39:51.355398+08:00",
      "is_slave": false,
      "main": true,
      "node_id": "147d3530-6554-46c0-8328-ade36345e29f",
      "node": null
    },
    "id": "302bdf97-139a-4261-bfca-ba7ddc733fd1",
    "manager_order": null,
    "name": "t96459005084",
    "pay_rule": {
      "deposit": 6000,
      "low_money": 0,
      "per_money": 2800,
      "per_time": 60,
      "prepaid": 2000,
      "time": "11:00-24:00",
      "unit": 1
    },
    "pay_rules": [
      {
        "deposit": 6000,
        "low_money": 0,
        "per_money": 2000,
        "per_time": 60,
        "prepaid": 2000,
        "time": "00:00-11:00",
        "unit": 1
      },
      {
        "deposit": 6000,
        "low_money": 0,
        "per_money": 2800,
        "per_time": 60,
        "prepaid": 2000,
        "time": "11:00-24:00",
        "unit": 1
      }
    ],
    "reserve_order": null,
    "slave": {
      "id": "00000000-0000-0000-0000-000000000000",
      "created_at": "0001-01-01T00:00:00Z",
      "updated_at": "0001-01-01T00:00:00Z",
      "online": false,
      "fictitious": 0,
      "mac": "",
      "name": "",
      "type": 0,
      "server": "",
      "version": "",
      "online_at": "0001-01-01T00:00:00Z",
      "disconnect_at": "0001-01-01T00:00:00Z",
      "is_slave": false,
      "main": false,
      "node_id": "",
      "node": null
    },
    "status": 1,
    "sub_type": "",
    "table_order": null,
    "type": 3
  },
  {
    "address": "Q04",
    "area_no": "",
    "device": {
      "id": "3cfe1982-7454-41da-b1ee-8aab69441812",
      "created_at": "2023-06-17T16:42:16.784783+08:00",
      "updated_at": "2023-07-18T10:01:11.638502+08:00",
      "online": false,
      "fictitious": 1,
      "mac": "dc:bd:cc:25:2c:51",
      "name": "t69913367115",
      "type": 1,
      "server": "broker1",
      "version": "0.0.63",
      "online_at": "2023-06-28T14:35:21.352827+08:00",
      "disconnect_at": "2023-06-28T14:39:51.355398+08:00",
      "is_slave": false,
      "main": true,
      "node_id": "147d3530-6554-46c0-8328-ade36345e29f",
      "node": null
    },
    "id": "fcfe1c92-26bd-4a78-8a81-bfcf45873ede",
    "manager_order": null,
    "name": "t96459182942",
    "pay_rule": {
      "deposit": 6000,
      "low_money": 0,
      "per_money": 2800,
      "per_time": 60,
      "prepaid": 2000,
      "time": "11:00-24:00",
      "unit": 1
    },
    "pay_rules": [
      {
        "deposit": 6000,
        "low_money": 0,
        "per_money": 2000,
        "per_time": 60,
        "prepaid": 2000,
        "time": "00:00-11:00",
        "unit": 1
      },
      {
        "deposit": 6000,
        "low_money": 0,
        "per_money": 2800,
        "per_time": 60,
        "prepaid": 2000,
        "time": "11:00-24:00",
        "unit": 1
      }
    ],
    "reserve_order": null,
    "slave": {
      "id": "00000000-0000-0000-0000-000000000000",
      "created_at": "0001-01-01T00:00:00Z",
      "updated_at": "0001-01-01T00:00:00Z",
      "online": false,
      "fictitious": 0,
      "mac": "",
      "name": "",
      "type": 0,
      "server": "",
      "version": "",
      "online_at": "0001-01-01T00:00:00Z",
      "disconnect_at": "0001-01-01T00:00:00Z",
      "is_slave": false,
      "main": false,
      "node_id": "",
      "node": null
    },
    "status": 1,
    "sub_type": "",
    "table_order": null,
    "type": 3
  },
  {
    "address": "Q05",
    "area_no": "",
    "device": {
      "id": "3cfe1982-7454-41da-b1ee-8aab69441812",
      "created_at": "2023-06-17T16:42:16.784783+08:00",
      "updated_at": "2023-07-18T10:01:11.638502+08:00",
      "online": false,
      "fictitious": 1,
      "mac": "dc:bd:cc:25:2c:51",
      "name": "t69913367115",
      "type": 1,
      "server": "broker1",
      "version": "0.0.63",
      "online_at": "2023-06-28T14:35:21.352827+08:00",
      "disconnect_at": "2023-06-28T14:39:51.355398+08:00",
      "is_slave": false,
      "main": true,
      "node_id": "147d3530-6554-46c0-8328-ade36345e29f",
      "node": null
    },
    "id": "1ee7db74-867e-45f9-bc1c-c055930dedff",
    "manager_order": null,
    "name": "t96459330209",
    "pay_rule": {
      "deposit": 6000,
      "low_money": 0,
      "per_money": 2800,
      "per_time": 60,
      "prepaid": 2000,
      "time": "11:00-24:00",
      "unit": 1
    },
    "pay_rules": [
      {
        "deposit": 6000,
        "low_money": 0,
        "per_money": 2000,
        "per_time": 60,
        "prepaid": 2000,
        "time": "00:00-11:00",
        "unit": 1
      },
      {
        "deposit": 6000,
        "low_money": 0,
        "per_money": 2800,
        "per_time": 60,
        "prepaid": 2000,
        "time": "11:00-24:00",
        "unit": 1
      }
    ],
    "reserve_order": null,
    "slave": {
      "id": "00000000-0000-0000-0000-000000000000",
      "created_at": "0001-01-01T00:00:00Z",
      "updated_at": "0001-01-01T00:00:00Z",
      "online": false,
      "fictitious": 0,
      "mac": "",
      "name": "",
      "type": 0,
      "server": "",
      "version": "",
      "online_at": "0001-01-01T00:00:00Z",
      "disconnect_at": "0001-01-01T00:00:00Z",
      "is_slave": false,
      "main": false,
      "node_id": "",
      "node": null
    },
    "status": 1,
    "sub_type": "",
    "table_order": null,
    "type": 3
  },
  {
    "address": "Q06",
    "area_no": "",
    "device": {
      "id": "3cfe1982-7454-41da-b1ee-8aab69441812",
      "created_at": "2023-06-17T16:42:16.784783+08:00",
      "updated_at": "2023-07-18T10:01:11.638502+08:00",
      "online": false,
      "fictitious": 1,
      "mac": "dc:bd:cc:25:2c:51",
      "name": "t69913367115",
      "type": 1,
      "server": "broker1",
      "version": "0.0.63",
      "online_at": "2023-06-28T14:35:21.352827+08:00",
      "disconnect_at": "2023-06-28T14:39:51.355398+08:00",
      "is_slave": false,
      "main": true,
      "node_id": "147d3530-6554-46c0-8328-ade36345e29f",
      "node": null
    },
    "id": "81db6a3a-fef9-40df-af8d-5c88f234e675",
    "manager_order": null,
    "name": "t96461196126",
    "pay_rule": {
      "deposit": 6000,
      "low_money": 0,
      "per_money": 2800,
      "per_time": 60,
      "prepaid": 2000,
      "time": "11:00-24:00",
      "unit": 1
    },
    "pay_rules": [
      {
        "deposit": 6000,
        "low_money": 0,
        "per_money": 2000,
        "per_time": 60,
        "prepaid": 2000,
        "time": "00:00-11:00",
        "unit": 1
      },
      {
        "deposit": 6000,
        "low_money": 0,
        "per_money": 2800,
        "per_time": 60,
        "prepaid": 2000,
        "time": "11:00-24:00",
        "unit": 1
      }
    ],
    "reserve_order": null,
    "slave": {
      "id": "00000000-0000-0000-0000-000000000000",
      "created_at": "0001-01-01T00:00:00Z",
      "updated_at": "0001-01-01T00:00:00Z",
      "online": false,
      "fictitious": 0,
      "mac": "",
      "name": "",
      "type": 0,
      "server": "",
      "version": "",
      "online_at": "0001-01-01T00:00:00Z",
      "disconnect_at": "0001-01-01T00:00:00Z",
      "is_slave": false,
      "main": false,
      "node_id": "",
      "node": null
    },
    "status": 1,
    "sub_type": "",
    "table_order": null,
    "type": 3
  },
  {
    "address": "Q07",
    "area_no": "",
    "device": {
      "id": "3cfe1982-7454-41da-b1ee-8aab69441812",
      "created_at": "2023-06-17T16:42:16.784783+08:00",
      "updated_at": "2023-07-18T10:01:11.638502+08:00",
      "online": false,
      "fictitious": 1,
      "mac": "dc:bd:cc:25:2c:51",
      "name": "t69913367115",
      "type": 1,
      "server": "broker1",
      "version": "0.0.63",
      "online_at": "2023-06-28T14:35:21.352827+08:00",
      "disconnect_at": "2023-06-28T14:39:51.355398+08:00",
      "is_slave": false,
      "main": true,
      "node_id": "147d3530-6554-46c0-8328-ade36345e29f",
      "node": null
    },
    "id": "53d86d66-ccef-4454-8844-ed705ae2c192",
    "manager_order": null,
    "name": "t96461408410",
    "pay_rule": {
      "deposit": 6000,
      "low_money": 0,
      "per_money": 2800,
      "per_time": 60,
      "prepaid": 2000,
      "time": "11:00-24:00",
      "unit": 1
    },
    "pay_rules": [
      {
        "deposit": 6000,
        "low_money": 0,
        "per_money": 2000,
        "per_time": 60,
        "prepaid": 2000,
        "time": "00:00-11:00",
        "unit": 1
      },
      {
        "deposit": 6000,
        "low_money": 0,
        "per_money": 2800,
        "per_time": 60,
        "prepaid": 2000,
        "time": "11:00-24:00",
        "unit": 1
      }
    ],
    "reserve_order": null,
    "slave": {
      "id": "00000000-0000-0000-0000-000000000000",
      "created_at": "0001-01-01T00:00:00Z",
      "updated_at": "0001-01-01T00:00:00Z",
      "online": false,
      "fictitious": 0,
      "mac": "",
      "name": "",
      "type": 0,
      "server": "",
      "version": "",
      "online_at": "0001-01-01T00:00:00Z",
      "disconnect_at": "0001-01-01T00:00:00Z",
      "is_slave": false,
      "main": false,
      "node_id": "",
      "node": null
    },
    "status": 1,
    "sub_type": "",
    "table_order": null,
    "type": 3
  },
  {
    "address": "Q08",
    "area_no": "",
    "device": {
      "id": "3cfe1982-7454-41da-b1ee-8aab69441812",
      "created_at": "2023-06-17T16:42:16.784783+08:00",
      "updated_at": "2023-07-18T10:01:11.638502+08:00",
      "online": false,
      "fictitious": 1,
      "mac": "dc:bd:cc:25:2c:51",
      "name": "t69913367115",
      "type": 1,
      "server": "broker1",
      "version": "0.0.63",
      "online_at": "2023-06-28T14:35:21.352827+08:00",
      "disconnect_at": "2023-06-28T14:39:51.355398+08:00",
      "is_slave": false,
      "main": true,
      "node_id": "147d3530-6554-46c0-8328-ade36345e29f",
      "node": null
    },
    "id": "060c4356-ff60-438c-a616-eccc54a215e2",
    "manager_order": null,
    "name": "t96461604643",
    "pay_rule": {
      "deposit": 6000,
      "low_money": 0,
      "per_money": 2800,
      "per_time": 60,
      "prepaid": 2000,
      "time": "11:00-24:00",
      "unit": 1
    },
    "pay_rules": [
      {
        "deposit": 6000,
        "low_money": 0,
        "per_money": 2000,
        "per_time": 60,
        "prepaid": 2000,
        "time": "00:00-11:00",
        "unit": 1
      },
      {
        "deposit": 6000,
        "low_money": 0,
        "per_money": 2800,
        "per_time": 60,
        "prepaid": 2000,
        "time": "11:00-24:00",
        "unit": 1
      }
    ],
    "reserve_order": null,
    "slave": {
      "id": "00000000-0000-0000-0000-000000000000",
      "created_at": "0001-01-01T00:00:00Z",
      "updated_at": "0001-01-01T00:00:00Z",
      "online": false,
      "fictitious": 0,
      "mac": "",
      "name": "",
      "type": 0,
      "server": "",
      "version": "",
      "online_at": "0001-01-01T00:00:00Z",
      "disconnect_at": "0001-01-01T00:00:00Z",
      "is_slave": false,
      "main": false,
      "node_id": "",
      "node": null
    },
    "status": 1,
    "sub_type": "",
    "table_order": null,
    "type": 3
  },
  {
    "address": "Q09",
    "area_no": "",
    "device": {
      "id": "3cfe1982-7454-41da-b1ee-8aab69441812",
      "created_at": "2023-06-17T16:42:16.784783+08:00",
      "updated_at": "2023-07-18T10:01:11.638502+08:00",
      "online": false,
      "fictitious": 1,
      "mac": "dc:bd:cc:25:2c:51",
      "name": "t69913367115",
      "type": 1,
      "server": "broker1",
      "version": "0.0.63",
      "online_at": "2023-06-28T14:35:21.352827+08:00",
      "disconnect_at": "2023-06-28T14:39:51.355398+08:00",
      "is_slave": false,
      "main": true,
      "node_id": "147d3530-6554-46c0-8328-ade36345e29f",
      "node": null
    },
    "id": "8005d68f-4277-4f2f-af9a-b2c68fc998f7",
    "manager_order": null,
    "name": "t96461698109",
    "pay_rule": {
      "deposit": 6000,
      "low_money": 0,
      "per_money": 2800,
      "per_time": 60,
      "prepaid": 2000,
      "time": "11:00-24:00",
      "unit": 1
    },
    "pay_rules": [
      {
        "deposit": 6000,
        "low_money": 0,
        "per_money": 2000,
        "per_time": 60,
        "prepaid": 2000,
        "time": "00:00-11:00",
        "unit": 1
      },
      {
        "deposit": 6000,
        "low_money": 0,
        "per_money": 2800,
        "per_time": 60,
        "prepaid": 2000,
        "time": "11:00-24:00",
        "unit": 1
      }
    ],
    "reserve_order": null,
    "slave": {
      "id": "00000000-0000-0000-0000-000000000000",
      "created_at": "0001-01-01T00:00:00Z",
      "updated_at": "0001-01-01T00:00:00Z",
      "online": false,
      "fictitious": 0,
      "mac": "",
      "name": "",
      "type": 0,
      "server": "",
      "version": "",
      "online_at": "0001-01-01T00:00:00Z",
      "disconnect_at": "0001-01-01T00:00:00Z",
      "is_slave": false,
      "main": false,
      "node_id": "",
      "node": null
    },
    "status": 1,
    "sub_type": "",
    "table_order": null,
    "type": 3
  }
]